// +build amd64


package sse

var _text_get_by_path = []byte{
	
	
	0x2c, 0x2c, 0x2c, 0x2c, 0x2c, 0x2c, 0x2c, 0x2c, 0x2c, 0x2c, 0x2c, 0x2c, 0x2c, 0x2c, 0x2c, 0x2c, 
	
	0xdf, 0xdf, 0xdf, 0xdf, 0xdf, 0xdf, 0xdf, 0xdf, 0xdf, 0xdf, 0xdf, 0xdf, 0xdf, 0xdf, 0xdf, 0xdf, 
	
	0x5d, 0x5d, 0x5d, 0x5d, 0x5d, 0x5d, 0x5d, 0x5d, 0x5d, 0x5d, 0x5d, 0x5d, 0x5d, 0x5d, 0x5d, 0x5d, 
	
	0x22, 0x22, 0x22, 0x22, 0x22, 0x22, 0x22, 0x22, 0x22, 0x22, 0x22, 0x22, 0x22, 0x22, 0x22, 0x22, 
	
	0x5c, 0x5c, 0x5c, 0x5c, 0x5c, 0x5c, 0x5c, 0x5c, 0x5c, 0x5c, 0x5c, 0x5c, 0x5c, 0x5c, 0x5c, 0x5c, 
	
	0x7b, 0x7b, 0x7b, 0x7b, 0x7b, 0x7b, 0x7b, 0x7b, 0x7b, 0x7b, 0x7b, 0x7b, 0x7b, 0x7b, 0x7b, 0x7b, 
	
	0x7d, 0x7d, 0x7d, 0x7d, 0x7d, 0x7d, 0x7d, 0x7d, 0x7d, 0x7d, 0x7d, 0x7d, 0x7d, 0x7d, 0x7d, 0x7d, 
	
	0x5b, 0x5b, 0x5b, 0x5b, 0x5b, 0x5b, 0x5b, 0x5b, 0x5b, 0x5b, 0x5b, 0x5b, 0x5b, 0x5b, 0x5b, 0x5b, 
	
	0x01, 0x00, 0x00, 0x00, 0x00, 0x00, 0x00, 0x00, 
	0x00, 0x00, 0x00, 0x00, 0x00, 0x00, 0x00, 0x00, 
	
	0x2f, 0x2f, 0x2f, 0x2f, 0x2f, 0x2f, 0x2f, 0x2f, 0x2f, 0x2f, 0x2f, 0x2f, 0x2f, 0x2f, 0x2f, 0x2f, 
	
	0x3a, 0x3a, 0x3a, 0x3a, 0x3a, 0x3a, 0x3a, 0x3a, 0x3a, 0x3a, 0x3a, 0x3a, 0x3a, 0x3a, 0x3a, 0x3a, 
	
	0x2b, 0x2b, 0x2b, 0x2b, 0x2b, 0x2b, 0x2b, 0x2b, 0x2b, 0x2b, 0x2b, 0x2b, 0x2b, 0x2b, 0x2b, 0x2b, 
	
	0x2d, 0x2d, 0x2d, 0x2d, 0x2d, 0x2d, 0x2d, 0x2d, 0x2d, 0x2d, 0x2d, 0x2d, 0x2d, 0x2d, 0x2d, 0x2d, 
	
	0x2e, 0x2e, 0x2e, 0x2e, 0x2e, 0x2e, 0x2e, 0x2e, 0x2e, 0x2e, 0x2e, 0x2e, 0x2e, 0x2e, 0x2e, 0x2e, 
	
	0x45, 0x45, 0x45, 0x45, 0x45, 0x45, 0x45, 0x45, 0x45, 0x45, 0x45, 0x45, 0x45, 0x45, 0x45, 0x45, 
	
	
	0x55, 
	0x48, 0x89, 0xe5, 
	0x41, 0x57, 
	0x41, 0x56, 
	0x41, 0x55, 
	0x41, 0x54, 
	0x53, 
	0x48, 0x81, 0xec, 0xa8, 0x00, 0x00, 0x00, 
	0x49, 0x89, 0xc9, 
	0x49, 0x89, 0xf0, 
	0x49, 0x89, 0xfc, 
	0x48, 0x8b, 0x42, 0x08, 
	0x4c, 0x8d, 0x7f, 0x08, 
	0x48, 0x85, 0xc0, 
	0x48, 0x89, 0x75, 0xc8, 
	0x4c, 0x89, 0x7d, 0xc0, 
	0x48, 0x89, 0x4d, 0x98, 
	0x0f, 0x84, 0xce, 0x2c, 0x00, 0x00, 
	0x4c, 0x8b, 0x1a, 
	0x48, 0xc1, 0xe0, 0x04, 
	0x4c, 0x01, 0xd8, 
	0x48, 0x89, 0x85, 0x38, 0xff, 0xff, 0xff, 
	0x4d, 0x8b, 0x2c, 0x24, 
	0x49, 0x8b, 0x00, 
	0xf3, 0x0f, 0x6f, 0x05, 0xe6, 0xfe, 0xff, 0xff, 
	0xf3, 0x0f, 0x6f, 0x0d, 0xee, 0xfe, 0xff, 0xff, 
	0xf3, 0x44, 0x0f, 0x6f, 0x2d, 0xa5, 0xfe, 0xff, 0xff, 
	0xf3, 0x44, 0x0f, 0x6f, 0x35, 0xac, 0xfe, 0xff, 0xff, 
	0xf3, 0x0f, 0x6f, 0x25, 0xb4, 0xfe, 0xff, 0xff, 
	0x66, 0x45, 0x0f, 0x76, 0xc9, 
	0xf3, 0x44, 0x0f, 0x6f, 0x15, 0xf6, 0xfe, 0xff, 0xff, 
	0x66, 0x45, 0x0f, 0xef, 0xc0, 
	0xf3, 0x44, 0x0f, 0x6f, 0x1d, 0xc8, 0xfe, 0xff, 0xff, 
	0xf3, 0x44, 0x0f, 0x6f, 0x25, 0xcf, 0xfe, 0xff, 0xff, 
	0x4c, 0x89, 0x65, 0xb0, 
	
	0x49, 0x8b, 0x0f, 
	0x48, 0x39, 0xc8, 
	0x0f, 0x83, 0x2f, 0x00, 0x00, 0x00, 
	0x41, 0x8a, 0x54, 0x05, 0x00, 
	0x80, 0xfa, 0x0d, 
	0x0f, 0x84, 0x21, 0x00, 0x00, 0x00, 
	0x80, 0xfa, 0x20, 
	0x0f, 0x84, 0x18, 0x00, 0x00, 0x00, 
	0x80, 0xc2, 0xf7, 
	0x80, 0xfa, 0x01, 
	0x0f, 0x86, 0x0c, 0x00, 0x00, 0x00, 
	0x48, 0x89, 0xc2, 
	0xe9, 0x2c, 0x01, 0x00, 0x00, 
	0x90, 0x90, 0x90, 0x90, 
	
	0x48, 0x8d, 0x50, 0x01, 
	0x48, 0x39, 0xca, 
	0x0f, 0x83, 0x23, 0x00, 0x00, 0x00, 
	0x41, 0x8a, 0x5c, 0x15, 0x00, 
	0x80, 0xfb, 0x0d, 
	0x0f, 0x84, 0x15, 0x00, 0x00, 0x00, 
	0x80, 0xfb, 0x20, 
	0x0f, 0x84, 0x0c, 0x00, 0x00, 0x00, 
	0x80, 0xc3, 0xf7, 
	0x80, 0xfb, 0x01, 
	0x0f, 0x87, 0xf8, 0x00, 0x00, 0x00, 
	
	
	0x48, 0x8d, 0x50, 0x02, 
	0x48, 0x39, 0xca, 
	0x0f, 0x83, 0x23, 0x00, 0x00, 0x00, 
	0x41, 0x8a, 0x5c, 0x15, 0x00, 
	0x80, 0xfb, 0x0d, 
	0x0f, 0x84, 0x15, 0x00, 0x00, 0x00, 
	0x80, 0xfb, 0x20, 
	0x0f, 0x84, 0x0c, 0x00, 0x00, 0x00, 
	0x80, 0xc3, 0xf7, 
	0x80, 0xfb, 0x01, 
	0x0f, 0x87, 0xc8, 0x00, 0x00, 0x00, 
	
	
	0x48, 0x8d, 0x50, 0x03, 
	0x48, 0x39, 0xca, 
	0x0f, 0x83, 0x23, 0x00, 0x00, 0x00, 
	0x41, 0x8a, 0x5c, 0x15, 0x00, 
	0x80, 0xfb, 0x0d, 
	0x0f, 0x84, 0x15, 0x00, 0x00, 0x00, 
	0x80, 0xfb, 0x20, 
	0x0f, 0x84, 0x0c, 0x00, 0x00, 0x00, 
	0x80, 0xc3, 0xf7, 
	0x80, 0xfb, 0x01, 
	0x0f, 0x87, 0x98, 0x00, 0x00, 0x00, 
	
	
	0x4c, 0x8d, 0x50, 0x04, 
	0x4c, 0x39, 0xd1, 
	0x0f, 0x86, 0x53, 0x00, 0x00, 0x00, 
	0x4c, 0x39, 0xd1, 
	0x0f, 0x84, 0x6a, 0x00, 0x00, 0x00, 
	0x4a, 0x8d, 0x14, 0x29, 
	0x48, 0xbf, 0x00, 0x26, 0x00, 0x00, 0x01, 0x00, 0x00, 0x00, 
	0x90, 0x90, 0x90, 0x90, 0x90, 0x90, 0x90, 0x90, 0x90, 0x90, 0x90, 0x90, 
	
	0x43, 0x0f, 0xbe, 0x74, 0x15, 0x00, 
	0x83, 0xfe, 0x20, 
	0x0f, 0x87, 0x4d, 0x00, 0x00, 0x00, 
	0x48, 0x0f, 0xa3, 0xf7, 
	0x0f, 0x83, 0x43, 0x00, 0x00, 0x00, 
	0x49, 0x83, 0xc2, 0x01, 
	0x4c, 0x39, 0xd1, 
	0x0f, 0x85, 0xda, 0xff, 0xff, 0xff, 
	0xe9, 0x2b, 0x00, 0x00, 0x00, 
	0x90, 0x90, 0x90, 0x90, 0x90, 
	
	0x4d, 0x89, 0x10, 
	0x31, 0xc9, 
	0x49, 0x8b, 0x03, 
	0x48, 0x85, 0xc0, 
	0x49, 0xb9, 0x00, 0x26, 0x00, 0x00, 0x01, 0x00, 0x00, 0x00, 
	0x0f, 0x85, 0x65, 0x00, 0x00, 0x00, 
	0xe9, 0x23, 0x43, 0x00, 0x00, 
	
	0x4d, 0x01, 0xea, 
	0x4c, 0x89, 0xd2, 
	
	0x4c, 0x29, 0xea, 
	0x49, 0x89, 0xd2, 
	
	0x4c, 0x89, 0xd2, 
	0x49, 0x39, 0xca, 
	0x0f, 0x83, 0x27, 0x00, 0x00, 0x00, 
	
	0x4c, 0x8d, 0x52, 0x01, 
	0x4d, 0x89, 0x10, 
	0x41, 0x8a, 0x4c, 0x15, 0x00, 
	0x49, 0x8b, 0x03, 
	0x48, 0x85, 0xc0, 
	0x49, 0xb9, 0x00, 0x26, 0x00, 0x00, 0x01, 0x00, 0x00, 0x00, 
	0x0f, 0x85, 0x26, 0x00, 0x00, 0x00, 
	0xe9, 0xe4, 0x42, 0x00, 0x00, 
	
	0x31, 0xc9, 
	0x49, 0x89, 0xc2, 
	0x49, 0x8b, 0x03, 
	0x48, 0x85, 0xc0, 
	0x49, 0xb9, 0x00, 0x26, 0x00, 0x00, 0x01, 0x00, 0x00, 0x00, 
	0x0f, 0x84, 0xc9, 0x42, 0x00, 0x00, 
	0x90, 0x90, 0x90, 0x90, 0x90, 0x90, 
	
	0x8a, 0x40, 0x17, 
	0x24, 0x1f, 
	0x3c, 0x02, 
	0x0f, 0x84, 0x93, 0x1a, 0x00, 0x00, 
	0x3c, 0x18, 
	0x0f, 0x85, 0xae, 0x42, 0x00, 0x00, 
	0x80, 0xf9, 0x7b, 
	0x4c, 0x89, 0x5d, 0xa8, 
	0x0f, 0x85, 0xe1, 0x42, 0x00, 0x00, 
	
	0x49, 0x8b, 0x0f, 
	0x49, 0x39, 0xca, 
	0x0f, 0x83, 0x32, 0x00, 0x00, 0x00, 
	0x43, 0x8a, 0x44, 0x15, 0x00, 
	0x3c, 0x0d, 
	0x0f, 0x84, 0x25, 0x00, 0x00, 0x00, 
	0x3c, 0x20, 
	0x0f, 0x84, 0x1d, 0x00, 0x00, 0x00, 
	0x04, 0xf7, 
	0x3c, 0x01, 
	0x0f, 0x86, 0x13, 0x00, 0x00, 0x00, 
	0x4c, 0x89, 0xd0, 
	0xe9, 0x00, 0x01, 0x00, 0x00, 
	0x90, 0x90, 0x90, 0x90, 0x90, 0x90, 0x90, 0x90, 0x90, 0x90, 0x90, 
	
	0x49, 0x8d, 0x42, 0x01, 
	0x48, 0x39, 0xc8, 
	0x0f, 0x83, 0x23, 0x00, 0x00, 0x00, 
	0x41, 0x8a, 0x54, 0x05, 0x00, 
	0x80, 0xfa, 0x0d, 
	0x0f, 0x84, 0x15, 0x00, 0x00, 0x00, 
	0x80, 0xfa, 0x20, 
	0x0f, 0x84, 0x0c, 0x00, 0x00, 0x00, 
	0x80, 0xc2, 0xf7, 
	0x80, 0xfa, 0x01, 
	0x0f, 0x87, 0xc5, 0x00, 0x00, 0x00, 
	
	
	0x49, 0x8d, 0x42, 0x02, 
	0x48, 0x39, 0xc8, 
	0x0f, 0x83, 0x23, 0x00, 0x00, 0x00, 
	0x41, 0x8a, 0x54, 0x05, 0x00, 
	0x80, 0xfa, 0x0d, 
	0x0f, 0x84, 0x15, 0x00, 0x00, 0x00, 
	0x80, 0xfa, 0x20, 
	0x0f, 0x84, 0x0c, 0x00, 0x00, 0x00, 
	0x80, 0xc2, 0xf7, 
	0x80, 0xfa, 0x01, 
	0x0f, 0x87, 0x95, 0x00, 0x00, 0x00, 
	
	
	0x49, 0x8d, 0x42, 0x03, 
	0x48, 0x39, 0xc8, 
	0x0f, 0x83, 0x23, 0x00, 0x00, 0x00, 
	0x41, 0x8a, 0x54, 0x05, 0x00, 
	0x80, 0xfa, 0x0d, 
	0x0f, 0x84, 0x15, 0x00, 0x00, 0x00, 
	0x80, 0xfa, 0x20, 
	0x0f, 0x84, 0x0c, 0x00, 0x00, 0x00, 
	0x80, 0xc2, 0xf7, 
	0x80, 0xfa, 0x01, 
	0x0f, 0x87, 0x65, 0x00, 0x00, 0x00, 
	
	
	0x49, 0x8d, 0x42, 0x04, 
	0x48, 0x39, 0xc1, 
	0x0f, 0x86, 0xfb, 0x41, 0x00, 0x00, 
	0x48, 0x39, 0xc1, 
	0x0f, 0x84, 0x3a, 0x00, 0x00, 0x00, 
	0x4a, 0x8d, 0x14, 0x29, 
	0x90, 0x90, 0x90, 0x90, 0x90, 0x90, 
	
	0x41, 0x0f, 0xbe, 0x74, 0x05, 0x00, 
	0x83, 0xfe, 0x20, 
	0x0f, 0x87, 0x2d, 0x00, 0x00, 0x00, 
	0x49, 0x0f, 0xa3, 0xf1, 
	0x0f, 0x83, 0x23, 0x00, 0x00, 0x00, 
	0x48, 0x83, 0xc0, 0x01, 
	0x48, 0x39, 0xc1, 
	0x0f, 0x85, 0xda, 0xff, 0xff, 0xff, 
	0xe9, 0x0b, 0x00, 0x00, 0x00, 
	0x90, 0x90, 0x90, 0x90, 0x90, 
	
	0x4c, 0x01, 0xe8, 
	0x48, 0x89, 0xc2, 
	
	0x4c, 0x29, 0xea, 
	0x48, 0x89, 0xd0, 
	
	0x48, 0x39, 0xc8, 
	0x0f, 0x83, 0xae, 0x41, 0x00, 0x00, 
	
	0x4c, 0x8d, 0x50, 0x01, 
	0x4d, 0x89, 0x10, 
	0x41, 0x8a, 0x54, 0x05, 0x00, 
	0x80, 0xfa, 0x22, 
	0x0f, 0x85, 0x2d, 0x2b, 0x00, 0x00, 
	0x49, 0x8b, 0x0f, 
	0x49, 0x89, 0xc8, 
	0x4d, 0x29, 0xd0, 
	0x0f, 0x84, 0xe8, 0x4d, 0x00, 0x00, 
	0x48, 0x89, 0x8d, 0x48, 0xff, 0xff, 0xff, 
	0x49, 0x8b, 0x73, 0x08, 
	0x4c, 0x8b, 0x36, 
	0x48, 0x8b, 0x4e, 0x08, 
	0x48, 0x89, 0x4d, 0xd0, 
	0x4c, 0x89, 0x95, 0x40, 0xff, 0xff, 0xff, 
	0x4b, 0x8d, 0x1c, 0x2a, 
	0x49, 0x83, 0xf8, 0x40, 
	0x48, 0x89, 0x5d, 0x90, 
	0x0f, 0x82, 0xa5, 0x12, 0x00, 0x00, 
	0x4c, 0x89, 0x75, 0xa0, 
	0x49, 0xc7, 0xc6, 0xfe, 0xff, 0xff, 0xff, 
	0x49, 0x29, 0xc6, 
	0x4c, 0x8d, 0x50, 0x01, 
	0x48, 0xc7, 0x45, 0xb8, 0xff, 0xff, 0xff, 0xff, 
	0x45, 0x31, 0xc9, 
	0x90, 0x90, 0x90, 0x90, 0x90, 0x90, 0x90, 0x90, 0x90, 0x90, 0x90, 
	
	0xf3, 0x43, 0x0f, 0x6f, 0x5c, 0x15, 0x00, 
	0xf3, 0x43, 0x0f, 0x6f, 0x6c, 0x15, 0x10, 
	0xf3, 0x43, 0x0f, 0x6f, 0x74, 0x15, 0x20, 
	0xf3, 0x43, 0x0f, 0x6f, 0x7c, 0x15, 0x30, 
	0x66, 0x0f, 0x6f, 0xd3, 
	0x66, 0x0f, 0x74, 0xd0, 
	0x66, 0x0f, 0xd7, 0xfa, 
	0x66, 0x0f, 0x6f, 0xd5, 
	0x66, 0x0f, 0x74, 0xd0, 
	0x66, 0x44, 0x0f, 0xd7, 0xfa, 
	0x66, 0x0f, 0x6f, 0xd6, 
	0x66, 0x0f, 0x74, 0xd0, 
	0x66, 0x44, 0x0f, 0xd7, 0xe2, 
	0x66, 0x0f, 0x6f, 0xd7, 
	0x66, 0x0f, 0x74, 0xd0, 
	0x66, 0x44, 0x0f, 0xd7, 0xda, 
	0x66, 0x0f, 0x74, 0xd9, 
	0x66, 0x0f, 0xd7, 0xf3, 
	0x66, 0x0f, 0x74, 0xe9, 
	0x66, 0x0f, 0xd7, 0xdd, 
	0x66, 0x0f, 0x74, 0xf1, 
	0x66, 0x0f, 0xd7, 0xd6, 
	0x66, 0x0f, 0x74, 0xf9, 
	0x66, 0x0f, 0xd7, 0xcf, 
	0x49, 0xc1, 0xe3, 0x30, 
	0x49, 0xc1, 0xe4, 0x20, 
	0x4d, 0x09, 0xdc, 
	0x49, 0xc1, 0xe7, 0x10, 
	0x4d, 0x09, 0xe7, 
	0x4c, 0x09, 0xff, 
	0x48, 0xc1, 0xe1, 0x30, 
	0x48, 0xc1, 0xe2, 0x20, 
	0x48, 0x09, 0xca, 
	0x48, 0xc1, 0xe3, 0x10, 
	0x48, 0x09, 0xd3, 
	0x48, 0x09, 0xde, 
	0x0f, 0x85, 0x30, 0x00, 0x00, 0x00, 
	0x4d, 0x85, 0xc9, 
	0x0f, 0x85, 0x3d, 0x00, 0x00, 0x00, 
	0x45, 0x31, 0xc9, 
	0x48, 0x85, 0xff, 
	0x0f, 0x85, 0x8c, 0x00, 0x00, 0x00, 
	
	0x49, 0x83, 0xc0, 0xc0, 
	0x49, 0x83, 0xc6, 0xc0, 
	0x49, 0x83, 0xc2, 0x40, 
	0x49, 0x83, 0xf8, 0x3f, 
	0x0f, 0x87, 0x36, 0xff, 0xff, 0xff, 
	0xe9, 0xae, 0x10, 0x00, 0x00, 
	
	0x48, 0x83, 0x7d, 0xb8, 0xff, 
	0x0f, 0x85, 0x0b, 0x00, 0x00, 0x00, 
	0x48, 0x0f, 0xbc, 0xce, 
	0x4c, 0x01, 0xd1, 
	0x48, 0x89, 0x4d, 0xb8, 
	
	0x4c, 0x89, 0xc9, 
	0x48, 0xf7, 0xd1, 
	0x48, 0x21, 0xf1, 
	0x48, 0x8d, 0x1c, 0x09, 
	0x4c, 0x09, 0xcb, 
	0x48, 0x89, 0xda, 
	0x48, 0xf7, 0xd2, 
	0x48, 0x21, 0xf2, 
	0x48, 0xbe, 0xaa, 0xaa, 0xaa, 0xaa, 0xaa, 0xaa, 0xaa, 0xaa, 
	0x48, 0x21, 0xf2, 
	0x45, 0x31, 0xc9, 
	0x48, 0x01, 0xca, 
	0x41, 0x0f, 0x92, 0xc1, 
	0x48, 0x01, 0xd2, 
	0x48, 0xb9, 0x55, 0x55, 0x55, 0x55, 0x55, 0x55, 0x55, 0x55, 
	0x48, 0x31, 0xca, 
	0x48, 0x21, 0xda, 
	0x48, 0xf7, 0xd2, 
	0x48, 0x21, 0xd7, 
	0x48, 0x85, 0xff, 
	0x0f, 0x84, 0x7d, 0xff, 0xff, 0xff, 
	0x90, 0x90, 0x90, 0x90, 0x90, 0x90, 0x90, 0x90, 0x90, 
	
	0x4c, 0x0f, 0xbc, 0xd7, 
	0x4d, 0x29, 0xf2, 
	0x4c, 0x8b, 0x45, 0xc8, 
	0x4c, 0x8b, 0x7d, 0xc0, 
	0x4c, 0x8b, 0x65, 0xb0, 
	0x4c, 0x8b, 0x5d, 0xa8, 
	0x49, 0xb9, 0x00, 0x26, 0x00, 0x00, 0x01, 0x00, 0x00, 0x00, 
	0x4c, 0x8b, 0x75, 0xa0, 
	0x48, 0x8b, 0x5d, 0x90, 
	0x48, 0x8b, 0x4d, 0xb8, 
	0x4d, 0x85, 0xd2, 
	0x0f, 0x88, 0x26, 0x4c, 0x00, 0x00, 
	
	0x4d, 0x89, 0x10, 
	0x48, 0x83, 0xf9, 0xff, 
	0x0f, 0x84, 0x09, 0x00, 0x00, 0x00, 
	0x4c, 0x39, 0xd1, 
	0x0f, 0x8e, 0x0e, 0x11, 0x00, 0x00, 
	
	0x4c, 0x89, 0xd2, 
	0x48, 0x29, 0xc2, 
	0x48, 0x83, 0xc2, 0xfe, 
	0xb9, 0x01, 0x00, 0x00, 0x00, 
	0x48, 0x89, 0xd6, 
	0x48, 0x8b, 0x7d, 0xd0, 
	0x48, 0x09, 0xfe, 
	0x0f, 0x84, 0x46, 0x00, 0x00, 0x00, 
	0x48, 0x39, 0xfa, 
	0x0f, 0x85, 0x3b, 0x00, 0x00, 0x00, 
	0x31, 0xf6, 
	0x48, 0x89, 0xfa, 
	0x90, 0x90, 0x90, 0x90, 0x90, 0x90, 0x90, 
	
	0x48, 0x83, 0xfa, 0x10, 
	0x0f, 0x82, 0xa1, 0x02, 0x00, 0x00, 
	0xf3, 0x0f, 0x6f, 0x14, 0x33, 
	0xf3, 0x41, 0x0f, 0x6f, 0x1c, 0x36, 
	0x66, 0x0f, 0x74, 0xda, 
	0x66, 0x0f, 0xd7, 0xfb, 
	0x48, 0x83, 0xc2, 0xf0, 
	0x48, 0x83, 0xc6, 0x10, 
	0x66, 0x83, 0xff, 0xff, 
	0x0f, 0x84, 0xd1, 0xff, 0xff, 0xff, 
	
	0x31, 0xc9, 
	
	0x49, 0x8b, 0x07, 
	0x49, 0x39, 0xc2, 
	0x0f, 0x83, 0x33, 0x00, 0x00, 0x00, 
	0x43, 0x8a, 0x54, 0x15, 0x00, 
	0x80, 0xfa, 0x0d, 
	0x0f, 0x84, 0x25, 0x00, 0x00, 0x00, 
	0x80, 0xfa, 0x20, 
	0x0f, 0x84, 0x1c, 0x00, 0x00, 0x00, 
	0x80, 0xc2, 0xf7, 
	0x80, 0xfa, 0x01, 
	0x0f, 0x86, 0x10, 0x00, 0x00, 0x00, 
	0x4c, 0x89, 0xd2, 
	0xe9, 0xfd, 0x00, 0x00, 0x00, 
	0x90, 0x90, 0x90, 0x90, 0x90, 0x90, 0x90, 0x90, 
	
	0x49, 0x8d, 0x52, 0x01, 
	0x48, 0x39, 0xc2, 
	0x0f, 0x83, 0x23, 0x00, 0x00, 0x00, 
	0x41, 0x8a, 0x5c, 0x15, 0x00, 
	0x80, 0xfb, 0x0d, 
	0x0f, 0x84, 0x15, 0x00, 0x00, 0x00, 
	0x80, 0xfb, 0x20, 
	0x0f, 0x84, 0x0c, 0x00, 0x00, 0x00, 
	0x80, 0xc3, 0xf7, 
	0x80, 0xfb, 0x01, 
	0x0f, 0x87, 0xc5, 0x00, 0x00, 0x00, 
	
	
	0x49, 0x8d, 0x52, 0x02, 
	0x48, 0x39, 0xc2, 
	0x0f, 0x83, 0x23, 0x00, 0x00, 0x00, 
	0x41, 0x8a, 0x5c, 0x15, 0x00, 
	0x80, 0xfb, 0x0d, 
	0x0f, 0x84, 0x15, 0x00, 0x00, 0x00, 
	0x80, 0xfb, 0x20, 
	0x0f, 0x84, 0x0c, 0x00, 0x00, 0x00, 
	0x80, 0xc3, 0xf7, 
	0x80, 0xfb, 0x01, 
	0x0f, 0x87, 0x95, 0x00, 0x00, 0x00, 
	
	
	0x49, 0x8d, 0x52, 0x03, 
	0x48, 0x39, 0xc2, 
	0x0f, 0x83, 0x23, 0x00, 0x00, 0x00, 
	0x41, 0x8a, 0x5c, 0x15, 0x00, 
	0x80, 0xfb, 0x0d, 
	0x0f, 0x84, 0x15, 0x00, 0x00, 0x00, 
	0x80, 0xfb, 0x20, 
	0x0f, 0x84, 0x0c, 0x00, 0x00, 0x00, 
	0x80, 0xc3, 0xf7, 
	0x80, 0xfb, 0x01, 
	0x0f, 0x87, 0x65, 0x00, 0x00, 0x00, 
	
	
	0x49, 0x8d, 0x52, 0x04, 
	0x48, 0x39, 0xd0, 
	0x0f, 0x86, 0x08, 0x28, 0x00, 0x00, 
	0x48, 0x39, 0xd0, 
	0x0f, 0x84, 0x3a, 0x00, 0x00, 0x00, 
	0x4a, 0x8d, 0x34, 0x28, 
	0x90, 0x90, 0x90, 0x90, 0x90, 0x90, 
	
	0x41, 0x0f, 0xbe, 0x7c, 0x15, 0x00, 
	0x83, 0xff, 0x20, 
	0x0f, 0x87, 0x2d, 0x00, 0x00, 0x00, 
	0x49, 0x0f, 0xa3, 0xf9, 
	0x0f, 0x83, 0x23, 0x00, 0x00, 0x00, 
	0x48, 0x83, 0xc2, 0x01, 
	0x48, 0x39, 0xd0, 
	0x0f, 0x85, 0xda, 0xff, 0xff, 0xff, 
	0xe9, 0x0b, 0x00, 0x00, 0x00, 
	0x90, 0x90, 0x90, 0x90, 0x90, 
	
	0x4c, 0x01, 0xea, 
	0x48, 0x89, 0xd6, 
	
	0x4c, 0x29, 0xee, 
	0x48, 0x89, 0xf2, 
	
	0x48, 0x39, 0xc2, 
	0x0f, 0x83, 0x0e, 0x3e, 0x00, 0x00, 
	
	0x4c, 0x8d, 0x52, 0x01, 
	0x4d, 0x89, 0x10, 
	0x41, 0x80, 0x7c, 0x15, 0x00, 0x3a, 
	0x0f, 0x85, 0xfb, 0x3d, 0x00, 0x00, 
	0x48, 0x85, 0xc9, 
	0x0f, 0x85, 0x8f, 0x25, 0x00, 0x00, 
	0x49, 0x8b, 0x0f, 
	0x49, 0x39, 0xca, 
	0x0f, 0x83, 0x33, 0x00, 0x00, 0x00, 
	0x43, 0x8a, 0x44, 0x15, 0x00, 
	0x3c, 0x0d, 
	0x0f, 0x84, 0x26, 0x00, 0x00, 0x00, 
	0x3c, 0x20, 
	0x0f, 0x84, 0x1e, 0x00, 0x00, 0x00, 
	0x04, 0xf7, 
	0x3c, 0x01, 
	0x0f, 0x86, 0x14, 0x00, 0x00, 0x00, 
	0x4c, 0x89, 0xd0, 
	0xe9, 0x95, 0x01, 0x00, 0x00, 
	0x90, 0x90, 0x90, 0x90, 0x90, 0x90, 0x90, 0x90, 0x90, 0x90, 0x90, 0x90, 
	
	0x48, 0x8d, 0x42, 0x02, 
	0x48, 0x39, 0xc8, 
	0x0f, 0x83, 0x23, 0x00, 0x00, 0x00, 
	0x41, 0x8a, 0x5c, 0x05, 0x00, 
	0x80, 0xfb, 0x0d, 
	0x0f, 0x84, 0x15, 0x00, 0x00, 0x00, 
	0x80, 0xfb, 0x20, 
	0x0f, 0x84, 0x0c, 0x00, 0x00, 0x00, 
	0x80, 0xc3, 0xf7, 
	0x80, 0xfb, 0x01, 
	0x0f, 0x87, 0x59, 0x01, 0x00, 0x00, 
	
	
	0x48, 0x8d, 0x42, 0x03, 
	0x48, 0x39, 0xc8, 
	0x0f, 0x83, 0x23, 0x00, 0x00, 0x00, 
	0x41, 0x8a, 0x5c, 0x05, 0x00, 
	0x80, 0xfb, 0x0d, 
	0x0f, 0x84, 0x15, 0x00, 0x00, 0x00, 
	0x80, 0xfb, 0x20, 
	0x0f, 0x84, 0x0c, 0x00, 0x00, 0x00, 
	0x80, 0xc3, 0xf7, 
	0x80, 0xfb, 0x01, 
	0x0f, 0x87, 0x29, 0x01, 0x00, 0x00, 
	
	
	0x48, 0x8d, 0x42, 0x04, 
	0x48, 0x39, 0xc8, 
	0x0f, 0x83, 0x23, 0x00, 0x00, 0x00, 
	0x41, 0x8a, 0x5c, 0x05, 0x00, 
	0x80, 0xfb, 0x0d, 
	0x0f, 0x84, 0x15, 0x00, 0x00, 0x00, 
	0x80, 0xfb, 0x20, 
	0x0f, 0x84, 0x0c, 0x00, 0x00, 0x00, 
	0x80, 0xc3, 0xf7, 
	0x80, 0xfb, 0x01, 
	0x0f, 0x87, 0xf9, 0x00, 0x00, 0x00, 
	
	
	0x48, 0x83, 0xc2, 0x05, 
	0x48, 0x39, 0xd1, 
	0x0f, 0x86, 0x43, 0x00, 0x00, 0x00, 
	0x48, 0x39, 0xd1, 
	0x0f, 0x84, 0xcb, 0x00, 0x00, 0x00, 
	0x4a, 0x8d, 0x04, 0x29, 
	0x90, 0x90, 0x90, 0x90, 0x90, 0x90, 
	
	0x41, 0x0f, 0xbe, 0x74, 0x15, 0x00, 
	0x83, 0xfe, 0x20, 
	0x0f, 0x87, 0xbe, 0x00, 0x00, 0x00, 
	0x49, 0x0f, 0xa3, 0xf1, 
	0x0f, 0x83, 0xb4, 0x00, 0x00, 0x00, 
	0x48, 0x83, 0xc2, 0x01, 
	0x48, 0x39, 0xd1, 
	0x0f, 0x85, 0xda, 0xff, 0xff, 0xff, 
	0xe9, 0x9c, 0x00, 0x00, 0x00, 
	0x90, 0x90, 0x90, 0x90, 0x90, 
	
	0x49, 0x89, 0x10, 
	0x49, 0x89, 0xd2, 
	0xe9, 0xa3, 0x01, 0x00, 0x00, 
	
	0x44, 0x01, 0xe8, 
	0x01, 0xf0, 
	0x83, 0xc0, 0x01, 
	0x25, 0xff, 0x0f, 0x00, 0x00, 
	0x3d, 0xf0, 0x0f, 0x00, 0x00, 
	0x0f, 0x87, 0x51, 0x00, 0x00, 0x00, 
	0x41, 0x8d, 0x04, 0x36, 
	0x25, 0xff, 0x0f, 0x00, 0x00, 
	0x3d, 0xf1, 0x0f, 0x00, 0x00, 
	0x0f, 0x83, 0x3d, 0x00, 0x00, 0x00, 
	0xf3, 0x0f, 0x6f, 0x14, 0x33, 
	0xf3, 0x41, 0x0f, 0x6f, 0x1c, 0x36, 
	0x66, 0x0f, 0x74, 0xda, 
	0x66, 0x0f, 0xd7, 0xc3, 
	0x66, 0x83, 0xf8, 0xff, 
	0x0f, 0x84, 0x3d, 0xfd, 0xff, 0xff, 
	0xf7, 0xd0, 
	0x66, 0x0f, 0xbc, 0xc0, 
	0x0f, 0xb7, 0xc0, 
	0x31, 0xc9, 
	0x48, 0x39, 0xc2, 
	0x0f, 0x96, 0xc1, 
	0xe9, 0x27, 0xfd, 0xff, 0xff, 
	0x90, 0x90, 0x90, 0x90, 0x90, 0x90, 
	
	0x48, 0x83, 0xc6, 0x01, 
	
	0x48, 0x39, 0x75, 0xd0, 
	0x0f, 0x84, 0x13, 0xfd, 0xff, 0xff, 
	0x0f, 0xb6, 0x04, 0x33, 
	0x41, 0x3a, 0x04, 0x36, 
	0x0f, 0x84, 0xe4, 0xff, 0xff, 0xff, 
	0xe9, 0xfe, 0xfc, 0xff, 0xff, 
	
	0x4c, 0x01, 0xea, 
	0x48, 0x89, 0xd0, 
	
	0x4c, 0x29, 0xe8, 
	0x48, 0x89, 0xc2, 
	
	0x48, 0x89, 0xd0, 
	0x48, 0x39, 0xca, 
	0x0f, 0x83, 0x05, 0x01, 0x00, 0x00, 
	
	0x4c, 0x8d, 0x50, 0x01, 
	0x4d, 0x89, 0x10, 
	0x41, 0x0f, 0xbe, 0x4c, 0x05, 0x00, 
	0x83, 0xf9, 0x7b, 
	0x0f, 0x87, 0xbf, 0x07, 0x00, 0x00, 
	0x48, 0x8d, 0x15, 0x52, 0x4c, 0x00, 0x00, 
	0x48, 0x63, 0x0c, 0x8a, 
	0x48, 0x01, 0xd1, 
	0xff, 0xe1, 
	
	0x49, 0x8b, 0x0f, 
	0x48, 0x89, 0xca, 
	0x4c, 0x29, 0xd2, 
	0x48, 0x83, 0xfa, 0x10, 
	0x0f, 0x82, 0x67, 0x11, 0x00, 0x00, 
	0x48, 0x89, 0xc2, 
	0x48, 0xf7, 0xd2, 
	0x48, 0x83, 0xc0, 0x01, 
	0x90, 0x90, 0x90, 0x90, 
	
	0xf3, 0x41, 0x0f, 0x6f, 0x54, 0x05, 0x00, 
	0x66, 0x0f, 0x6f, 0xda, 
	0x66, 0x41, 0x0f, 0x74, 0xdd, 
	0x66, 0x41, 0x0f, 0xdb, 0xd6, 
	0x66, 0x0f, 0x74, 0xd4, 
	0x66, 0x0f, 0xeb, 0xd3, 
	0x66, 0x0f, 0xd7, 0xf2, 
	0x85, 0xf6, 
	0x0f, 0x85, 0x87, 0x00, 0x00, 0x00, 
	0x48, 0x83, 0xc0, 0x10, 
	0x48, 0x8d, 0x34, 0x11, 
	0x48, 0x83, 0xc6, 0xf0, 
	0x48, 0x83, 0xc2, 0xf0, 
	0x48, 0x83, 0xfe, 0x0f, 
	0x0f, 0x87, 0xbd, 0xff, 0xff, 0xff, 
	0x4d, 0x89, 0xea, 
	0x49, 0x29, 0xd2, 
	0x48, 0x01, 0xd1, 
	0x48, 0x89, 0xca, 
	0x48, 0x85, 0xd2, 
	0x0f, 0x84, 0x36, 0x00, 0x00, 0x00, 
	
	0x49, 0x8d, 0x0c, 0x12, 
	0x31, 0xc0, 
	
	0x41, 0x0f, 0xb6, 0x1c, 0x02, 
	0x80, 0xfb, 0x2c, 
	0x0f, 0x84, 0xb6, 0x0c, 0x00, 0x00, 
	0x80, 0xfb, 0x7d, 
	0x0f, 0x84, 0xad, 0x0c, 0x00, 0x00, 
	0x80, 0xfb, 0x5d, 
	0x0f, 0x84, 0xa4, 0x0c, 0x00, 0x00, 
	0x48, 0x83, 0xc0, 0x01, 
	0x48, 0x39, 0xc2, 
	0x0f, 0x85, 0xd3, 0xff, 0xff, 0xff, 
	0x49, 0x89, 0xca, 
	
	0x4d, 0x29, 0xea, 
	0x4c, 0x8b, 0x45, 0xc8, 
	0x4d, 0x89, 0x10, 
	0x4c, 0x8b, 0x7d, 0xc0, 
	0x4c, 0x8b, 0x65, 0xb0, 
	0x49, 0xb9, 0x00, 0x26, 0x00, 0x00, 0x01, 0x00, 0x00, 0x00, 
	0xe9, 0x0f, 0x00, 0x00, 0x00, 
	0x90, 
	
	0x66, 0x0f, 0xbc, 0xc6, 
	0x44, 0x0f, 0xb7, 0xd0, 
	0x49, 0x29, 0xd2, 
	
	0x4d, 0x89, 0x10, 
	
	0x4d, 0x8b, 0x2c, 0x24, 
	0x49, 0x8b, 0x44, 0x24, 0x08, 
	0x49, 0x39, 0xc2, 
	0x0f, 0x83, 0x30, 0x00, 0x00, 0x00, 
	0x43, 0x8a, 0x4c, 0x15, 0x00, 
	0x80, 0xf9, 0x0d, 
	0x0f, 0x84, 0x22, 0x00, 0x00, 0x00, 
	0x80, 0xf9, 0x20, 
	0x0f, 0x84, 0x19, 0x00, 0x00, 0x00, 
	0x80, 0xc1, 0xf7, 
	0x80, 0xf9, 0x01, 
	0x0f, 0x86, 0x0d, 0x00, 0x00, 0x00, 
	0x4c, 0x89, 0xd1, 
	0xe9, 0xfa, 0x00, 0x00, 0x00, 
	0x90, 0x90, 0x90, 0x90, 0x90, 
	
	0x49, 0x8d, 0x4a, 0x01, 
	0x48, 0x39, 0xc1, 
	0x0f, 0x83, 0x23, 0x00, 0x00, 0x00, 
	0x41, 0x8a, 0x54, 0x0d, 0x00, 
	0x80, 0xfa, 0x0d, 
	0x0f, 0x84, 0x15, 0x00, 0x00, 0x00, 
	0x80, 0xfa, 0x20, 
	0x0f, 0x84, 0x0c, 0x00, 0x00, 0x00, 
	0x80, 0xc2, 0xf7, 
	0x80, 0xfa, 0x01, 
	0x0f, 0x87, 0xc5, 0x00, 0x00, 0x00, 
	
	
	0x49, 0x8d, 0x4a, 0x02, 
	0x48, 0x39, 0xc1, 
	0x0f, 0x83, 0x23, 0x00, 0x00, 0x00, 
	0x41, 0x8a, 0x54, 0x0d, 0x00, 
	0x80, 0xfa, 0x0d, 
	0x0f, 0x84, 0x15, 0x00, 0x00, 0x00, 
	0x80, 0xfa, 0x20, 
	0x0f, 0x84, 0x0c, 0x00, 0x00, 0x00, 
	0x80, 0xc2, 0xf7, 
	0x80, 0xfa, 0x01, 
	0x0f, 0x87, 0x95, 0x00, 0x00, 0x00, 
	
	
	0x49, 0x8d, 0x4a, 0x03, 
	0x48, 0x39, 0xc1, 
	0x0f, 0x83, 0x23, 0x00, 0x00, 0x00, 
	0x41, 0x8a, 0x54, 0x0d, 0x00, 
	0x80, 0xfa, 0x0d, 
	0x0f, 0x84, 0x15, 0x00, 0x00, 0x00, 
	0x80, 0xfa, 0x20, 
	0x0f, 0x84, 0x0c, 0x00, 0x00, 0x00, 
	0x80, 0xc2, 0xf7, 
	0x80, 0xfa, 0x01, 
	0x0f, 0x87, 0x65, 0x00, 0x00, 0x00, 
	
	
	0x49, 0x8d, 0x4a, 0x04, 
	0x48, 0x39, 0xc8, 
	0x0f, 0x86, 0x43, 0x3a, 0x00, 0x00, 
	0x48, 0x39, 0xc8, 
	0x0f, 0x84, 0x3a, 0x00, 0x00, 0x00, 
	0x4a, 0x8d, 0x14, 0x28, 
	0x90, 0x90, 0x90, 0x90, 0x90, 0x90, 
	
	0x41, 0x0f, 0xbe, 0x74, 0x0d, 0x00, 
	0x83, 0xfe, 0x20, 
	0x0f, 0x87, 0x2d, 0x00, 0x00, 0x00, 
	0x49, 0x0f, 0xa3, 0xf1, 
	0x0f, 0x83, 0x23, 0x00, 0x00, 0x00, 
	0x48, 0x83, 0xc1, 0x01, 
	0x48, 0x39, 0xc8, 
	0x0f, 0x85, 0xda, 0xff, 0xff, 0xff, 
	0xe9, 0x0b, 0x00, 0x00, 0x00, 
	0x90, 0x90, 0x90, 0x90, 0x90, 
	
	0x4c, 0x01, 0xe9, 
	0x48, 0x89, 0xca, 
	
	0x4c, 0x29, 0xea, 
	0x48, 0x89, 0xd1, 
	
	0x48, 0x39, 0xc1, 
	0x0f, 0x83, 0xee, 0x39, 0x00, 0x00, 
	
	0x4c, 0x8d, 0x51, 0x01, 
	0x4d, 0x89, 0x10, 
	0x41, 0x8a, 0x44, 0x0d, 0x00, 
	0x3c, 0x2c, 
	0x0f, 0x84, 0xf9, 0xf6, 0xff, 0xff, 
	0xe9, 0x7f, 0x23, 0x00, 0x00, 
	
	0x48, 0x83, 0xc0, 0x04, 
	0x49, 0x3b, 0x07, 
	0x0f, 0x87, 0xa3, 0xfe, 0xff, 0xff, 
	0xe9, 0x6e, 0x05, 0x00, 0x00, 
	
	0x4d, 0x8b, 0x07, 
	0x4d, 0x89, 0xc6, 
	0x4d, 0x29, 0xd6, 
	0x49, 0x83, 0xfe, 0x20, 
	0x0f, 0x8c, 0x3e, 0x0f, 0x00, 0x00, 
	0x4e, 0x8d, 0x0c, 0x28, 
	0x49, 0x29, 0xc0, 
	0x41, 0xbf, 0x1f, 0x00, 0x00, 0x00, 
	0x45, 0x31, 0xf6, 
	0x45, 0x31, 0xdb, 
	0x90, 0x90, 0x90, 0x90, 0x90, 0x90, 0x90, 0x90, 0x90, 0x90, 
	
	0xf3, 0x43, 0x0f, 0x6f, 0x54, 0x31, 0x01, 
	0xf3, 0x43, 0x0f, 0x6f, 0x5c, 0x31, 0x11, 
	0x66, 0x0f, 0x6f, 0xea, 
	0x66, 0x0f, 0x74, 0xe8, 
	0x66, 0x0f, 0xd7, 0xf5, 
	0x66, 0x0f, 0x6f, 0xeb, 
	0x66, 0x0f, 0x74, 0xe8, 
	0x66, 0x0f, 0xd7, 0xdd, 
	0x48, 0xc1, 0xe3, 0x10, 
	0x48, 0x09, 0xf3, 
	0x66, 0x0f, 0x74, 0xd1, 
	0x66, 0x0f, 0xd7, 0xd2, 
	0x66, 0x0f, 0x74, 0xd9, 
	0x66, 0x0f, 0xd7, 0xf3, 
	0x48, 0xc1, 0xe6, 0x10, 
	0x48, 0x09, 0xd6, 
	0x48, 0x89, 0xf2, 
	0x4c, 0x09, 0xda, 
	0x0f, 0x84, 0x40, 0x00, 0x00, 0x00, 
	0x44, 0x89, 0xda, 
	0xf7, 0xd2, 
	0x21, 0xf2, 
	0x8d, 0x3c, 0x12, 
	0x44, 0x09, 0xdf, 
	0x89, 0xf9, 
	0xf7, 0xd1, 
	0x21, 0xf1, 
	0x81, 0xe1, 0xaa, 0xaa, 0xaa, 0xaa, 
	0x45, 0x31, 0xdb, 
	0x01, 0xd1, 
	0x41, 0x0f, 0x92, 0xc3, 
	0x01, 0xc9, 
	0x81, 0xf1, 0x55, 0x55, 0x55, 0x55, 
	0x21, 0xf9, 
	0xf7, 0xd1, 
	0x21, 0xcb, 
	0xe9, 0x0e, 0x00, 0x00, 0x00, 
	0x90, 0x90, 0x90, 0x90, 0x90, 0x90, 0x90, 0x90, 0x90, 0x90, 0x90, 
	
	0x45, 0x31, 0xdb, 
	
	0x48, 0x85, 0xdb, 
	0x0f, 0x85, 0x15, 0x09, 0x00, 0x00, 
	0x49, 0x83, 0xc6, 0x20, 
	0x4b, 0x8d, 0x0c, 0x38, 
	0x48, 0x83, 0xc1, 0xe0, 
	0x49, 0x83, 0xc7, 0xe0, 
	0x48, 0x83, 0xf9, 0x3f, 
	0x0f, 0x8f, 0x4a, 0xff, 0xff, 0xff, 
	0x4d, 0x85, 0xdb, 
	0x0f, 0x85, 0x2c, 0x10, 0x00, 0x00, 
	0x4b, 0x8d, 0x04, 0x0e, 
	0x48, 0x83, 0xc0, 0x01, 
	0x49, 0xf7, 0xd6, 
	0x4d, 0x01, 0xc6, 
	
	0x4c, 0x8b, 0x7d, 0xc0, 
	
	0x4c, 0x8b, 0x5d, 0xa8, 
	0x4d, 0x85, 0xf6, 
	0x4c, 0x8b, 0x45, 0xc8, 
	0x49, 0xb9, 0x00, 0x26, 0x00, 0x00, 0x01, 0x00, 0x00, 0x00, 
	0x0f, 0x8f, 0xb4, 0x09, 0x00, 0x00, 
	0xe9, 0x7d, 0xfd, 0xff, 0xff, 
	
	0x49, 0x8b, 0x07, 
	0x4c, 0x29, 0xd0, 
	0x4d, 0x01, 0xd5, 
	0x45, 0x31, 0xc9, 
	0x45, 0x31, 0xc0, 
	0x45, 0x31, 0xdb, 
	0x31, 0xd2, 
	0xe9, 0x73, 0x00, 0x00, 0x00, 
	
	0x49, 0xc1, 0xfe, 0x3f, 
	0x4c, 0x89, 0xd1, 
	0x48, 0xd1, 0xe9, 
	0x48, 0xbe, 0x55, 0x55, 0x55, 0x55, 0x55, 0x55, 0x55, 0x55, 
	0x48, 0x21, 0xf1, 
	0x49, 0x29, 0xca, 
	0x4c, 0x89, 0xd1, 
	0x48, 0xb8, 0x33, 0x33, 0x33, 0x33, 0x33, 0x33, 0x33, 0x33, 
	0x48, 0x21, 0xc1, 
	0x49, 0xc1, 0xea, 0x02, 
	0x49, 0x21, 0xc2, 
	0x49, 0x01, 0xca, 
	0x4c, 0x89, 0xd1, 
	0x48, 0xc1, 0xe9, 0x04, 
	0x4c, 0x01, 0xd1, 
	0x48, 0xb8, 0x0f, 0x0f, 0x0f, 0x0f, 0x0f, 0x0f, 0x0f, 0x0f, 
	0x48, 0x21, 0xc1, 
	0x48, 0xb8, 0x01, 0x01, 0x01, 0x01, 0x01, 0x01, 0x01, 0x01, 
	0x48, 0x0f, 0xaf, 0xc8, 
	0x48, 0xc1, 0xe9, 0x38, 
	0x49, 0x01, 0xcb, 
	0x49, 0x83, 0xc5, 0x40, 
	0x48, 0x8b, 0x45, 0xd0, 
	0x48, 0x83, 0xc0, 0xc0, 
	0x4d, 0x89, 0xf1, 
	0x4c, 0x8b, 0x45, 0xb8, 
	
	0x48, 0x83, 0xf8, 0x40, 
	0x48, 0x89, 0x45, 0xd0, 
	0x0f, 0x8c, 0x46, 0x02, 0x00, 0x00, 
	
	0xf3, 0x41, 0x0f, 0x6f, 0x55, 0x00, 
	0xf3, 0x41, 0x0f, 0x6f, 0x6d, 0x10, 
	0xf3, 0x41, 0x0f, 0x6f, 0x7d, 0x20, 
	0xf3, 0x41, 0x0f, 0x6f, 0x75, 0x30, 
	0x66, 0x0f, 0x6f, 0xda, 
	0x66, 0x0f, 0x74, 0xd9, 
	0x66, 0x0f, 0xd7, 0xc3, 
	0x66, 0x0f, 0x6f, 0xdd, 
	0x66, 0x0f, 0x74, 0xd9, 
	0x66, 0x0f, 0xd7, 0xf3, 
	0x66, 0x0f, 0x6f, 0xdf, 
	0x66, 0x0f, 0x74, 0xd9, 
	0x66, 0x0f, 0xd7, 0xfb, 
	0x66, 0x0f, 0x6f, 0xde, 
	0x66, 0x0f, 0x74, 0xd9, 
	0x66, 0x0f, 0xd7, 0xdb, 
	0x48, 0xc1, 0xe3, 0x30, 
	0x48, 0xc1, 0xe7, 0x20, 
	0x48, 0x09, 0xdf, 
	0x48, 0xc1, 0xe6, 0x10, 
	0x48, 0x09, 0xfe, 
	0x48, 0x09, 0xf0, 
	0x48, 0x89, 0xc6, 
	0x4c, 0x09, 0xc6, 
	0x0f, 0x85, 0x12, 0x00, 0x00, 0x00, 
	0x48, 0xc7, 0xc0, 0xff, 0xff, 0xff, 0xff, 
	0x31, 0xc9, 
	0x48, 0x89, 0x4d, 0xb8, 
	0xe9, 0x48, 0x00, 0x00, 0x00, 
	
	0x4c, 0x89, 0xc6, 
	0x48, 0xf7, 0xd6, 
	0x48, 0x21, 0xc6, 
	0x48, 0x8d, 0x1c, 0x36, 
	0x4c, 0x09, 0xc3, 
	0x48, 0x89, 0xdf, 
	0x48, 0xf7, 0xd7, 
	0x48, 0xb9, 0xaa, 0xaa, 0xaa, 0xaa, 0xaa, 0xaa, 0xaa, 0xaa, 
	0x48, 0x21, 0xc8, 
	0x48, 0x21, 0xf8, 
	0x31, 0xc9, 
	0x48, 0x01, 0xf0, 
	0x0f, 0x92, 0xc1, 
	0x48, 0x89, 0x4d, 0xb8, 
	0x48, 0x01, 0xc0, 
	0x48, 0xb9, 0x55, 0x55, 0x55, 0x55, 0x55, 0x55, 0x55, 0x55, 
	0x48, 0x31, 0xc8, 
	0x48, 0x21, 0xd8, 
	0x48, 0xf7, 0xd0, 
	
	0x66, 0x0f, 0x6f, 0xde, 
	0x66, 0x0f, 0x74, 0xd8, 
	0x66, 0x0f, 0xd7, 0xf3, 
	0x48, 0xc1, 0xe6, 0x30, 
	0x66, 0x0f, 0x6f, 0xdf, 
	0x66, 0x0f, 0x74, 0xd8, 
	0x66, 0x0f, 0xd7, 0xfb, 
	0x48, 0xc1, 0xe7, 0x20, 
	0x48, 0x09, 0xf7, 
	0x66, 0x0f, 0x6f, 0xdd, 
	0x66, 0x0f, 0x74, 0xd8, 
	0x66, 0x0f, 0xd7, 0xf3, 
	0x48, 0xc1, 0xe6, 0x10, 
	0x48, 0x09, 0xfe, 
	0x66, 0x0f, 0x6f, 0xda, 
	0x66, 0x0f, 0x74, 0xd8, 
	0x66, 0x0f, 0xd7, 0xfb, 
	0x48, 0x09, 0xf7, 
	0x48, 0x21, 0xc7, 
	0x66, 0x48, 0x0f, 0x6e, 0xdf, 
	0x66, 0x41, 0x0f, 0x3a, 0x44, 0xd9, 0x00, 
	0x66, 0x49, 0x0f, 0x7e, 0xde, 
	0x4d, 0x31, 0xce, 
	0x66, 0x0f, 0x6f, 0xda, 
	0x66, 0x41, 0x0f, 0x74, 0xda, 
	0x66, 0x44, 0x0f, 0xd7, 0xd3, 
	0x66, 0x0f, 0x6f, 0xdd, 
	0x66, 0x41, 0x0f, 0x74, 0xda, 
	0x66, 0x0f, 0xd7, 0xf3, 
	0x66, 0x0f, 0x6f, 0xdf, 
	0x66, 0x41, 0x0f, 0x74, 0xda, 
	0x66, 0x0f, 0xd7, 0xdb, 
	0x66, 0x0f, 0x6f, 0xde, 
	0x66, 0x41, 0x0f, 0x74, 0xda, 
	0x66, 0x0f, 0xd7, 0xcb, 
	0x48, 0xc1, 0xe1, 0x30, 
	0x48, 0xc1, 0xe3, 0x20, 
	0x48, 0x09, 0xcb, 
	0x48, 0xc1, 0xe6, 0x10, 
	0x48, 0x09, 0xde, 
	0x49, 0x09, 0xf2, 
	0x4d, 0x89, 0xf1, 
	0x49, 0xf7, 0xd1, 
	0x4d, 0x21, 0xca, 
	0x66, 0x0f, 0x74, 0xd4, 
	0x66, 0x0f, 0xd7, 0xf2, 
	0x66, 0x0f, 0x74, 0xec, 
	0x66, 0x0f, 0xd7, 0xdd, 
	0x66, 0x0f, 0x74, 0xfc, 
	0x66, 0x0f, 0xd7, 0xff, 
	0x66, 0x0f, 0x74, 0xf4, 
	0x66, 0x0f, 0xd7, 0xce, 
	0x48, 0xc1, 0xe1, 0x30, 
	0x48, 0xc1, 0xe7, 0x20, 
	0x48, 0x09, 0xcf, 
	0x48, 0xc1, 0xe3, 0x10, 
	0x48, 0x09, 0xfb, 
	0x48, 0x09, 0xde, 
	0x4c, 0x21, 0xce, 
	0x0f, 0x84, 0xcf, 0xfd, 0xff, 0xff, 
	0x49, 0xb9, 0x00, 0x26, 0x00, 0x00, 0x01, 0x00, 0x00, 0x00, 
	0x90, 0x90, 0x90, 0x90, 0x90, 0x90, 0x90, 0x90, 0x90, 0x90, 0x90, 
	
	0x48, 0x8d, 0x5e, 0xff, 
	0x48, 0x89, 0xd9, 
	0x4c, 0x21, 0xd1, 
	0x48, 0x89, 0xcf, 
	0x48, 0xd1, 0xef, 
	0x49, 0xb8, 0x55, 0x55, 0x55, 0x55, 0x55, 0x55, 0x55, 0x55, 
	0x4c, 0x21, 0xc7, 
	0x48, 0x29, 0xf9, 
	0x48, 0x89, 0xcf, 
	0x48, 0xb8, 0x33, 0x33, 0x33, 0x33, 0x33, 0x33, 0x33, 0x33, 
	0x48, 0x21, 0xc7, 
	0x48, 0xc1, 0xe9, 0x02, 
	0x48, 0x21, 0xc1, 
	0x48, 0x01, 0xf9, 
	0x48, 0x89, 0xcf, 
	0x48, 0xc1, 0xef, 0x04, 
	0x48, 0x01, 0xcf, 
	0x48, 0xb8, 0x0f, 0x0f, 0x0f, 0x0f, 0x0f, 0x0f, 0x0f, 0x0f, 
	0x48, 0x21, 0xc7, 
	0x48, 0xb8, 0x01, 0x01, 0x01, 0x01, 0x01, 0x01, 0x01, 0x01, 
	0x48, 0x0f, 0xaf, 0xf8, 
	0x48, 0xc1, 0xef, 0x38, 
	0x4c, 0x01, 0xdf, 
	0x48, 0x39, 0xd7, 
	0x0f, 0x86, 0xc2, 0x05, 0x00, 0x00, 
	0x48, 0x83, 0xc2, 0x01, 
	0x48, 0x21, 0xde, 
	0x0f, 0x85, 0x84, 0xff, 0xff, 0xff, 
	0xe9, 0x39, 0xfd, 0xff, 0xff, 
	
	0x48, 0x85, 0xc0, 
	0x0f, 0x8e, 0xfa, 0x0c, 0x00, 0x00, 
	0x4c, 0x89, 0xc3, 
	0xf3, 0x44, 0x0f, 0x7f, 0x45, 0x80, 
	0xf3, 0x44, 0x0f, 0x7f, 0x85, 0x70, 0xff, 0xff, 0xff, 
	0xf3, 0x44, 0x0f, 0x7f, 0x85, 0x60, 0xff, 0xff, 0xff, 
	0xf3, 0x44, 0x0f, 0x7f, 0x85, 0x50, 0xff, 0xff, 0xff, 
	0x44, 0x89, 0xe8, 
	0x25, 0xff, 0x0f, 0x00, 0x00, 
	0x3d, 0xc1, 0x0f, 0x00, 0x00, 
	0x0f, 0x82, 0x3d, 0x00, 0x00, 0x00, 
	0x48, 0x83, 0x7d, 0xd0, 0x20, 
	0x0f, 0x82, 0x42, 0x00, 0x00, 0x00, 
	0x41, 0x0f, 0x10, 0x55, 0x00, 
	0x0f, 0x11, 0x95, 0x50, 0xff, 0xff, 0xff, 
	0xf3, 0x41, 0x0f, 0x6f, 0x55, 0x10, 
	0xf3, 0x0f, 0x7f, 0x95, 0x60, 0xff, 0xff, 0xff, 
	0x49, 0x83, 0xc5, 0x20, 
	0x48, 0x8b, 0x45, 0xd0, 
	0x48, 0x8d, 0x70, 0xe0, 
	0x48, 0x8d, 0x85, 0x70, 0xff, 0xff, 0xff, 
	0xe9, 0x1b, 0x00, 0x00, 0x00, 
	
	0x4c, 0x8b, 0x7d, 0xc0, 
	0x4c, 0x8b, 0x65, 0xb0, 
	0x49, 0x89, 0xd8, 
	0xe9, 0x2d, 0xfd, 0xff, 0xff, 
	
	0x48, 0x8d, 0x85, 0x50, 0xff, 0xff, 0xff, 
	0x48, 0x8b, 0x75, 0xd0, 
	
	0x48, 0x83, 0xfe, 0x10, 
	0x0f, 0x82, 0x4b, 0x00, 0x00, 0x00, 
	0xf3, 0x41, 0x0f, 0x6f, 0x55, 0x00, 
	0xf3, 0x0f, 0x7f, 0x10, 
	0x49, 0x83, 0xc5, 0x10, 
	0x48, 0x83, 0xc0, 0x10, 
	0x48, 0x83, 0xc6, 0xf0, 
	0x48, 0x83, 0xfe, 0x08, 
	0x0f, 0x83, 0x35, 0x00, 0x00, 0x00, 
	
	0x48, 0x83, 0xfe, 0x04, 
	0x0f, 0x8c, 0x48, 0x00, 0x00, 0x00, 
	
	0x41, 0x8b, 0x4d, 0x00, 
	0x89, 0x08, 
	0x49, 0x83, 0xc5, 0x04, 
	0x48, 0x83, 0xc0, 0x04, 
	0x48, 0x83, 0xc6, 0xfc, 
	0x48, 0x83, 0xfe, 0x02, 
	0x0f, 0x83, 0x36, 0x00, 0x00, 0x00, 
	0xe9, 0x45, 0x00, 0x00, 0x00, 
	
	0x48, 0x83, 0xfe, 0x08, 
	0x0f, 0x82, 0xcb, 0xff, 0xff, 0xff, 
	
	0x49, 0x8b, 0x4d, 0x00, 
	0x48, 0x89, 0x08, 
	0x49, 0x83, 0xc5, 0x08, 
	0x48, 0x83, 0xc0, 0x08, 
	0x48, 0x83, 0xc6, 0xf8, 
	0x48, 0x83, 0xfe, 0x04, 
	0x0f, 0x8d, 0xb8, 0xff, 0xff, 0xff, 
	
	0x48, 0x83, 0xfe, 0x02, 
	0x0f, 0x82, 0x14, 0x00, 0x00, 0x00, 
	
	0x41, 0x0f, 0xb7, 0x4d, 0x00, 
	0x66, 0x89, 0x08, 
	0x49, 0x83, 0xc5, 0x02, 
	0x48, 0x83, 0xc0, 0x02, 
	0x48, 0x83, 0xc6, 0xfe, 
	
	0x4c, 0x89, 0xef, 
	0x4c, 0x8d, 0xad, 0x50, 0xff, 0xff, 0xff, 
	0x48, 0x85, 0xf6, 
	0x4c, 0x8b, 0x7d, 0xc0, 
	0x4c, 0x8b, 0x65, 0xb0, 
	0x49, 0x89, 0xd8, 
	0x0f, 0x84, 0x6a, 0xfc, 0xff, 0xff, 
	0x8a, 0x0f, 
	0x88, 0x08, 
	0x4c, 0x8d, 0xad, 0x50, 0xff, 0xff, 0xff, 
	0xe9, 0x5a, 0xfc, 0xff, 0xff, 
	
	0x48, 0x83, 0xc0, 0x05, 
	0x49, 0x3b, 0x07, 
	0x0f, 0x87, 0x30, 0xf9, 0xff, 0xff, 
	
	0x49, 0x89, 0x00, 
	0x49, 0x89, 0xc2, 
	0xe9, 0x25, 0xf9, 0xff, 0xff, 
	
	0x49, 0x8b, 0x07, 
	0x4c, 0x29, 0xd0, 
	0x4d, 0x01, 0xd5, 
	0x45, 0x31, 0xc9, 
	0x45, 0x31, 0xc0, 
	0x45, 0x31, 0xdb, 
	0x31, 0xd2, 
	0xe9, 0x73, 0x00, 0x00, 0x00, 
	
	0x49, 0xc1, 0xfe, 0x3f, 
	0x4c, 0x89, 0xd1, 
	0x48, 0xd1, 0xe9, 
	0x48, 0xbe, 0x55, 0x55, 0x55, 0x55, 0x55, 0x55, 0x55, 0x55, 
	0x48, 0x21, 0xf1, 
	0x49, 0x29, 0xca, 
	0x4c, 0x89, 0xd1, 
	0x48, 0xb8, 0x33, 0x33, 0x33, 0x33, 0x33, 0x33, 0x33, 0x33, 
	0x48, 0x21, 0xc1, 
	0x49, 0xc1, 0xea, 0x02, 
	0x49, 0x21, 0xc2, 
	0x49, 0x01, 0xca, 
	0x4c, 0x89, 0xd1, 
	0x48, 0xc1, 0xe9, 0x04, 
	0x4c, 0x01, 0xd1, 
	0x48, 0xb8, 0x0f, 0x0f, 0x0f, 0x0f, 0x0f, 0x0f, 0x0f, 0x0f, 
	0x48, 0x21, 0xc1, 
	0x48, 0xb8, 0x01, 0x01, 0x01, 0x01, 0x01, 0x01, 0x01, 0x01, 
	0x48, 0x0f, 0xaf, 0xc8, 
	0x48, 0xc1, 0xe9, 0x38, 
	0x49, 0x01, 0xcb, 
	0x49, 0x83, 0xc5, 0x40, 
	0x48, 0x8b, 0x45, 0xd0, 
	0x48, 0x83, 0xc0, 0xc0, 
	0x4d, 0x89, 0xf1, 
	0x4c, 0x8b, 0x45, 0xb8, 
	
	0x48, 0x83, 0xf8, 0x40, 
	0x48, 0x89, 0x45, 0xd0, 
	0x0f, 0x8c, 0x3e, 0x02, 0x00, 0x00, 
	
	0xf3, 0x41, 0x0f, 0x6f, 0x55, 0x00, 
	0xf3, 0x41, 0x0f, 0x6f, 0x6d, 0x10, 
	0xf3, 0x41, 0x0f, 0x6f, 0x7d, 0x20, 
	0xf3, 0x41, 0x0f, 0x6f, 0x75, 0x30, 
	0x66, 0x0f, 0x6f, 0xda, 
	0x66, 0x0f, 0x74, 0xd9, 
	0x66, 0x0f, 0xd7, 0xc3, 
	0x66, 0x0f, 0x6f, 0xdd, 
	0x66, 0x0f, 0x74, 0xd9, 
	0x66, 0x0f, 0xd7, 0xf3, 
	0x66, 0x0f, 0x6f, 0xdf, 
	0x66, 0x0f, 0x74, 0xd9, 
	0x66, 0x0f, 0xd7, 0xfb, 
	0x66, 0x0f, 0x6f, 0xde, 
	0x66, 0x0f, 0x74, 0xd9, 
	0x66, 0x0f, 0xd7, 0xdb, 
	0x48, 0xc1, 0xe3, 0x30, 
	0x48, 0xc1, 0xe7, 0x20, 
	0x48, 0x09, 0xdf, 
	0x48, 0xc1, 0xe6, 0x10, 
	0x48, 0x09, 0xfe, 
	0x48, 0x09, 0xf0, 
	0x48, 0x89, 0xc6, 
	0x4c, 0x09, 0xc6, 
	0x0f, 0x85, 0x0e, 0x00, 0x00, 0x00, 
	0x48, 0xc7, 0xc0, 0xff, 0xff, 0xff, 0xff, 
	0x31, 0xff, 
	0xe9, 0x45, 0x00, 0x00, 0x00, 
	
	0x4c, 0x89, 0xc6, 
	0x48, 0xf7, 0xd6, 
	0x48, 0x21, 0xc6, 
	0x48, 0x8d, 0x1c, 0x36, 
	0x4c, 0x09, 0xc3, 
	0x48, 0x89, 0xdf, 
	0x48, 0xf7, 0xd7, 
	0x48, 0xb9, 0xaa, 0xaa, 0xaa, 0xaa, 0xaa, 0xaa, 0xaa, 0xaa, 
	0x48, 0x21, 0xc8, 
	0x48, 0x21, 0xf8, 
	0x31, 0xff, 
	0x48, 0x01, 0xf0, 
	0x40, 0x0f, 0x92, 0xc7, 
	0x48, 0x01, 0xc0, 
	0x48, 0xb9, 0x55, 0x55, 0x55, 0x55, 0x55, 0x55, 0x55, 0x55, 
	0x48, 0x31, 0xc8, 
	0x48, 0x21, 0xd8, 
	0x48, 0xf7, 0xd0, 
	
	0x48, 0x89, 0x7d, 0xb8, 
	0x66, 0x0f, 0x6f, 0xde, 
	0x66, 0x0f, 0x74, 0xd8, 
	0x66, 0x0f, 0xd7, 0xf3, 
	0x48, 0xc1, 0xe6, 0x30, 
	0x66, 0x0f, 0x6f, 0xdf, 
	0x66, 0x0f, 0x74, 0xd8, 
	0x66, 0x0f, 0xd7, 0xfb, 
	0x48, 0xc1, 0xe7, 0x20, 
	0x48, 0x09, 0xf7, 
	0x66, 0x0f, 0x6f, 0xdd, 
	0x66, 0x0f, 0x74, 0xd8, 
	0x66, 0x0f, 0xd7, 0xf3, 
	0x48, 0xc1, 0xe6, 0x10, 
	0x48, 0x09, 0xfe, 
	0x66, 0x0f, 0x6f, 0xda, 
	0x66, 0x0f, 0x74, 0xd8, 
	0x66, 0x0f, 0xd7, 0xfb, 
	0x48, 0x09, 0xf7, 
	0x48, 0x21, 0xc7, 
	0x66, 0x48, 0x0f, 0x6e, 0xdf, 
	0x66, 0x41, 0x0f, 0x3a, 0x44, 0xd9, 0x00, 
	0x66, 0x49, 0x0f, 0x7e, 0xde, 
	0x4d, 0x31, 0xce, 
	0x66, 0x0f, 0x6f, 0xda, 
	0x66, 0x41, 0x0f, 0x74, 0xdb, 
	0x66, 0x44, 0x0f, 0xd7, 0xd3, 
	0x66, 0x0f, 0x6f, 0xdd, 
	0x66, 0x41, 0x0f, 0x74, 0xdb, 
	0x66, 0x0f, 0xd7, 0xf3, 
	0x66, 0x0f, 0x6f, 0xdf, 
	0x66, 0x41, 0x0f, 0x74, 0xdb, 
	0x66, 0x0f, 0xd7, 0xdb, 
	0x66, 0x0f, 0x6f, 0xde, 
	0x66, 0x41, 0x0f, 0x74, 0xdb, 
	0x66, 0x0f, 0xd7, 0xcb, 
	0x48, 0xc1, 0xe1, 0x30, 
	0x48, 0xc1, 0xe3, 0x20, 
	0x48, 0x09, 0xcb, 
	0x48, 0xc1, 0xe6, 0x10, 
	0x48, 0x09, 0xde, 
	0x49, 0x09, 0xf2, 
	0x4d, 0x89, 0xf1, 
	0x49, 0xf7, 0xd1, 
	0x4d, 0x21, 0xca, 
	0x66, 0x41, 0x0f, 0x74, 0xd4, 
	0x66, 0x0f, 0xd7, 0xf2, 
	0x66, 0x41, 0x0f, 0x74, 0xec, 
	0x66, 0x0f, 0xd7, 0xdd, 
	0x66, 0x41, 0x0f, 0x74, 0xfc, 
	0x66, 0x0f, 0xd7, 0xff, 
	0x66, 0x41, 0x0f, 0x74, 0xf4, 
	0x66, 0x0f, 0xd7, 0xce, 
	0x48, 0xc1, 0xe1, 0x30, 
	0x48, 0xc1, 0xe7, 0x20, 
	0x48, 0x09, 0xcf, 
	0x48, 0xc1, 0xe3, 0x10, 
	0x48, 0x09, 0xfb, 
	0x48, 0x09, 0xde, 
	0x4c, 0x21, 0xce, 
	0x0f, 0x84, 0xce, 0xfd, 0xff, 0xff, 
	0x49, 0xb9, 0x00, 0x26, 0x00, 0x00, 0x01, 0x00, 0x00, 0x00, 
	0x90, 0x90, 
	
	0x48, 0x8d, 0x5e, 0xff, 
	0x48, 0x89, 0xd9, 
	0x4c, 0x21, 0xd1, 
	0x48, 0x89, 0xcf, 
	0x48, 0xd1, 0xef, 
	0x49, 0xb8, 0x55, 0x55, 0x55, 0x55, 0x55, 0x55, 0x55, 0x55, 
	0x4c, 0x21, 0xc7, 
	0x48, 0x29, 0xf9, 
	0x48, 0x89, 0xcf, 
	0x48, 0xb8, 0x33, 0x33, 0x33, 0x33, 0x33, 0x33, 0x33, 0x33, 
	0x48, 0x21, 0xc7, 
	0x48, 0xc1, 0xe9, 0x02, 
	0x48, 0x21, 0xc1, 
	0x48, 0x01, 0xf9, 
	0x48, 0x89, 0xcf, 
	0x48, 0xc1, 0xef, 0x04, 
	0x48, 0x01, 0xcf, 
	0x48, 0xb8, 0x0f, 0x0f, 0x0f, 0x0f, 0x0f, 0x0f, 0x0f, 0x0f, 
	0x48, 0x21, 0xc7, 
	0x48, 0xb8, 0x01, 0x01, 0x01, 0x01, 0x01, 0x01, 0x01, 0x01, 
	0x48, 0x0f, 0xaf, 0xf8, 
	0x48, 0xc1, 0xef, 0x38, 
	0x4c, 0x01, 0xdf, 
	0x48, 0x39, 0xd7, 
	0x0f, 0x86, 0x72, 0x01, 0x00, 0x00, 
	0x48, 0x83, 0xc2, 0x01, 
	0x48, 0x21, 0xde, 
	0x0f, 0x85, 0x84, 0xff, 0xff, 0xff, 
	0xe9, 0x41, 0xfd, 0xff, 0xff, 
	
	0x48, 0x85, 0xc0, 
	0x0f, 0x8e, 0xaa, 0x08, 0x00, 0x00, 
	0x4c, 0x89, 0xc3, 
	0xf3, 0x44, 0x0f, 0x7f, 0x45, 0x80, 
	0xf3, 0x44, 0x0f, 0x7f, 0x85, 0x70, 0xff, 0xff, 0xff, 
	0xf3, 0x44, 0x0f, 0x7f, 0x85, 0x60, 0xff, 0xff, 0xff, 
	0xf3, 0x44, 0x0f, 0x7f, 0x85, 0x50, 0xff, 0xff, 0xff, 
	0x44, 0x89, 0xe8, 
	0x25, 0xff, 0x0f, 0x00, 0x00, 
	0x3d, 0xc1, 0x0f, 0x00, 0x00, 
	0x0f, 0x82, 0x3d, 0x00, 0x00, 0x00, 
	0x48, 0x83, 0x7d, 0xd0, 0x20, 
	0x0f, 0x82, 0x42, 0x00, 0x00, 0x00, 
	0x41, 0x0f, 0x10, 0x55, 0x00, 
	0x0f, 0x11, 0x95, 0x50, 0xff, 0xff, 0xff, 
	0xf3, 0x41, 0x0f, 0x6f, 0x55, 0x10, 
	0xf3, 0x0f, 0x7f, 0x95, 0x60, 0xff, 0xff, 0xff, 
	0x49, 0x83, 0xc5, 0x20, 
	0x48, 0x8b, 0x45, 0xd0, 
	0x48, 0x8d, 0x70, 0xe0, 
	0x48, 0x8d, 0x85, 0x70, 0xff, 0xff, 0xff, 
	0xe9, 0x1b, 0x00, 0x00, 0x00, 
	
	0x4c, 0x8b, 0x7d, 0xc0, 
	0x4c, 0x8b, 0x65, 0xb0, 
	0x49, 0x89, 0xd8, 
	0xe9, 0x35, 0xfd, 0xff, 0xff, 
	
	0x48, 0x8d, 0x85, 0x50, 0xff, 0xff, 0xff, 
	0x48, 0x8b, 0x75, 0xd0, 
	
	0x48, 0x83, 0xfe, 0x10, 
	0x0f, 0x82, 0x4b, 0x00, 0x00, 0x00, 
	0xf3, 0x41, 0x0f, 0x6f, 0x55, 0x00, 
	0xf3, 0x0f, 0x7f, 0x10, 
	0x49, 0x83, 0xc5, 0x10, 
	0x48, 0x83, 0xc0, 0x10, 
	0x48, 0x83, 0xc6, 0xf0, 
	0x48, 0x83, 0xfe, 0x08, 
	0x0f, 0x83, 0x35, 0x00, 0x00, 0x00, 
	
	0x48, 0x83, 0xfe, 0x04, 
	0x0f, 0x8c, 0x48, 0x00, 0x00, 0x00, 
	
	0x41, 0x8b, 0x4d, 0x00, 
	0x89, 0x08, 
	0x49, 0x83, 0xc5, 0x04, 
	0x48, 0x83, 0xc0, 0x04, 
	0x48, 0x83, 0xc6, 0xfc, 
	0x48, 0x83, 0xfe, 0x02, 
	0x0f, 0x83, 0x36, 0x00, 0x00, 0x00, 
	0xe9, 0x45, 0x00, 0x00, 0x00, 
	
	0x48, 0x83, 0xfe, 0x08, 
	0x0f, 0x82, 0xcb, 0xff, 0xff, 0xff, 
	
	0x49, 0x8b, 0x4d, 0x00, 
	0x48, 0x89, 0x08, 
	0x49, 0x83, 0xc5, 0x08, 
	0x48, 0x83, 0xc0, 0x08, 
	0x48, 0x83, 0xc6, 0xf8, 
	0x48, 0x83, 0xfe, 0x04, 
	0x0f, 0x8d, 0xb8, 0xff, 0xff, 0xff, 
	
	0x48, 0x83, 0xfe, 0x02, 
	0x0f, 0x82, 0x14, 0x00, 0x00, 0x00, 
	
	0x41, 0x0f, 0xb7, 0x4d, 0x00, 
	0x66, 0x89, 0x08, 
	0x49, 0x83, 0xc5, 0x02, 
	0x48, 0x83, 0xc0, 0x02, 
	0x48, 0x83, 0xc6, 0xfe, 
	
	0x4c, 0x89, 0xef, 
	0x4c, 0x8d, 0xad, 0x50, 0xff, 0xff, 0xff, 
	0x48, 0x85, 0xf6, 
	0x4c, 0x8b, 0x7d, 0xc0, 
	0x4c, 0x8b, 0x65, 0xb0, 
	0x49, 0x89, 0xd8, 
	0x0f, 0x84, 0x72, 0xfc, 0xff, 0xff, 
	0x8a, 0x0f, 
	0x88, 0x08, 
	0x4c, 0x8d, 0xad, 0x50, 0xff, 0xff, 0xff, 
	0xe9, 0x62, 0xfc, 0xff, 0xff, 
	
	0x49, 0x8b, 0x07, 
	0x48, 0x0f, 0xbc, 0xce, 
	0x48, 0x2b, 0x4d, 0xd0, 
	0x4c, 0x8d, 0x14, 0x01, 
	0x49, 0x83, 0xc2, 0x01, 
	0x4c, 0x8b, 0x45, 0xc8, 
	0x4d, 0x89, 0x10, 
	0x49, 0x8b, 0x07, 
	0x49, 0x39, 0xc2, 
	0x4c, 0x0f, 0x47, 0xd0, 
	0x4d, 0x89, 0x10, 
	0x4c, 0x8b, 0x5d, 0xa8, 
	0xe9, 0xbd, 0xf4, 0xff, 0xff, 
	
	0x0f, 0xbc, 0xcb, 
	0x48, 0x01, 0xc1, 
	0x4d, 0x8d, 0x14, 0x0e, 
	0x49, 0x83, 0xc2, 0x02, 
	0x4c, 0x8b, 0x45, 0xc8, 
	0x4d, 0x89, 0x10, 
	0x4c, 0x8b, 0x7d, 0xc0, 
	
	0x4c, 0x8b, 0x5d, 0xa8, 
	0x49, 0xb9, 0x00, 0x26, 0x00, 0x00, 0x01, 0x00, 0x00, 0x00, 
	0xe9, 0x91, 0xf4, 0xff, 0xff, 
	
	0x4d, 0x01, 0xea, 
	0x4c, 0x8b, 0x7d, 0xc0, 
	0x4c, 0x8b, 0x65, 0xb0, 
	0x4c, 0x8b, 0x5d, 0xa8, 
	0x4c, 0x8b, 0x75, 0xa0, 
	0x48, 0x8b, 0x5d, 0x90, 
	0x49, 0x83, 0xf8, 0x20, 
	0x0f, 0x82, 0x94, 0x05, 0x00, 0x00, 
	
	0xf3, 0x41, 0x0f, 0x6f, 0x12, 
	0xf3, 0x41, 0x0f, 0x6f, 0x5a, 0x10, 
	0x66, 0x0f, 0x6f, 0xea, 
	0x66, 0x0f, 0x74, 0xe8, 
	0x66, 0x0f, 0xd7, 0xfd, 
	0x66, 0x0f, 0x6f, 0xeb, 
	0x66, 0x0f, 0x74, 0xe8, 
	0x66, 0x0f, 0xd7, 0xcd, 
	0x66, 0x0f, 0x74, 0xd1, 
	0x66, 0x0f, 0xd7, 0xf2, 
	0x66, 0x0f, 0x74, 0xd9, 
	0x66, 0x0f, 0xd7, 0xd3, 
	0x48, 0xc1, 0xe1, 0x10, 
	0x48, 0x09, 0xcf, 
	0x48, 0xc1, 0xe2, 0x10, 
	0x48, 0x09, 0xd6, 
	0x0f, 0x85, 0xe5, 0x04, 0x00, 0x00, 
	0x4d, 0x85, 0xc9, 
	0x0f, 0x85, 0xf8, 0x04, 0x00, 0x00, 
	0x45, 0x31, 0xc9, 
	0x48, 0x85, 0xff, 
	0x0f, 0x84, 0x30, 0x05, 0x00, 0x00, 
	
	0x48, 0x0f, 0xbc, 0xcf, 
	0x4d, 0x29, 0xea, 
	0x49, 0x01, 0xca, 
	0x49, 0x83, 0xc2, 0x01, 
	0x4c, 0x8b, 0x45, 0xc8, 
	0x49, 0xb9, 0x00, 0x26, 0x00, 0x00, 0x01, 0x00, 0x00, 0x00, 
	0x48, 0x8b, 0x4d, 0xb8, 
	0x4d, 0x85, 0xd2, 
	0x0f, 0x89, 0x53, 0xef, 0xff, 0xff, 
	0xe9, 0x74, 0x3b, 0x00, 0x00, 
	
	0x48, 0xc7, 0xc2, 0xfe, 0xff, 0xff, 0xff, 
	0xbe, 0x02, 0x00, 0x00, 0x00, 
	0x48, 0x01, 0xf0, 
	0x49, 0x01, 0xd6, 
	0x0f, 0x8e, 0xce, 0xf3, 0xff, 0xff, 
	
	0x0f, 0xb6, 0x10, 
	0x80, 0xfa, 0x5c, 
	0x0f, 0x84, 0xdc, 0xff, 0xff, 0xff, 
	0x80, 0xfa, 0x22, 
	0x0f, 0x84, 0x2d, 0x04, 0x00, 0x00, 
	0x48, 0xc7, 0xc2, 0xff, 0xff, 0xff, 0xff, 
	0xbe, 0x01, 0x00, 0x00, 0x00, 
	0x48, 0x01, 0xf0, 
	0x49, 0x01, 0xd6, 
	0x0f, 0x8f, 0xd3, 0xff, 0xff, 0xff, 
	0xe9, 0x9c, 0xf3, 0xff, 0xff, 
	
	0x4d, 0x29, 0xea, 
	0x49, 0x01, 0xc2, 
	0xe9, 0x8e, 0xf3, 0xff, 0xff, 
	
	0x48, 0xc7, 0x45, 0xb8, 0xff, 0xff, 0xff, 0xff, 
	0x45, 0x31, 0xc9, 
	0x49, 0x89, 0xda, 
	0x49, 0x83, 0xf8, 0x20, 
	0x0f, 0x83, 0x09, 0xff, 0xff, 0xff, 
	0xe9, 0x98, 0x04, 0x00, 0x00, 
	
	0x48, 0xc7, 0x85, 0x50, 0xff, 0xff, 0xff, 0x00, 0x00, 0x00, 0x00, 
	0x49, 0x8d, 0x42, 0xff, 
	0x4f, 0x8d, 0x04, 0x2a, 
	0x49, 0x83, 0xc0, 0xff, 
	0x48, 0x8b, 0x4d, 0xd0, 
	0x4d, 0x8d, 0x1c, 0x0e, 
	0x48, 0x39, 0x85, 0x40, 0xff, 0xff, 0xff, 
	0x0f, 0x8d, 0xc8, 0x03, 0x00, 0x00, 
	0x48, 0x85, 0xc9, 
	0x0f, 0x8e, 0xbf, 0x03, 0x00, 0x00, 
	0x4c, 0x89, 0x45, 0xb8, 
	
	0x8a, 0x03, 
	0x3c, 0x5c, 
	0x0f, 0x85, 0x49, 0x00, 0x00, 0x00, 
	0x4c, 0x89, 0xc6, 
	0x48, 0x29, 0xde, 
	0x48, 0xc7, 0xc0, 0xff, 0xff, 0xff, 0xff, 
	0x48, 0x85, 0xf6, 
	0x0f, 0x8e, 0x33, 0x3c, 0x00, 0x00, 
	0x0f, 0xb6, 0x4b, 0x01, 
	0x48, 0x8d, 0x15, 0x42, 0x45, 0x00, 0x00, 
	0x8a, 0x0c, 0x11, 
	0x80, 0xf9, 0xff, 
	0x0f, 0x84, 0x32, 0x00, 0x00, 0x00, 
	0x84, 0xc9, 
	0x0f, 0x84, 0x00, 0x3c, 0x00, 0x00, 
	0x88, 0x8d, 0x50, 0xff, 0xff, 0xff, 
	0x48, 0x83, 0xc3, 0x02, 
	0xbe, 0x01, 0x00, 0x00, 0x00, 
	0xe9, 0x3d, 0x01, 0x00, 0x00, 
	
	0x41, 0x3a, 0x06, 
	0x0f, 0x85, 0x8b, 0x03, 0x00, 0x00, 
	0x48, 0x83, 0xc3, 0x01, 
	0x49, 0x83, 0xc6, 0x01, 
	0xe9, 0xa2, 0x01, 0x00, 0x00, 
	
	0x48, 0x83, 0xfe, 0x04, 
	0x0f, 0x8c, 0xdc, 0x3b, 0x00, 0x00, 
	0x4c, 0x8d, 0x4b, 0x02, 
	0x8b, 0x7b, 0x02, 
	0x89, 0xf9, 
	0xf7, 0xd1, 
	0x8d, 0x97, 0xd0, 0xcf, 0xcf, 0xcf, 
	0x81, 0xe1, 0x80, 0x80, 0x80, 0x80, 
	0x48, 0xc7, 0xc0, 0xfe, 0xff, 0xff, 0xff, 
	0x85, 0xd1, 
	0x0f, 0x85, 0x84, 0x3b, 0x00, 0x00, 
	0x49, 0x89, 0xd8, 
	0x4c, 0x89, 0x75, 0xa0, 
	0x8d, 0x9f, 0x19, 0x19, 0x19, 0x19, 
	0x09, 0xfb, 
	0xf7, 0xc3, 0x80, 0x80, 0x80, 0x80, 
	0x0f, 0x85, 0x69, 0x3b, 0x00, 0x00, 
	0x89, 0xfb, 
	0x81, 0xe3, 0x7f, 0x7f, 0x7f, 0x7f, 
	0xba, 0xc0, 0xc0, 0xc0, 0xc0, 
	0x29, 0xda, 
	0x44, 0x8d, 0xb3, 0x46, 0x46, 0x46, 0x46, 
	0x21, 0xca, 
	0x44, 0x85, 0xf2, 
	0x0f, 0x85, 0x48, 0x3b, 0x00, 0x00, 
	0xba, 0xe0, 0xe0, 0xe0, 0xe0, 
	0x29, 0xda, 
	0x81, 0xc3, 0x39, 0x39, 0x39, 0x39, 
	0x21, 0xd1, 
	0x85, 0xd9, 
	0x4c, 0x8b, 0x75, 0xa0, 
	0x0f, 0x85, 0x66, 0x3b, 0x00, 0x00, 
	0x4c, 0x89, 0xc2, 
	0x0f, 0xcf, 
	0x89, 0xf8, 
	0xc1, 0xe8, 0x04, 
	0xf7, 0xd0, 
	0x25, 0x01, 0x01, 0x01, 0x01, 
	0x8d, 0x04, 0xc0, 
	0x81, 0xe7, 0x0f, 0x0f, 0x0f, 0x0f, 
	0x01, 0xc7, 
	0x89, 0xf9, 
	0xc1, 0xe9, 0x04, 
	0x09, 0xf9, 
	0x89, 0xc8, 
	0xc1, 0xe8, 0x08, 
	0x25, 0x00, 0xff, 0x00, 0x00, 
	0x0f, 0xb6, 0xf9, 
	0x09, 0xc7, 
	0x4d, 0x8d, 0x48, 0x06, 
	0x83, 0xff, 0x7f, 
	0x0f, 0x86, 0xf3, 0x00, 0x00, 0x00, 
	0x81, 0xff, 0xff, 0x07, 0x00, 0x00, 
	0x0f, 0x86, 0xf7, 0x00, 0x00, 0x00, 
	0x89, 0xca, 
	0x81, 0xe2, 0x00, 0x00, 0xf8, 0x00, 
	0x81, 0xfa, 0x00, 0x00, 0xd8, 0x00, 
	0x0f, 0x84, 0x09, 0x01, 0x00, 0x00, 
	0xc1, 0xe8, 0x0c, 
	0x0c, 0xe0, 
	0x88, 0x85, 0x50, 0xff, 0xff, 0xff, 
	0xc1, 0xef, 0x06, 
	0x40, 0x80, 0xe7, 0x3f, 
	0x40, 0x80, 0xcf, 0x80, 
	0x40, 0x88, 0xbd, 0x51, 0xff, 0xff, 0xff, 
	0x80, 0xe1, 0x3f, 
	0x80, 0xc9, 0x80, 
	0x88, 0x8d, 0x52, 0xff, 0xff, 0xff, 
	0xbe, 0x03, 0x00, 0x00, 0x00, 
	0x89, 0xc1, 
	
	0x4c, 0x89, 0xcb, 
	0x49, 0xb9, 0x00, 0x26, 0x00, 0x00, 0x01, 0x00, 0x00, 0x00, 
	
	0x4c, 0x8b, 0x45, 0xb8, 
	
	0x48, 0x8d, 0x04, 0x2e, 
	0x48, 0x05, 0x50, 0xff, 0xff, 0xff, 
	0x4d, 0x39, 0xde, 
	0x0f, 0x83, 0x58, 0x00, 0x00, 0x00, 
	0x48, 0x8d, 0x95, 0x50, 0xff, 0xff, 0xff, 
	0x48, 0x39, 0xd0, 
	0x0f, 0x86, 0x48, 0x00, 0x00, 0x00, 
	0x41, 0x38, 0x0e, 
	0x0f, 0x85, 0x3f, 0x00, 0x00, 0x00, 
	0x49, 0x83, 0xc6, 0x01, 
	0x48, 0x8d, 0xb5, 0x51, 0xff, 0xff, 0xff, 
	0x4c, 0x89, 0xf7, 
	
	0x49, 0x89, 0xfe, 
	0x48, 0x89, 0xf1, 
	0x4c, 0x39, 0xdf, 
	0x0f, 0x83, 0x29, 0x00, 0x00, 0x00, 
	0x48, 0x39, 0xc1, 
	0x0f, 0x83, 0x20, 0x00, 0x00, 0x00, 
	0x41, 0x0f, 0xb6, 0x16, 
	0x49, 0x8d, 0x7e, 0x01, 
	0x48, 0x8d, 0x71, 0x01, 
	0x3a, 0x11, 
	0x0f, 0x84, 0xd4, 0xff, 0xff, 0xff, 
	0xe9, 0x07, 0x00, 0x00, 0x00, 
	
	0x48, 0x8d, 0x8d, 0x50, 0xff, 0xff, 0xff, 
	
	0x48, 0x39, 0xc1, 
	0x0f, 0x85, 0xdc, 0x01, 0x00, 0x00, 
	
	0x4c, 0x39, 0xc3, 
	0x0f, 0x83, 0xa7, 0x01, 0x00, 0x00, 
	0x4d, 0x39, 0xde, 
	0x0f, 0x82, 0xe3, 0xfd, 0xff, 0xff, 
	0xe9, 0x99, 0x01, 0x00, 0x00, 
	
	0x88, 0x8d, 0x50, 0xff, 0xff, 0xff, 
	0xbe, 0x01, 0x00, 0x00, 0x00, 
	0xe9, 0x4d, 0xff, 0xff, 0xff, 
	
	0xc1, 0xef, 0x06, 
	0x40, 0x80, 0xcf, 0xc0, 
	0x40, 0x88, 0xbd, 0x50, 0xff, 0xff, 0xff, 
	0x80, 0xe1, 0x3f, 
	0x80, 0xc9, 0x80, 
	0x88, 0x8d, 0x51, 0xff, 0xff, 0xff, 
	0xbe, 0x02, 0x00, 0x00, 0x00, 
	0x89, 0xf9, 
	0xe9, 0x27, 0xff, 0xff, 0xff, 
	
	0x48, 0xc7, 0xc0, 0xfc, 0xff, 0xff, 0xff, 
	0x48, 0x83, 0xfe, 0x06, 
	0x0f, 0x8c, 0xed, 0x39, 0x00, 0x00, 
	0x81, 0xff, 0xff, 0xdb, 0x00, 0x00, 
	0x0f, 0x87, 0xe1, 0x39, 0x00, 0x00, 
	0x41, 0x80, 0x39, 0x5c, 
	0x0f, 0x85, 0xd7, 0x39, 0x00, 0x00, 
	0x41, 0x80, 0x78, 0x07, 0x75, 
	0x0f, 0x85, 0xcc, 0x39, 0x00, 0x00, 
	0x4c, 0x89, 0xc1, 
	0x4d, 0x8d, 0x48, 0x08, 
	0x41, 0x8b, 0x48, 0x08, 
	0x89, 0xce, 
	0xf7, 0xd6, 
	0x8d, 0x91, 0xd0, 0xcf, 0xcf, 0xcf, 
	0x81, 0xe6, 0x80, 0x80, 0x80, 0x80, 
	0x85, 0xd6, 
	0x0f, 0x85, 0x70, 0x39, 0x00, 0x00, 
	0x8d, 0x91, 0x19, 0x19, 0x19, 0x19, 
	0x09, 0xca, 
	0xf7, 0xc2, 0x80, 0x80, 0x80, 0x80, 
	0x0f, 0x85, 0x5c, 0x39, 0x00, 0x00, 
	0x89, 0xcb, 
	0x81, 0xe3, 0x7f, 0x7f, 0x7f, 0x7f, 
	0xba, 0xc0, 0xc0, 0xc0, 0xc0, 
	0x29, 0xda, 
	0x44, 0x8d, 0xb3, 0x46, 0x46, 0x46, 0x46, 
	0x21, 0xf2, 
	0x44, 0x85, 0xf2, 
	0x0f, 0x85, 0x3b, 0x39, 0x00, 0x00, 
	0xba, 0xe0, 0xe0, 0xe0, 0xe0, 
	0x29, 0xda, 
	0x81, 0xc3, 0x39, 0x39, 0x39, 0x39, 
	0x21, 0xd6, 
	0x85, 0xde, 
	0x0f, 0x85, 0x24, 0x39, 0x00, 0x00, 
	0x0f, 0xc9, 
	0x89, 0xca, 
	0xc1, 0xea, 0x04, 
	0xf7, 0xd2, 
	0x81, 0xe2, 0x01, 0x01, 0x01, 0x01, 
	0x8d, 0x14, 0xd2, 
	0x81, 0xe1, 0x0f, 0x0f, 0x0f, 0x0f, 
	0x01, 0xd1, 
	0x89, 0xce, 
	0xc1, 0xee, 0x04, 
	0x09, 0xce, 
	0x89, 0xf1, 
	0x81, 0xe1, 0x00, 0x00, 0xfc, 0x00, 
	0x81, 0xf9, 0x00, 0x00, 0xdc, 0x00, 
	0x0f, 0x85, 0x28, 0x39, 0x00, 0x00, 
	0x89, 0xf0, 
	0xc1, 0xe8, 0x08, 
	0x25, 0x00, 0xff, 0x00, 0x00, 
	0x40, 0x0f, 0xb6, 0xce, 
	0x09, 0xc1, 
	0xc1, 0xe7, 0x0a, 
	0x8d, 0x04, 0x39, 
	0x8d, 0x14, 0x0f, 
	0x81, 0xc2, 0x00, 0x24, 0xa0, 0xfc, 
	0x89, 0xd1, 
	0xc1, 0xe9, 0x12, 
	0x80, 0xc9, 0xf0, 
	0x88, 0x8d, 0x50, 0xff, 0xff, 0xff, 
	0x89, 0xd6, 
	0xc1, 0xee, 0x0c, 
	0x40, 0x80, 0xe6, 0x3f, 
	0x40, 0x80, 0xce, 0x80, 
	0x40, 0x88, 0xb5, 0x51, 0xff, 0xff, 0xff, 
	0xc1, 0xea, 0x06, 
	0x80, 0xe2, 0x3f, 
	0x80, 0xca, 0x80, 
	0x88, 0x95, 0x52, 0xff, 0xff, 0xff, 
	0x24, 0x3f, 
	0x0c, 0x80, 
	0x88, 0x85, 0x53, 0xff, 0xff, 0xff, 
	0x4c, 0x89, 0xc3, 
	0x48, 0x83, 0xc3, 0x0c, 
	0xbe, 0x04, 0x00, 0x00, 0x00, 
	0x4c, 0x8b, 0x7d, 0xc0, 
	0x4c, 0x8b, 0x65, 0xb0, 
	0x49, 0xb9, 0x00, 0x26, 0x00, 0x00, 0x01, 0x00, 0x00, 0x00, 
	0x4c, 0x8b, 0x75, 0xa0, 
	0xe9, 0xdd, 0xfd, 0xff, 0xff, 
	
	0x4c, 0x29, 0xe8, 
	0x48, 0x83, 0xc0, 0x01, 
	0xe9, 0x50, 0xf6, 0xff, 0xff, 
	
	0x4c, 0x31, 0xc3, 
	0x4d, 0x31, 0xde, 
	0x31, 0xc9, 
	0x49, 0x09, 0xde, 
	0x0f, 0x94, 0xc1, 
	
	0x4c, 0x8b, 0x45, 0xc8, 
	0x4c, 0x8b, 0x5d, 0xa8, 
	0xe9, 0x48, 0xeb, 0xff, 0xff, 
	
	0x4d, 0x01, 0xea, 
	0x48, 0x85, 0xd2, 
	0x0f, 0x85, 0xf3, 0xee, 0xff, 0xff, 
	0xe9, 0x24, 0xef, 0xff, 0xff, 
	
	0x31, 0xc9, 
	0xe9, 0xdb, 0xff, 0xff, 0xff, 
	
	0x4b, 0x8d, 0x04, 0x2a, 
	0xe9, 0xa3, 0xf1, 0xff, 0xff, 
	
	0x48, 0x83, 0x7d, 0xb8, 0xff, 
	0x0f, 0x85, 0x11, 0x00, 0x00, 0x00, 
	0x4c, 0x89, 0xd1, 
	0x4c, 0x29, 0xe9, 
	0x48, 0x0f, 0xbc, 0xd6, 
	0x48, 0x01, 0xca, 
	0x48, 0x89, 0x55, 0xb8, 
	
	0x44, 0x89, 0xc9, 
	0xf7, 0xd1, 
	0x21, 0xf1, 
	0x41, 0x8d, 0x14, 0x49, 
	0x8d, 0x1c, 0x09, 
	0xf7, 0xd3, 
	0x21, 0xf3, 
	0x81, 0xe3, 0xaa, 0xaa, 0xaa, 0xaa, 
	0x45, 0x31, 0xc9, 
	0x01, 0xcb, 
	0x41, 0x0f, 0x92, 0xc1, 
	0x01, 0xdb, 
	0x81, 0xf3, 0x55, 0x55, 0x55, 0x55, 
	0x21, 0xd3, 
	0xf7, 0xd3, 
	0x21, 0xdf, 
	0x4c, 0x8b, 0x7d, 0xc0, 
	0x4c, 0x8b, 0x65, 0xb0, 
	0x48, 0x8b, 0x5d, 0x90, 
	0x48, 0x85, 0xff, 
	0x0f, 0x85, 0xd0, 0xfa, 0xff, 0xff, 
	
	0x49, 0x83, 0xc2, 0x20, 
	0x49, 0x83, 0xc0, 0xe0, 
	
	0x4d, 0x85, 0xc9, 
	0x0f, 0x85, 0xe8, 0x00, 0x00, 0x00, 
	0x4c, 0x89, 0xef, 
	0x48, 0xf7, 0xd7, 
	0x4c, 0x8b, 0x4d, 0xb8, 
	0x4d, 0x85, 0xc0, 
	0x0f, 0x84, 0x93, 0x00, 0x00, 0x00, 
	
	0x48, 0x83, 0xc7, 0x01, 
	
	0x31, 0xf6, 
	
	0x41, 0x0f, 0xb6, 0x0c, 0x32, 
	0x80, 0xf9, 0x22, 
	0x0f, 0x84, 0x78, 0x00, 0x00, 0x00, 
	0x80, 0xf9, 0x5c, 
	0x0f, 0x84, 0x12, 0x00, 0x00, 0x00, 
	0x48, 0x83, 0xc6, 0x01, 
	0x49, 0x39, 0xf0, 
	0x0f, 0x85, 0xdc, 0xff, 0xff, 0xff, 
	0xe9, 0x87, 0x00, 0x00, 0x00, 
	
	0x49, 0x8d, 0x48, 0xff, 
	0x48, 0x39, 0xf1, 
	0x0f, 0x84, 0x0e, 0x36, 0x00, 0x00, 
	0x4c, 0x89, 0xf3, 
	0x4a, 0x8d, 0x0c, 0x17, 
	0x48, 0x01, 0xf1, 
	0x49, 0x83, 0xf9, 0xff, 
	0x48, 0x8b, 0x55, 0xb8, 
	0x48, 0x0f, 0x44, 0xd1, 
	0x48, 0x89, 0x55, 0xb8, 
	0x4c, 0x0f, 0x44, 0xc9, 
	0x49, 0x01, 0xf2, 
	0x49, 0x83, 0xc2, 0x02, 
	0x4c, 0x89, 0xc1, 
	0x48, 0x29, 0xf1, 
	0x48, 0x83, 0xc1, 0xfe, 
	0x49, 0x83, 0xc0, 0xfe, 
	0x49, 0x39, 0xf0, 
	0x49, 0x89, 0xc8, 
	0x4c, 0x8b, 0x7d, 0xc0, 
	0x4c, 0x8b, 0x65, 0xb0, 
	0x48, 0x8b, 0x5d, 0x90, 
	0x0f, 0x85, 0x7d, 0xff, 0xff, 0xff, 
	0xe9, 0xbe, 0x35, 0x00, 0x00, 
	
	0x49, 0x01, 0xf2, 
	0x49, 0x83, 0xc2, 0x01, 
	
	0x49, 0xb9, 0x00, 0x26, 0x00, 0x00, 0x01, 0x00, 0x00, 0x00, 
	0x48, 0x8b, 0x4d, 0xb8, 
	
	0x4d, 0x29, 0xea, 
	0x4c, 0x8b, 0x45, 0xc8, 
	0x4d, 0x85, 0xd2, 
	0x0f, 0x89, 0x77, 0xe9, 0xff, 0xff, 
	0xe9, 0x98, 0x35, 0x00, 0x00, 
	
	0x80, 0xf9, 0x22, 
	0x49, 0xb9, 0x00, 0x26, 0x00, 0x00, 0x01, 0x00, 0x00, 0x00, 
	0x48, 0x8b, 0x4d, 0xb8, 
	0x0f, 0x85, 0x7d, 0x35, 0x00, 0x00, 
	0x4d, 0x01, 0xc2, 
	0xe9, 0xcc, 0xff, 0xff, 0xff, 
	
	0x4d, 0x85, 0xc0, 
	0x0f, 0x84, 0x6c, 0x35, 0x00, 0x00, 
	0x48, 0x89, 0xde, 
	0x4c, 0x89, 0xf3, 
	0x4c, 0x89, 0xef, 
	0x48, 0xf7, 0xd7, 
	0x49, 0x8d, 0x0c, 0x3a, 
	0x48, 0x8b, 0x55, 0xb8, 
	0x48, 0x83, 0xfa, 0xff, 
	0x49, 0x89, 0xd1, 
	0x48, 0x0f, 0x44, 0xd1, 
	0x4c, 0x0f, 0x44, 0xc9, 
	0x49, 0x83, 0xc2, 0x01, 
	0x49, 0x83, 0xc0, 0xff, 
	0x48, 0x89, 0x55, 0xb8, 
	0x4c, 0x8b, 0x7d, 0xc0, 
	0x4c, 0x8b, 0x65, 0xb0, 
	0x48, 0x89, 0xf3, 
	0x4d, 0x85, 0xc0, 
	0x0f, 0x85, 0xdf, 0xfe, 0xff, 0xff, 
	0xe9, 0x6d, 0xff, 0xff, 0xff, 
	
	0x4c, 0x8b, 0x7d, 0xc0, 
	0x4d, 0x8b, 0x17, 
	0x4c, 0x8b, 0x45, 0xc8, 
	0x4d, 0x89, 0x10, 
	
	0x4c, 0x8b, 0x65, 0xb0, 
	0xe9, 0xdf, 0xf8, 0xff, 0xff, 
	
	0x49, 0x8d, 0x40, 0xff, 
	0x4c, 0x39, 0xf0, 
	0x0f, 0x85, 0x0d, 0x00, 0x00, 0x00, 
	0x4c, 0x8b, 0x45, 0xc8, 
	0x4c, 0x8b, 0x7d, 0xc0, 
	0xe9, 0xdd, 0xff, 0xff, 0xff, 
	
	0x4b, 0x8d, 0x04, 0x0e, 
	0x48, 0x83, 0xc0, 0x02, 
	0x4d, 0x29, 0xf0, 
	0x49, 0x83, 0xc0, 0xfe, 
	0x4d, 0x89, 0xc6, 
	0x4c, 0x8b, 0x7d, 0xc0, 
	0x4c, 0x8b, 0x65, 0xb0, 
	0xe9, 0xad, 0xef, 0xff, 0xff, 
	0x90, 0x90, 0x90, 0x90, 0x90, 0x90, 0x90, 0x90, 0x90, 0x90, 0x90, 0x90, 
	
	0x80, 0xf9, 0x5b, 
	0x0f, 0x85, 0x5a, 0x28, 0x00, 0x00, 
	0x49, 0x8b, 0x43, 0x08, 
	0x4c, 0x8b, 0x30, 
	0x4d, 0x85, 0xf6, 
	0x0f, 0x88, 0x0a, 0x28, 0x00, 0x00, 
	0x49, 0x8b, 0x0f, 
	0x49, 0x39, 0xca, 
	0x0f, 0x83, 0x2b, 0x00, 0x00, 0x00, 
	0x43, 0x8a, 0x44, 0x15, 0x00, 
	0x3c, 0x0d, 
	0x0f, 0x84, 0x1e, 0x00, 0x00, 0x00, 
	0x3c, 0x20, 
	0x0f, 0x84, 0x16, 0x00, 0x00, 0x00, 
	0x04, 0xf7, 
	0x3c, 0x01, 
	0x0f, 0x86, 0x0c, 0x00, 0x00, 0x00, 
	0x4c, 0x89, 0xd2, 
	0xe9, 0xfc, 0x00, 0x00, 0x00, 
	0x90, 0x90, 0x90, 0x90, 
	
	0x49, 0x8d, 0x52, 0x01, 
	0x48, 0x39, 0xca, 
	0x0f, 0x83, 0x23, 0x00, 0x00, 0x00, 
	0x41, 0x8a, 0x44, 0x15, 0x00, 
	0x3c, 0x0d, 
	0x0f, 0x84, 0x16, 0x00, 0x00, 0x00, 
	0x3c, 0x20, 
	0x0f, 0x84, 0x0e, 0x00, 0x00, 0x00, 
	0x04, 0xf7, 
	0x3c, 0x01, 
	0x0f, 0x87, 0xcc, 0x00, 0x00, 0x00, 
	0x90, 0x90, 0x90, 0x90, 
	
	0x49, 0x8d, 0x52, 0x02, 
	0x48, 0x39, 0xca, 
	0x0f, 0x83, 0x23, 0x00, 0x00, 0x00, 
	0x41, 0x8a, 0x44, 0x15, 0x00, 
	0x3c, 0x0d, 
	0x0f, 0x84, 0x16, 0x00, 0x00, 0x00, 
	0x3c, 0x20, 
	0x0f, 0x84, 0x0e, 0x00, 0x00, 0x00, 
	0x04, 0xf7, 
	0x3c, 0x01, 
	0x0f, 0x87, 0x9c, 0x00, 0x00, 0x00, 
	0x90, 0x90, 0x90, 0x90, 
	
	0x49, 0x8d, 0x52, 0x03, 
	0x48, 0x39, 0xca, 
	0x0f, 0x83, 0x23, 0x00, 0x00, 0x00, 
	0x41, 0x8a, 0x44, 0x15, 0x00, 
	0x3c, 0x0d, 
	0x0f, 0x84, 0x16, 0x00, 0x00, 0x00, 
	0x3c, 0x20, 
	0x0f, 0x84, 0x0e, 0x00, 0x00, 0x00, 
	0x04, 0xf7, 
	0x3c, 0x01, 
	0x0f, 0x87, 0x6c, 0x00, 0x00, 0x00, 
	0x90, 0x90, 0x90, 0x90, 
	
	0x49, 0x8d, 0x52, 0x04, 
	0x48, 0x39, 0xd1, 
	0x0f, 0x86, 0x3e, 0x00, 0x00, 0x00, 
	0x48, 0x39, 0xd1, 
	0x0f, 0x84, 0x3d, 0x00, 0x00, 0x00, 
	0x4a, 0x8d, 0x04, 0x29, 
	0x90, 0x90, 0x90, 0x90, 0x90, 0x90, 
	
	0x41, 0x0f, 0xbe, 0x74, 0x15, 0x00, 
	0x83, 0xfe, 0x20, 
	0x0f, 0x87, 0x30, 0x00, 0x00, 0x00, 
	0x49, 0x0f, 0xa3, 0xf1, 
	0x0f, 0x83, 0x26, 0x00, 0x00, 0x00, 
	0x48, 0x83, 0xc2, 0x01, 
	0x48, 0x39, 0xd1, 
	0x0f, 0x85, 0xda, 0xff, 0xff, 0xff, 
	0xe9, 0x0e, 0x00, 0x00, 0x00, 
	
	0x49, 0x89, 0xd2, 
	0xe9, 0x28, 0x00, 0x00, 0x00, 
	
	0x4c, 0x01, 0xea, 
	0x48, 0x89, 0xd0, 
	
	0x4c, 0x29, 0xe8, 
	0x48, 0x89, 0xc2, 
	
	0x48, 0x39, 0xca, 
	0x0f, 0x83, 0x13, 0x00, 0x00, 0x00, 
	
	0x4c, 0x8d, 0x52, 0x01, 
	0x4d, 0x89, 0x10, 
	0x41, 0x80, 0x7c, 0x15, 0x00, 0x5d, 
	0x0f, 0x84, 0xba, 0x10, 0x00, 0x00, 
	
	0x49, 0x83, 0xc2, 0xff, 
	0x4d, 0x89, 0x10, 
	0x4d, 0x85, 0xf6, 
	0x0f, 0x8e, 0x95, 0x0e, 0x00, 0x00, 
	0x90, 0x90, 0x90, 0x90, 0x90, 
	
	0x49, 0x8b, 0x17, 
	0x49, 0x39, 0xd2, 
	0x0f, 0x83, 0x34, 0x00, 0x00, 0x00, 
	0x43, 0x8a, 0x44, 0x15, 0x00, 
	0x3c, 0x0d, 
	0x0f, 0x84, 0x27, 0x00, 0x00, 0x00, 
	0x3c, 0x20, 
	0x0f, 0x84, 0x1f, 0x00, 0x00, 0x00, 
	0x04, 0xf7, 
	0x3c, 0x01, 
	0x0f, 0x86, 0x15, 0x00, 0x00, 0x00, 
	0x4c, 0x89, 0xd1, 
	0xe9, 0xfd, 0x00, 0x00, 0x00, 
	0x90, 0x90, 0x90, 0x90, 0x90, 0x90, 0x90, 0x90, 0x90, 0x90, 0x90, 0x90, 0x90, 
	
	0x49, 0x8d, 0x4a, 0x01, 
	0x48, 0x39, 0xd1, 
	0x0f, 0x83, 0x23, 0x00, 0x00, 0x00, 
	0x41, 0x8a, 0x44, 0x0d, 0x00, 
	0x3c, 0x0d, 
	0x0f, 0x84, 0x16, 0x00, 0x00, 0x00, 
	0x3c, 0x20, 
	0x0f, 0x84, 0x0e, 0x00, 0x00, 0x00, 
	0x04, 0xf7, 
	0x3c, 0x01, 
	0x0f, 0x87, 0xc4, 0x00, 0x00, 0x00, 
	0x90, 0x90, 0x90, 0x90, 
	
	0x49, 0x8d, 0x4a, 0x02, 
	0x48, 0x39, 0xd1, 
	0x0f, 0x83, 0x23, 0x00, 0x00, 0x00, 
	0x41, 0x8a, 0x44, 0x0d, 0x00, 
	0x3c, 0x0d, 
	0x0f, 0x84, 0x16, 0x00, 0x00, 0x00, 
	0x3c, 0x20, 
	0x0f, 0x84, 0x0e, 0x00, 0x00, 0x00, 
	0x04, 0xf7, 
	0x3c, 0x01, 
	0x0f, 0x87, 0x94, 0x00, 0x00, 0x00, 
	0x90, 0x90, 0x90, 0x90, 
	
	0x49, 0x8d, 0x4a, 0x03, 
	0x48, 0x39, 0xd1, 
	0x0f, 0x83, 0x23, 0x00, 0x00, 0x00, 
	0x41, 0x8a, 0x44, 0x0d, 0x00, 
	0x3c, 0x0d, 
	0x0f, 0x84, 0x16, 0x00, 0x00, 0x00, 
	0x3c, 0x20, 
	0x0f, 0x84, 0x0e, 0x00, 0x00, 0x00, 
	0x04, 0xf7, 
	0x3c, 0x01, 
	0x0f, 0x87, 0x64, 0x00, 0x00, 0x00, 
	0x90, 0x90, 0x90, 0x90, 
	
	0x49, 0x8d, 0x4a, 0x04, 
	0x48, 0x39, 0xca, 
	0x0f, 0x86, 0xa3, 0x02, 0x00, 0x00, 
	0x48, 0x39, 0xca, 
	0x0f, 0x84, 0x35, 0x00, 0x00, 0x00, 
	0x4a, 0x8d, 0x04, 0x2a, 
	0x90, 0x90, 0x90, 0x90, 0x90, 0x90, 
	
	0x41, 0x0f, 0xbe, 0x74, 0x0d, 0x00, 
	0x83, 0xfe, 0x20, 
	0x0f, 0x87, 0x28, 0x00, 0x00, 0x00, 
	0x49, 0x0f, 0xa3, 0xf1, 
	0x0f, 0x83, 0x1e, 0x00, 0x00, 0x00, 
	0x48, 0x83, 0xc1, 0x01, 
	0x48, 0x39, 0xca, 
	0x0f, 0x85, 0xda, 0xff, 0xff, 0xff, 
	0xe9, 0x06, 0x00, 0x00, 0x00, 
	
	0x4c, 0x01, 0xe9, 
	0x48, 0x89, 0xc8, 
	
	0x4c, 0x29, 0xe8, 
	0x48, 0x89, 0xc1, 
	
	0x48, 0x39, 0xd1, 
	0x0f, 0x83, 0x56, 0x02, 0x00, 0x00, 
	
	0x4c, 0x8d, 0x51, 0x01, 
	0x4d, 0x89, 0x10, 
	0x41, 0x0f, 0xbe, 0x44, 0x0d, 0x00, 
	0x83, 0xf8, 0x7b, 
	0x0f, 0x87, 0x3a, 0x02, 0x00, 0x00, 
	0x48, 0x8d, 0x15, 0xfb, 0x33, 0x00, 0x00, 
	0x48, 0x63, 0x04, 0x82, 
	0x48, 0x01, 0xd0, 
	0xff, 0xe0, 
	
	0x49, 0x8b, 0x07, 
	0x48, 0x89, 0xc2, 
	0x4c, 0x29, 0xd2, 
	0x48, 0x83, 0xfa, 0x10, 
	0x0f, 0x82, 0xcd, 0x0c, 0x00, 0x00, 
	0x48, 0x89, 0xca, 
	0x48, 0xf7, 0xd2, 
	0x48, 0x83, 0xc1, 0x01, 
	0x90, 0x90, 0x90, 0x90, 0x90, 0x90, 0x90, 0x90, 0x90, 0x90, 0x90, 0x90, 0x90, 
	
	0xf3, 0x41, 0x0f, 0x6f, 0x54, 0x0d, 0x00, 
	0x66, 0x0f, 0x6f, 0xda, 
	0x66, 0x41, 0x0f, 0x74, 0xdd, 
	0x66, 0x41, 0x0f, 0xdb, 0xd6, 
	0x66, 0x0f, 0x74, 0xd4, 
	0x66, 0x0f, 0xeb, 0xd3, 
	0x66, 0x0f, 0xd7, 0xf2, 
	0x85, 0xf6, 
	0x0f, 0x85, 0x87, 0x00, 0x00, 0x00, 
	0x48, 0x83, 0xc1, 0x10, 
	0x48, 0x8d, 0x34, 0x10, 
	0x48, 0x83, 0xc6, 0xf0, 
	0x48, 0x83, 0xc2, 0xf0, 
	0x48, 0x83, 0xfe, 0x0f, 
	0x0f, 0x87, 0xbd, 0xff, 0xff, 0xff, 
	0x4d, 0x89, 0xea, 
	0x49, 0x29, 0xd2, 
	0x48, 0x01, 0xd0, 
	0x48, 0x89, 0xc2, 
	0x48, 0x85, 0xd2, 
	0x0f, 0x84, 0x36, 0x00, 0x00, 0x00, 
	
	0x49, 0x8d, 0x0c, 0x12, 
	0x31, 0xc0, 
	
	0x41, 0x0f, 0xb6, 0x1c, 0x02, 
	0x80, 0xfb, 0x2c, 
	0x0f, 0x84, 0x9d, 0x0b, 0x00, 0x00, 
	0x80, 0xfb, 0x7d, 
	0x0f, 0x84, 0x94, 0x0b, 0x00, 0x00, 
	0x80, 0xfb, 0x5d, 
	0x0f, 0x84, 0x8b, 0x0b, 0x00, 0x00, 
	0x48, 0x83, 0xc0, 0x01, 
	0x48, 0x39, 0xc2, 
	0x0f, 0x85, 0xd3, 0xff, 0xff, 0xff, 
	0x49, 0x89, 0xca, 
	
	0x4d, 0x29, 0xea, 
	0x4c, 0x8b, 0x45, 0xc8, 
	0x4d, 0x89, 0x10, 
	0x4c, 0x8b, 0x7d, 0xc0, 
	0x4c, 0x8b, 0x65, 0xb0, 
	0x49, 0xb9, 0x00, 0x26, 0x00, 0x00, 0x01, 0x00, 0x00, 0x00, 
	0xe9, 0x57, 0x01, 0x00, 0x00, 
	0x90, 
	
	0x66, 0x0f, 0xbc, 0xc6, 
	0x44, 0x0f, 0xb7, 0xd0, 
	0x49, 0x29, 0xd2, 
	0x4d, 0x89, 0x10, 
	0xe9, 0x43, 0x01, 0x00, 0x00, 
	
	0x48, 0x83, 0xc1, 0x04, 
	0x49, 0x3b, 0x0f, 
	0x0f, 0x86, 0x30, 0x01, 0x00, 0x00, 
	0xe9, 0x31, 0x01, 0x00, 0x00, 
	
	0x4c, 0x89, 0x5d, 0xa8, 
	0x4d, 0x8b, 0x07, 
	0x4d, 0x89, 0xc7, 
	0x4d, 0x29, 0xd7, 
	0x49, 0x83, 0xff, 0x20, 
	0x0f, 0x8c, 0xdb, 0x0b, 0x00, 0x00, 
	0x4e, 0x8d, 0x0c, 0x29, 
	0x49, 0x29, 0xc8, 
	0x41, 0xbc, 0x1f, 0x00, 0x00, 0x00, 
	0x45, 0x31, 0xff, 
	0x45, 0x31, 0xdb, 
	0xe9, 0x32, 0x00, 0x00, 0x00, 
	0x90, 0x90, 0x90, 0x90, 0x90, 0x90, 0x90, 0x90, 0x90, 0x90, 0x90, 0x90, 
	
	0x45, 0x31, 0xdb, 
	0x48, 0x85, 0xf6, 
	0x0f, 0x85, 0xa3, 0x00, 0x00, 0x00, 
	
	0x49, 0x83, 0xc7, 0x20, 
	0x4b, 0x8d, 0x04, 0x20, 
	0x48, 0x83, 0xc0, 0xe0, 
	0x49, 0x83, 0xc4, 0xe0, 
	0x48, 0x83, 0xf8, 0x3f, 
	0x0f, 0x8e, 0xe1, 0x0a, 0x00, 0x00, 
	
	0xf3, 0x43, 0x0f, 0x6f, 0x54, 0x39, 0x01, 
	0xf3, 0x43, 0x0f, 0x6f, 0x5c, 0x39, 0x11, 
	0x66, 0x0f, 0x6f, 0xea, 
	0x66, 0x0f, 0x74, 0xe8, 
	0x66, 0x0f, 0xd7, 0xfd, 
	0x66, 0x0f, 0x6f, 0xeb, 
	0x66, 0x0f, 0x74, 0xe8, 
	0x66, 0x0f, 0xd7, 0xf5, 
	0x48, 0xc1, 0xe6, 0x10, 
	0x48, 0x09, 0xfe, 
	0x66, 0x0f, 0x74, 0xd1, 
	0x66, 0x0f, 0xd7, 0xda, 
	0x66, 0x0f, 0x74, 0xd9, 
	0x66, 0x0f, 0xd7, 0xfb, 
	0x48, 0xc1, 0xe7, 0x10, 
	0x48, 0x09, 0xdf, 
	0x48, 0x89, 0xfb, 
	0x4c, 0x09, 0xdb, 
	0x0f, 0x84, 0x8a, 0xff, 0xff, 0xff, 
	0x44, 0x89, 0xdb, 
	0xf7, 0xd3, 
	0x21, 0xfb, 
	0x8d, 0x04, 0x1b, 
	0x44, 0x09, 0xd8, 
	0x89, 0xc2, 
	0xf7, 0xd2, 
	0x21, 0xfa, 
	0x81, 0xe2, 0xaa, 0xaa, 0xaa, 0xaa, 
	0x45, 0x31, 0xdb, 
	0x01, 0xda, 
	0x41, 0x0f, 0x92, 0xc3, 
	0x01, 0xd2, 
	0x81, 0xf2, 0x55, 0x55, 0x55, 0x55, 
	0x21, 0xc2, 
	0xf7, 0xd2, 
	0x21, 0xd6, 
	0x48, 0x85, 0xf6, 
	0x0f, 0x84, 0x5d, 0xff, 0xff, 0xff, 
	
	0x0f, 0xbc, 0xc6, 
	0x48, 0x01, 0xc8, 
	0x4d, 0x8d, 0x14, 0x07, 
	0x49, 0x83, 0xc2, 0x02, 
	0x4c, 0x8b, 0x45, 0xc8, 
	0x4d, 0x89, 0x10, 
	
	0x4c, 0x8b, 0x7d, 0xc0, 
	
	0x4c, 0x8b, 0x65, 0xb0, 
	0x4c, 0x8b, 0x5d, 0xa8, 
	0x49, 0xb9, 0x00, 0x26, 0x00, 0x00, 0x01, 0x00, 0x00, 0x00, 
	0xe9, 0x17, 0x00, 0x00, 0x00, 
	
	0x48, 0x83, 0xc1, 0x05, 
	0x49, 0x3b, 0x0f, 
	0x0f, 0x87, 0x0a, 0x00, 0x00, 0x00, 
	0x90, 0x90, 0x90, 0x90, 
	
	0x49, 0x89, 0x08, 
	0x49, 0x89, 0xca, 
	
	0x4d, 0x8b, 0x2c, 0x24, 
	0x49, 0x8b, 0x4c, 0x24, 0x08, 
	0x49, 0x39, 0xca, 
	0x0f, 0x83, 0x28, 0x00, 0x00, 0x00, 
	0x43, 0x8a, 0x44, 0x15, 0x00, 
	0x3c, 0x0d, 
	0x0f, 0x84, 0x1b, 0x00, 0x00, 0x00, 
	0x3c, 0x20, 
	0x0f, 0x84, 0x13, 0x00, 0x00, 0x00, 
	0x04, 0xf7, 
	0x3c, 0x01, 
	0x0f, 0x86, 0x09, 0x00, 0x00, 0x00, 
	0x4c, 0x89, 0xd2, 
	0xe9, 0xf6, 0x00, 0x00, 0x00, 
	0x90, 
	
	0x49, 0x8d, 0x52, 0x01, 
	0x48, 0x39, 0xca, 
	0x0f, 0x83, 0x23, 0x00, 0x00, 0x00, 
	0x41, 0x8a, 0x44, 0x15, 0x00, 
	0x3c, 0x0d, 
	0x0f, 0x84, 0x16, 0x00, 0x00, 0x00, 
	0x3c, 0x20, 
	0x0f, 0x84, 0x0e, 0x00, 0x00, 0x00, 
	0x04, 0xf7, 
	0x3c, 0x01, 
	0x0f, 0x87, 0xc9, 0x00, 0x00, 0x00, 
	0x90, 0x90, 0x90, 0x90, 
	
	0x49, 0x8d, 0x52, 0x02, 
	0x48, 0x39, 0xca, 
	0x0f, 0x83, 0x23, 0x00, 0x00, 0x00, 
	0x41, 0x8a, 0x44, 0x15, 0x00, 
	0x3c, 0x0d, 
	0x0f, 0x84, 0x16, 0x00, 0x00, 0x00, 
	0x3c, 0x20, 
	0x0f, 0x84, 0x0e, 0x00, 0x00, 0x00, 
	0x04, 0xf7, 
	0x3c, 0x01, 
	0x0f, 0x87, 0x99, 0x00, 0x00, 0x00, 
	0x90, 0x90, 0x90, 0x90, 
	
	0x49, 0x8d, 0x52, 0x03, 
	0x48, 0x39, 0xca, 
	0x0f, 0x83, 0x23, 0x00, 0x00, 0x00, 
	0x41, 0x8a, 0x44, 0x15, 0x00, 
	0x3c, 0x0d, 
	0x0f, 0x84, 0x16, 0x00, 0x00, 0x00, 
	0x3c, 0x20, 
	0x0f, 0x84, 0x0e, 0x00, 0x00, 0x00, 
	0x04, 0xf7, 
	0x3c, 0x01, 
	0x0f, 0x87, 0x69, 0x00, 0x00, 0x00, 
	0x90, 0x90, 0x90, 0x90, 
	
	0x49, 0x8d, 0x52, 0x04, 
	0x48, 0x39, 0xd1, 
	0x0f, 0x86, 0x38, 0x0c, 0x00, 0x00, 
	0x48, 0x39, 0xd1, 
	0x0f, 0x84, 0x3a, 0x00, 0x00, 0x00, 
	0x4a, 0x8d, 0x04, 0x29, 
	0x90, 0x90, 0x90, 0x90, 0x90, 0x90, 
	
	0x41, 0x0f, 0xbe, 0x74, 0x15, 0x00, 
	0x83, 0xfe, 0x20, 
	0x0f, 0x87, 0x2d, 0x00, 0x00, 0x00, 
	0x49, 0x0f, 0xa3, 0xf1, 
	0x0f, 0x83, 0x23, 0x00, 0x00, 0x00, 
	0x48, 0x83, 0xc2, 0x01, 
	0x48, 0x39, 0xd1, 
	0x0f, 0x85, 0xda, 0xff, 0xff, 0xff, 
	0xe9, 0x0b, 0x00, 0x00, 0x00, 
	0x90, 0x90, 0x90, 0x90, 0x90, 
	
	0x4c, 0x01, 0xea, 
	0x48, 0x89, 0xd0, 
	
	0x4c, 0x29, 0xe8, 
	0x48, 0x89, 0xc2, 
	
	0x48, 0x39, 0xca, 
	0x0f, 0x83, 0x3e, 0x22, 0x00, 0x00, 
	
	0x4c, 0x8d, 0x52, 0x01, 
	0x4d, 0x89, 0x10, 
	0x41, 0x8a, 0x44, 0x15, 0x00, 
	0x3c, 0x2c, 
	0x0f, 0x85, 0xb1, 0x0b, 0x00, 0x00, 
	0x49, 0x8d, 0x46, 0xff, 
	0x49, 0x83, 0xfe, 0x02, 
	0x49, 0x89, 0xc6, 
	0x0f, 0x8d, 0x26, 0xfb, 0xff, 0xff, 
	0xe9, 0xb1, 0x09, 0x00, 0x00, 
	
	0x4c, 0x89, 0x5d, 0xa8, 
	0x49, 0x8b, 0x07, 
	0x4c, 0x29, 0xd0, 
	0x4d, 0x01, 0xd5, 
	0x45, 0x31, 0xc9, 
	0x31, 0xdb, 
	0x45, 0x31, 0xdb, 
	0x31, 0xc9, 
	0xe9, 0x73, 0x00, 0x00, 0x00, 
	
	0x49, 0xc1, 0xff, 0x3f, 
	0x4c, 0x89, 0xd0, 
	0x48, 0xd1, 0xe8, 
	0x48, 0xbe, 0x55, 0x55, 0x55, 0x55, 0x55, 0x55, 0x55, 0x55, 
	0x48, 0x21, 0xf0, 
	0x49, 0x29, 0xc2, 
	0x4c, 0x89, 0xd0, 
	0x48, 0xba, 0x33, 0x33, 0x33, 0x33, 0x33, 0x33, 0x33, 0x33, 
	0x48, 0x21, 0xd0, 
	0x49, 0xc1, 0xea, 0x02, 
	0x49, 0x21, 0xd2, 
	0x49, 0x01, 0xc2, 
	0x4c, 0x89, 0xd0, 
	0x48, 0xc1, 0xe8, 0x04, 
	0x4c, 0x01, 0xd0, 
	0x48, 0xba, 0x0f, 0x0f, 0x0f, 0x0f, 0x0f, 0x0f, 0x0f, 0x0f, 
	0x48, 0x21, 0xd0, 
	0x48, 0xba, 0x01, 0x01, 0x01, 0x01, 0x01, 0x01, 0x01, 0x01, 
	0x48, 0x0f, 0xaf, 0xc2, 
	0x48, 0xc1, 0xe8, 0x38, 
	0x49, 0x01, 0xc3, 
	0x49, 0x83, 0xc5, 0x40, 
	0x48, 0x8b, 0x45, 0xd0, 
	0x48, 0x83, 0xc0, 0xc0, 
	0x4d, 0x89, 0xf9, 
	0x48, 0x8b, 0x5d, 0xb8, 
	
	0x48, 0x83, 0xf8, 0x40, 
	0x48, 0x89, 0x45, 0xd0, 
	0x0f, 0x8c, 0x45, 0x02, 0x00, 0x00, 
	
	0xf3, 0x41, 0x0f, 0x6f, 0x55, 0x00, 
	0xf3, 0x41, 0x0f, 0x6f, 0x6d, 0x10, 
	0xf3, 0x41, 0x0f, 0x6f, 0x7d, 0x20, 
	0xf3, 0x41, 0x0f, 0x6f, 0x75, 0x30, 
	0x66, 0x0f, 0x6f, 0xda, 
	0x66, 0x0f, 0x74, 0xd9, 
	0x66, 0x0f, 0xd7, 0xc3, 
	0x66, 0x0f, 0x6f, 0xdd, 
	0x66, 0x0f, 0x74, 0xd9, 
	0x66, 0x0f, 0xd7, 0xd3, 
	0x66, 0x0f, 0x6f, 0xdf, 
	0x66, 0x0f, 0x74, 0xd9, 
	0x66, 0x0f, 0xd7, 0xf3, 
	0x66, 0x0f, 0x6f, 0xde, 
	0x66, 0x0f, 0x74, 0xd9, 
	0x66, 0x0f, 0xd7, 0xfb, 
	0x48, 0xc1, 0xe7, 0x30, 
	0x48, 0xc1, 0xe6, 0x20, 
	0x48, 0x09, 0xfe, 
	0x48, 0xc1, 0xe2, 0x10, 
	0x48, 0x09, 0xf2, 
	0x48, 0x09, 0xd0, 
	0x48, 0x89, 0xc2, 
	0x48, 0x09, 0xda, 
	0x0f, 0x85, 0x12, 0x00, 0x00, 0x00, 
	0x48, 0xc7, 0xc0, 0xff, 0xff, 0xff, 0xff, 
	0x31, 0xd2, 
	0x48, 0x89, 0x55, 0xb8, 
	0xe9, 0x49, 0x00, 0x00, 0x00, 
	
	0x48, 0x89, 0xda, 
	0x48, 0xf7, 0xd2, 
	0x48, 0x21, 0xc2, 
	0x48, 0x8d, 0x34, 0x12, 
	0x48, 0x09, 0xde, 
	0x48, 0x89, 0xf7, 
	0x48, 0xf7, 0xd7, 
	0x48, 0xbb, 0xaa, 0xaa, 0xaa, 0xaa, 0xaa, 0xaa, 0xaa, 0xaa, 
	0x48, 0x21, 0xd8, 
	0x48, 0x21, 0xf8, 
	0x31, 0xff, 
	0x48, 0x01, 0xd0, 
	0x40, 0x0f, 0x92, 0xc7, 
	0x48, 0x89, 0x7d, 0xb8, 
	0x48, 0x01, 0xc0, 
	0x48, 0xba, 0x55, 0x55, 0x55, 0x55, 0x55, 0x55, 0x55, 0x55, 
	0x48, 0x31, 0xd0, 
	0x48, 0x21, 0xf0, 
	0x48, 0xf7, 0xd0, 
	
	0x66, 0x0f, 0x6f, 0xde, 
	0x66, 0x0f, 0x74, 0xd8, 
	0x66, 0x0f, 0xd7, 0xd3, 
	0x48, 0xc1, 0xe2, 0x30, 
	0x66, 0x0f, 0x6f, 0xdf, 
	0x66, 0x0f, 0x74, 0xd8, 
	0x66, 0x0f, 0xd7, 0xf3, 
	0x48, 0xc1, 0xe6, 0x20, 
	0x48, 0x09, 0xd6, 
	0x66, 0x0f, 0x6f, 0xdd, 
	0x66, 0x0f, 0x74, 0xd8, 
	0x66, 0x0f, 0xd7, 0xd3, 
	0x48, 0xc1, 0xe2, 0x10, 
	0x48, 0x09, 0xf2, 
	0x66, 0x0f, 0x6f, 0xda, 
	0x66, 0x0f, 0x74, 0xd8, 
	0x66, 0x0f, 0xd7, 0xf3, 
	0x48, 0x09, 0xd6, 
	0x48, 0x21, 0xc6, 
	0x66, 0x48, 0x0f, 0x6e, 0xde, 
	0x66, 0x41, 0x0f, 0x3a, 0x44, 0xd9, 0x00, 
	0x66, 0x49, 0x0f, 0x7e, 0xdf, 
	0x4d, 0x31, 0xcf, 
	0x66, 0x0f, 0x6f, 0xda, 
	0x66, 0x41, 0x0f, 0x74, 0xda, 
	0x66, 0x44, 0x0f, 0xd7, 0xd3, 
	0x66, 0x0f, 0x6f, 0xdd, 
	0x66, 0x41, 0x0f, 0x74, 0xda, 
	0x66, 0x0f, 0xd7, 0xc3, 
	0x66, 0x0f, 0x6f, 0xdf, 
	0x66, 0x41, 0x0f, 0x74, 0xda, 
	0x66, 0x0f, 0xd7, 0xf3, 
	0x66, 0x0f, 0x6f, 0xde, 
	0x66, 0x41, 0x0f, 0x74, 0xda, 
	0x66, 0x0f, 0xd7, 0xdb, 
	0x48, 0xc1, 0xe3, 0x30, 
	0x48, 0xc1, 0xe6, 0x20, 
	0x48, 0x09, 0xde, 
	0x48, 0xc1, 0xe0, 0x10, 
	0x48, 0x09, 0xf0, 
	0x49, 0x09, 0xc2, 
	0x4d, 0x89, 0xf9, 
	0x49, 0xf7, 0xd1, 
	0x4d, 0x21, 0xca, 
	0x66, 0x0f, 0x74, 0xd4, 
	0x66, 0x0f, 0xd7, 0xc2, 
	0x66, 0x0f, 0x74, 0xec, 
	0x66, 0x0f, 0xd7, 0xdd, 
	0x66, 0x0f, 0x74, 0xfc, 
	0x66, 0x0f, 0xd7, 0xff, 
	0x66, 0x0f, 0x74, 0xf4, 
	0x66, 0x0f, 0xd7, 0xf6, 
	0x48, 0xc1, 0xe6, 0x30, 
	0x48, 0xc1, 0xe7, 0x20, 
	0x48, 0x09, 0xf7, 
	0x48, 0xc1, 0xe3, 0x10, 
	0x48, 0x09, 0xfb, 
	0x48, 0x09, 0xd8, 
	0x4c, 0x21, 0xc8, 
	0x0f, 0x84, 0xce, 0xfd, 0xff, 0xff, 
	0x49, 0xb9, 0x00, 0x26, 0x00, 0x00, 0x01, 0x00, 0x00, 0x00, 
	0x90, 0x90, 0x90, 0x90, 0x90, 0x90, 0x90, 0x90, 0x90, 
	
	0x48, 0x8d, 0x58, 0xff, 
	0x48, 0x89, 0xde, 
	0x4c, 0x21, 0xd6, 
	0x48, 0x89, 0xf7, 
	0x48, 0xd1, 0xef, 
	0x49, 0xb8, 0x55, 0x55, 0x55, 0x55, 0x55, 0x55, 0x55, 0x55, 
	0x4c, 0x21, 0xc7, 
	0x48, 0x29, 0xfe, 
	0x48, 0x89, 0xf7, 
	0x48, 0xba, 0x33, 0x33, 0x33, 0x33, 0x33, 0x33, 0x33, 0x33, 
	0x48, 0x21, 0xd7, 
	0x48, 0xc1, 0xee, 0x02, 
	0x48, 0x21, 0xd6, 
	0x48, 0x01, 0xfe, 
	0x48, 0x89, 0xf7, 
	0x48, 0xc1, 0xef, 0x04, 
	0x48, 0x01, 0xf7, 
	0x48, 0xba, 0x0f, 0x0f, 0x0f, 0x0f, 0x0f, 0x0f, 0x0f, 0x0f, 
	0x48, 0x21, 0xd7, 
	0x48, 0xba, 0x01, 0x01, 0x01, 0x01, 0x01, 0x01, 0x01, 0x01, 
	0x48, 0x0f, 0xaf, 0xfa, 
	0x48, 0xc1, 0xef, 0x38, 
	0x4c, 0x01, 0xdf, 
	0x48, 0x39, 0xcf, 
	0x0f, 0x86, 0xa6, 0x05, 0x00, 0x00, 
	0x48, 0x83, 0xc1, 0x01, 
	0x48, 0x21, 0xd8, 
	0x0f, 0x85, 0x84, 0xff, 0xff, 0xff, 
	0xe9, 0x3a, 0xfd, 0xff, 0xff, 
	
	0x48, 0x85, 0xc0, 
	0x0f, 0x8e, 0x86, 0x06, 0x00, 0x00, 
	0x48, 0x89, 0xdf, 
	0xf3, 0x44, 0x0f, 0x7f, 0x45, 0x80, 
	0xf3, 0x44, 0x0f, 0x7f, 0x85, 0x70, 0xff, 0xff, 0xff, 
	0xf3, 0x44, 0x0f, 0x7f, 0x85, 0x60, 0xff, 0xff, 0xff, 
	0xf3, 0x44, 0x0f, 0x7f, 0x85, 0x50, 0xff, 0xff, 0xff, 
	0x44, 0x89, 0xe8, 
	0x25, 0xff, 0x0f, 0x00, 0x00, 
	0x3d, 0xc1, 0x0f, 0x00, 0x00, 
	0x0f, 0x82, 0x3b, 0x00, 0x00, 0x00, 
	0x48, 0x83, 0x7d, 0xd0, 0x20, 
	0x0f, 0x82, 0x3c, 0x00, 0x00, 0x00, 
	0x41, 0x0f, 0x10, 0x55, 0x00, 
	0x0f, 0x11, 0x95, 0x50, 0xff, 0xff, 0xff, 
	0x41, 0x0f, 0x10, 0x55, 0x10, 
	0x0f, 0x11, 0x95, 0x60, 0xff, 0xff, 0xff, 
	0x49, 0x83, 0xc5, 0x20, 
	0x48, 0x8b, 0x45, 0xd0, 
	0x48, 0x8d, 0x70, 0xe0, 
	0x48, 0x8d, 0x95, 0x70, 0xff, 0xff, 0xff, 
	0xe9, 0x17, 0x00, 0x00, 0x00, 
	
	0x4c, 0x8b, 0x65, 0xb0, 
	0x48, 0x89, 0xfb, 
	0xe9, 0x34, 0xfd, 0xff, 0xff, 
	
	0x48, 0x8d, 0x95, 0x50, 0xff, 0xff, 0xff, 
	0x48, 0x8b, 0x75, 0xd0, 
	
	0x48, 0x83, 0xfe, 0x10, 
	0x0f, 0x82, 0x49, 0x00, 0x00, 0x00, 
	0x41, 0x0f, 0x10, 0x55, 0x00, 
	0x0f, 0x11, 0x12, 
	0x49, 0x83, 0xc5, 0x10, 
	0x48, 0x83, 0xc2, 0x10, 
	0x48, 0x83, 0xc6, 0xf0, 
	0x48, 0x83, 0xfe, 0x08, 
	0x0f, 0x83, 0x35, 0x00, 0x00, 0x00, 
	
	0x48, 0x83, 0xfe, 0x04, 
	0x0f, 0x8c, 0x48, 0x00, 0x00, 0x00, 
	
	0x41, 0x8b, 0x45, 0x00, 
	0x89, 0x02, 
	0x49, 0x83, 0xc5, 0x04, 
	0x48, 0x83, 0xc2, 0x04, 
	0x48, 0x83, 0xc6, 0xfc, 
	0x48, 0x83, 0xfe, 0x02, 
	0x0f, 0x83, 0x36, 0x00, 0x00, 0x00, 
	0xe9, 0x45, 0x00, 0x00, 0x00, 
	
	0x48, 0x83, 0xfe, 0x08, 
	0x0f, 0x82, 0xcb, 0xff, 0xff, 0xff, 
	
	0x49, 0x8b, 0x45, 0x00, 
	0x48, 0x89, 0x02, 
	0x49, 0x83, 0xc5, 0x08, 
	0x48, 0x83, 0xc2, 0x08, 
	0x48, 0x83, 0xc6, 0xf8, 
	0x48, 0x83, 0xfe, 0x04, 
	0x0f, 0x8d, 0xb8, 0xff, 0xff, 0xff, 
	
	0x48, 0x83, 0xfe, 0x02, 
	0x0f, 0x82, 0x14, 0x00, 0x00, 0x00, 
	
	0x41, 0x0f, 0xb7, 0x45, 0x00, 
	0x66, 0x89, 0x02, 
	0x49, 0x83, 0xc5, 0x02, 
	0x48, 0x83, 0xc2, 0x02, 
	0x48, 0x83, 0xc6, 0xfe, 
	
	0x4c, 0x89, 0xe8, 
	0x4c, 0x8d, 0xad, 0x50, 0xff, 0xff, 0xff, 
	0x48, 0x85, 0xf6, 
	0x4c, 0x8b, 0x65, 0xb0, 
	0x48, 0x89, 0xfb, 
	0x0f, 0x84, 0x77, 0xfc, 0xff, 0xff, 
	0x8a, 0x00, 
	0x88, 0x02, 
	0x4c, 0x8d, 0xad, 0x50, 0xff, 0xff, 0xff, 
	0xe9, 0x67, 0xfc, 0xff, 0xff, 
	
	0x4c, 0x89, 0x5d, 0xa8, 
	0x49, 0x8b, 0x07, 
	0x4c, 0x29, 0xd0, 
	0x4d, 0x01, 0xd5, 
	0x45, 0x31, 0xc9, 
	0x31, 0xdb, 
	0x45, 0x31, 0xdb, 
	0x31, 0xc9, 
	0xe9, 0x73, 0x00, 0x00, 0x00, 
	
	0x49, 0xc1, 0xff, 0x3f, 
	0x4c, 0x89, 0xd0, 
	0x48, 0xd1, 0xe8, 
	0x48, 0xbe, 0x55, 0x55, 0x55, 0x55, 0x55, 0x55, 0x55, 0x55, 
	0x48, 0x21, 0xf0, 
	0x49, 0x29, 0xc2, 
	0x4c, 0x89, 0xd0, 
	0x48, 0xba, 0x33, 0x33, 0x33, 0x33, 0x33, 0x33, 0x33, 0x33, 
	0x48, 0x21, 0xd0, 
	0x49, 0xc1, 0xea, 0x02, 
	0x49, 0x21, 0xd2, 
	0x49, 0x01, 0xc2, 
	0x4c, 0x89, 0xd0, 
	0x48, 0xc1, 0xe8, 0x04, 
	0x4c, 0x01, 0xd0, 
	0x48, 0xba, 0x0f, 0x0f, 0x0f, 0x0f, 0x0f, 0x0f, 0x0f, 0x0f, 
	0x48, 0x21, 0xd0, 
	0x48, 0xba, 0x01, 0x01, 0x01, 0x01, 0x01, 0x01, 0x01, 0x01, 
	0x48, 0x0f, 0xaf, 0xc2, 
	0x48, 0xc1, 0xe8, 0x38, 
	0x49, 0x01, 0xc3, 
	0x49, 0x83, 0xc5, 0x40, 
	0x48, 0x8b, 0x45, 0xd0, 
	0x48, 0x83, 0xc0, 0xc0, 
	0x4d, 0x89, 0xf9, 
	0x48, 0x8b, 0x5d, 0xb8, 
	
	0x48, 0x83, 0xf8, 0x40, 
	0x48, 0x89, 0x45, 0xd0, 
	0x0f, 0x8c, 0x4f, 0x02, 0x00, 0x00, 
	
	0xf3, 0x41, 0x0f, 0x6f, 0x55, 0x00, 
	0xf3, 0x41, 0x0f, 0x6f, 0x6d, 0x10, 
	0xf3, 0x41, 0x0f, 0x6f, 0x7d, 0x20, 
	0xf3, 0x41, 0x0f, 0x6f, 0x75, 0x30, 
	0x66, 0x0f, 0x6f, 0xda, 
	0x66, 0x0f, 0x74, 0xd9, 
	0x66, 0x0f, 0xd7, 0xc3, 
	0x66, 0x0f, 0x6f, 0xdd, 
	0x66, 0x0f, 0x74, 0xd9, 
	0x66, 0x0f, 0xd7, 0xd3, 
	0x66, 0x0f, 0x6f, 0xdf, 
	0x66, 0x0f, 0x74, 0xd9, 
	0x66, 0x0f, 0xd7, 0xf3, 
	0x66, 0x0f, 0x6f, 0xde, 
	0x66, 0x0f, 0x74, 0xd9, 
	0x66, 0x0f, 0xd7, 0xfb, 
	0x48, 0xc1, 0xe7, 0x30, 
	0x48, 0xc1, 0xe6, 0x20, 
	0x48, 0x09, 0xfe, 
	0x48, 0xc1, 0xe2, 0x10, 
	0x48, 0x09, 0xf2, 
	0x48, 0x09, 0xd0, 
	0x48, 0x89, 0xc2, 
	0x48, 0x09, 0xda, 
	0x0f, 0x85, 0x12, 0x00, 0x00, 0x00, 
	0x48, 0xc7, 0xc0, 0xff, 0xff, 0xff, 0xff, 
	0x31, 0xd2, 
	0x48, 0x89, 0x55, 0xb8, 
	0xe9, 0x49, 0x00, 0x00, 0x00, 
	
	0x48, 0x89, 0xda, 
	0x48, 0xf7, 0xd2, 
	0x48, 0x21, 0xc2, 
	0x48, 0x8d, 0x34, 0x12, 
	0x48, 0x09, 0xde, 
	0x48, 0x89, 0xf7, 
	0x48, 0xf7, 0xd7, 
	0x48, 0xbb, 0xaa, 0xaa, 0xaa, 0xaa, 0xaa, 0xaa, 0xaa, 0xaa, 
	0x48, 0x21, 0xd8, 
	0x48, 0x21, 0xf8, 
	0x31, 0xff, 
	0x48, 0x01, 0xd0, 
	0x40, 0x0f, 0x92, 0xc7, 
	0x48, 0x89, 0x7d, 0xb8, 
	0x48, 0x01, 0xc0, 
	0x48, 0xba, 0x55, 0x55, 0x55, 0x55, 0x55, 0x55, 0x55, 0x55, 
	0x48, 0x31, 0xd0, 
	0x48, 0x21, 0xf0, 
	0x48, 0xf7, 0xd0, 
	
	0x66, 0x0f, 0x6f, 0xde, 
	0x66, 0x0f, 0x74, 0xd8, 
	0x66, 0x0f, 0xd7, 0xd3, 
	0x48, 0xc1, 0xe2, 0x30, 
	0x66, 0x0f, 0x6f, 0xdf, 
	0x66, 0x0f, 0x74, 0xd8, 
	0x66, 0x0f, 0xd7, 0xf3, 
	0x48, 0xc1, 0xe6, 0x20, 
	0x48, 0x09, 0xd6, 
	0x66, 0x0f, 0x6f, 0xdd, 
	0x66, 0x0f, 0x74, 0xd8, 
	0x66, 0x0f, 0xd7, 0xd3, 
	0x48, 0xc1, 0xe2, 0x10, 
	0x48, 0x09, 0xf2, 
	0x66, 0x0f, 0x6f, 0xda, 
	0x66, 0x0f, 0x74, 0xd8, 
	0x66, 0x0f, 0xd7, 0xf3, 
	0x48, 0x09, 0xd6, 
	0x48, 0x21, 0xc6, 
	0x66, 0x48, 0x0f, 0x6e, 0xde, 
	0x66, 0x41, 0x0f, 0x3a, 0x44, 0xd9, 0x00, 
	0x66, 0x49, 0x0f, 0x7e, 0xdf, 
	0x4d, 0x31, 0xcf, 
	0x66, 0x0f, 0x6f, 0xda, 
	0x66, 0x41, 0x0f, 0x74, 0xdb, 
	0x66, 0x44, 0x0f, 0xd7, 0xd3, 
	0x66, 0x0f, 0x6f, 0xdd, 
	0x66, 0x41, 0x0f, 0x74, 0xdb, 
	0x66, 0x0f, 0xd7, 0xc3, 
	0x66, 0x0f, 0x6f, 0xdf, 
	0x66, 0x41, 0x0f, 0x74, 0xdb, 
	0x66, 0x0f, 0xd7, 0xf3, 
	0x66, 0x0f, 0x6f, 0xde, 
	0x66, 0x41, 0x0f, 0x74, 0xdb, 
	0x66, 0x0f, 0xd7, 0xdb, 
	0x48, 0xc1, 0xe3, 0x30, 
	0x48, 0xc1, 0xe6, 0x20, 
	0x48, 0x09, 0xde, 
	0x48, 0xc1, 0xe0, 0x10, 
	0x48, 0x09, 0xf0, 
	0x49, 0x09, 0xc2, 
	0x4d, 0x89, 0xf9, 
	0x49, 0xf7, 0xd1, 
	0x4d, 0x21, 0xca, 
	0x66, 0x41, 0x0f, 0x74, 0xd4, 
	0x66, 0x0f, 0xd7, 0xc2, 
	0x66, 0x41, 0x0f, 0x74, 0xec, 
	0x66, 0x0f, 0xd7, 0xdd, 
	0x66, 0x41, 0x0f, 0x74, 0xfc, 
	0x66, 0x0f, 0xd7, 0xff, 
	0x66, 0x41, 0x0f, 0x74, 0xf4, 
	0x66, 0x0f, 0xd7, 0xf6, 
	0x48, 0xc1, 0xe6, 0x30, 
	0x48, 0xc1, 0xe7, 0x20, 
	0x48, 0x09, 0xf7, 
	0x48, 0xc1, 0xe3, 0x10, 
	0x48, 0x09, 0xfb, 
	0x48, 0x09, 0xd8, 
	0x4c, 0x21, 0xc8, 
	0x0f, 0x84, 0xca, 0xfd, 0xff, 0xff, 
	0x49, 0xb9, 0x00, 0x26, 0x00, 0x00, 0x01, 0x00, 0x00, 0x00, 
	0x90, 0x90, 0x90, 0x90, 0x90, 0x90, 0x90, 0x90, 0x90, 0x90, 0x90, 0x90, 0x90, 0x90, 0x90, 
	
	0x48, 0x8d, 0x58, 0xff, 
	0x48, 0x89, 0xde, 
	0x4c, 0x21, 0xd6, 
	0x48, 0x89, 0xf7, 
	0x48, 0xd1, 0xef, 
	0x49, 0xb8, 0x55, 0x55, 0x55, 0x55, 0x55, 0x55, 0x55, 0x55, 
	0x4c, 0x21, 0xc7, 
	0x48, 0x29, 0xfe, 
	0x48, 0x89, 0xf7, 
	0x48, 0xba, 0x33, 0x33, 0x33, 0x33, 0x33, 0x33, 0x33, 0x33, 
	0x48, 0x21, 0xd7, 
	0x48, 0xc1, 0xee, 0x02, 
	0x48, 0x21, 0xd6, 
	0x48, 0x01, 0xfe, 
	0x48, 0x89, 0xf7, 
	0x48, 0xc1, 0xef, 0x04, 
	0x48, 0x01, 0xf7, 
	0x48, 0xba, 0x0f, 0x0f, 0x0f, 0x0f, 0x0f, 0x0f, 0x0f, 0x0f, 
	0x48, 0x21, 0xd7, 
	0x48, 0xba, 0x01, 0x01, 0x01, 0x01, 0x01, 0x01, 0x01, 0x01, 
	0x48, 0x0f, 0xaf, 0xfa, 
	0x48, 0xc1, 0xef, 0x38, 
	0x4c, 0x01, 0xdf, 
	0x48, 0x39, 0xcf, 
	0x0f, 0x86, 0x66, 0x01, 0x00, 0x00, 
	0x48, 0x83, 0xc1, 0x01, 
	0x48, 0x21, 0xd8, 
	0x0f, 0x85, 0x84, 0xff, 0xff, 0xff, 
	0xe9, 0x30, 0xfd, 0xff, 0xff, 
	
	0x48, 0x85, 0xc0, 
	0x0f, 0x8e, 0x46, 0x02, 0x00, 0x00, 
	0x48, 0x89, 0xdf, 
	0xf3, 0x44, 0x0f, 0x7f, 0x45, 0x80, 
	0xf3, 0x44, 0x0f, 0x7f, 0x85, 0x70, 0xff, 0xff, 0xff, 
	0xf3, 0x44, 0x0f, 0x7f, 0x85, 0x60, 0xff, 0xff, 0xff, 
	0xf3, 0x44, 0x0f, 0x7f, 0x85, 0x50, 0xff, 0xff, 0xff, 
	0x44, 0x89, 0xe8, 
	0x25, 0xff, 0x0f, 0x00, 0x00, 
	0x3d, 0xc1, 0x0f, 0x00, 0x00, 
	0x0f, 0x82, 0x3b, 0x00, 0x00, 0x00, 
	0x48, 0x83, 0x7d, 0xd0, 0x20, 
	0x0f, 0x82, 0x3c, 0x00, 0x00, 0x00, 
	0x41, 0x0f, 0x10, 0x55, 0x00, 
	0x0f, 0x11, 0x95, 0x50, 0xff, 0xff, 0xff, 
	0x41, 0x0f, 0x10, 0x55, 0x10, 
	0x0f, 0x11, 0x95, 0x60, 0xff, 0xff, 0xff, 
	0x49, 0x83, 0xc5, 0x20, 
	0x48, 0x8b, 0x45, 0xd0, 
	0x48, 0x8d, 0x70, 0xe0, 
	0x48, 0x8d, 0x95, 0x70, 0xff, 0xff, 0xff, 
	0xe9, 0x17, 0x00, 0x00, 0x00, 
	
	0x4c, 0x8b, 0x65, 0xb0, 
	0x48, 0x89, 0xfb, 
	0xe9, 0x2a, 0xfd, 0xff, 0xff, 
	
	0x48, 0x8d, 0x95, 0x50, 0xff, 0xff, 0xff, 
	0x48, 0x8b, 0x75, 0xd0, 
	
	0x48, 0x83, 0xfe, 0x10, 
	0x0f, 0x82, 0x49, 0x00, 0x00, 0x00, 
	0x41, 0x0f, 0x10, 0x55, 0x00, 
	0x0f, 0x11, 0x12, 
	0x49, 0x83, 0xc5, 0x10, 
	0x48, 0x83, 0xc2, 0x10, 
	0x48, 0x83, 0xc6, 0xf0, 
	0x48, 0x83, 0xfe, 0x08, 
	0x0f, 0x83, 0x35, 0x00, 0x00, 0x00, 
	
	0x48, 0x83, 0xfe, 0x04, 
	0x0f, 0x8c, 0x48, 0x00, 0x00, 0x00, 
	
	0x41, 0x8b, 0x45, 0x00, 
	0x89, 0x02, 
	0x49, 0x83, 0xc5, 0x04, 
	0x48, 0x83, 0xc2, 0x04, 
	0x48, 0x83, 0xc6, 0xfc, 
	0x48, 0x83, 0xfe, 0x02, 
	0x0f, 0x83, 0x36, 0x00, 0x00, 0x00, 
	0xe9, 0x45, 0x00, 0x00, 0x00, 
	
	0x48, 0x83, 0xfe, 0x08, 
	0x0f, 0x82, 0xcb, 0xff, 0xff, 0xff, 
	
	0x49, 0x8b, 0x45, 0x00, 
	0x48, 0x89, 0x02, 
	0x49, 0x83, 0xc5, 0x08, 
	0x48, 0x83, 0xc2, 0x08, 
	0x48, 0x83, 0xc6, 0xf8, 
	0x48, 0x83, 0xfe, 0x04, 
	0x0f, 0x8d, 0xb8, 0xff, 0xff, 0xff, 
	
	0x48, 0x83, 0xfe, 0x02, 
	0x0f, 0x82, 0x14, 0x00, 0x00, 0x00, 
	
	0x41, 0x0f, 0xb7, 0x45, 0x00, 
	0x66, 0x89, 0x02, 
	0x49, 0x83, 0xc5, 0x02, 
	0x48, 0x83, 0xc2, 0x02, 
	0x48, 0x83, 0xc6, 0xfe, 
	
	0x4c, 0x89, 0xe8, 
	0x4c, 0x8d, 0xad, 0x50, 0xff, 0xff, 0xff, 
	0x48, 0x85, 0xf6, 
	0x4c, 0x8b, 0x65, 0xb0, 
	0x48, 0x89, 0xfb, 
	0x0f, 0x84, 0x6d, 0xfc, 0xff, 0xff, 
	0x8a, 0x00, 
	0x88, 0x02, 
	0x4c, 0x8d, 0xad, 0x50, 0xff, 0xff, 0xff, 
	0xe9, 0x5d, 0xfc, 0xff, 0xff, 
	
	0x4c, 0x8b, 0x7d, 0xc0, 
	0x49, 0x8b, 0x0f, 
	0x48, 0x0f, 0xbc, 0xc0, 
	0x48, 0x2b, 0x45, 0xd0, 
	0x4c, 0x8d, 0x14, 0x08, 
	0x49, 0x83, 0xc2, 0x01, 
	0x4c, 0x8b, 0x45, 0xc8, 
	0x4d, 0x89, 0x10, 
	0x49, 0x8b, 0x07, 
	0x49, 0x39, 0xc2, 
	0x4c, 0x0f, 0x47, 0xd0, 
	0x4d, 0x89, 0x10, 
	0x4c, 0x8b, 0x5d, 0xa8, 
	0xe9, 0xfd, 0xf5, 0xff, 0xff, 
	
	0x4d, 0x29, 0xea, 
	0x49, 0x01, 0xc2, 
	0x4d, 0x89, 0x10, 
	0xe9, 0xef, 0xf5, 0xff, 0xff, 
	
	0x4d, 0x85, 0xdb, 
	0x0f, 0x85, 0xc3, 0x00, 0x00, 0x00, 
	0x4b, 0x8d, 0x04, 0x0f, 
	0x48, 0x83, 0xc0, 0x01, 
	0x49, 0xf7, 0xd7, 
	0x4d, 0x01, 0xc7, 
	
	0x4c, 0x8b, 0x65, 0xb0, 
	0x4c, 0x8b, 0x5d, 0xa8, 
	0x4d, 0x85, 0xff, 
	0x4c, 0x8b, 0x45, 0xc8, 
	0x49, 0xb9, 0x00, 0x26, 0x00, 0x00, 0x01, 0x00, 0x00, 0x00, 
	0x0f, 0x8f, 0x1d, 0x00, 0x00, 0x00, 
	0xe9, 0x45, 0x00, 0x00, 0x00, 
	
	0x48, 0xc7, 0xc1, 0xfe, 0xff, 0xff, 0xff, 
	0xbe, 0x02, 0x00, 0x00, 0x00, 
	0x48, 0x01, 0xf0, 
	0x49, 0x01, 0xcf, 
	0x0f, 0x8e, 0x2d, 0x00, 0x00, 0x00, 
	
	0x0f, 0xb6, 0x08, 
	0x80, 0xf9, 0x5c, 
	0x0f, 0x84, 0xdc, 0xff, 0xff, 0xff, 
	0x80, 0xf9, 0x22, 
	0x0f, 0x84, 0x21, 0x00, 0x00, 0x00, 
	0x48, 0xc7, 0xc1, 0xff, 0xff, 0xff, 0xff, 
	0xbe, 0x01, 0x00, 0x00, 0x00, 
	0x48, 0x01, 0xf0, 
	0x49, 0x01, 0xcf, 
	0x0f, 0x8f, 0xd3, 0xff, 0xff, 0xff, 
	
	0x4c, 0x8b, 0x7d, 0xc0, 
	0xe9, 0x66, 0xf5, 0xff, 0xff, 
	
	0x4c, 0x29, 0xe8, 
	0x48, 0x83, 0xc0, 0x01, 
	0x49, 0x89, 0x00, 
	0x49, 0x89, 0xc2, 
	0x4c, 0x8b, 0x7d, 0xc0, 
	0xe9, 0x50, 0xf5, 0xff, 0xff, 
	
	0x4d, 0x01, 0xea, 
	0x48, 0x85, 0xd2, 
	0x0f, 0x85, 0x96, 0xf3, 0xff, 0xff, 
	0xe9, 0xc7, 0xf3, 0xff, 0xff, 
	
	0x4b, 0x8d, 0x04, 0x2a, 
	0xe9, 0x5e, 0xff, 0xff, 0xff, 
	
	0x4c, 0x8b, 0x7d, 0xc0, 
	0x4d, 0x8b, 0x17, 
	0x4c, 0x8b, 0x45, 0xc8, 
	0x4d, 0x89, 0x10, 
	0xe9, 0xf5, 0xf4, 0xff, 0xff, 
	
	0x49, 0x8d, 0x40, 0xff, 
	0x4c, 0x39, 0xf8, 
	0x0f, 0x85, 0x09, 0x00, 0x00, 0x00, 
	0x4c, 0x8b, 0x45, 0xc8, 
	0xe9, 0xdb, 0xf4, 0xff, 0xff, 
	
	0x4b, 0x8d, 0x04, 0x0f, 
	0x48, 0x83, 0xc0, 0x02, 
	0x4d, 0x29, 0xf8, 
	0x49, 0x83, 0xc0, 0xfe, 
	0x4d, 0x89, 0xc7, 
	0xe9, 0x1e, 0xff, 0xff, 0xff, 
	
	
	0x49, 0x83, 0xc3, 0x10, 
	0x4c, 0x89, 0xd0, 
	0x4c, 0x3b, 0x9d, 0x38, 0xff, 0xff, 0xff, 
	0x4c, 0x8b, 0x4d, 0x98, 
	0x0f, 0x85, 0x9d, 0xd3, 0xff, 0xff, 
	
	0x4d, 0x85, 0xc9, 
	0x0f, 0x84, 0xb0, 0x00, 0x00, 0x00, 
	0x0f, 0x10, 0x05, 0x78, 0xd2, 0xff, 0xff, 
	0x41, 0x0f, 0x11, 0x01, 
	0x4d, 0x8b, 0x2c, 0x24, 
	0x4c, 0x89, 0xe8, 
	0x48, 0xf7, 0xd0, 
	0x48, 0x89, 0x85, 0x48, 0xff, 0xff, 0xff, 
	0xb8, 0x01, 0x00, 0x00, 0x00, 
	0x4c, 0x29, 0xe8, 
	0x48, 0x89, 0x45, 0x90, 
	0x4c, 0x89, 0xe8, 
	0x48, 0xf7, 0xd8, 
	0x48, 0x89, 0x85, 0x40, 0xff, 0xff, 0xff, 
	0x49, 0x8d, 0x45, 0xff, 
	0x48, 0x89, 0x45, 0xb0, 
	0x49, 0x8d, 0x45, 0xfe, 
	0x48, 0x89, 0x45, 0xa8, 
	0x49, 0xc7, 0xc6, 0xff, 0xff, 0xff, 0xff, 
	0x49, 0xba, 0x00, 0x26, 0x00, 0x00, 0x01, 0x00, 0x00, 0x00, 
	0xf3, 0x0f, 0x6f, 0x05, 0xd1, 0xd1, 0xff, 0xff, 
	0xf3, 0x0f, 0x6f, 0x0d, 0xd9, 0xd1, 0xff, 0xff, 
	0xf3, 0x44, 0x0f, 0x6f, 0x05, 0x20, 0xd2, 0xff, 0xff, 
	0xf3, 0x0f, 0x6f, 0x1d, 0x28, 0xd2, 0xff, 0xff, 
	0xf3, 0x44, 0x0f, 0x6f, 0x0d, 0x2f, 0xd2, 0xff, 0xff, 
	0xf3, 0x44, 0x0f, 0x6f, 0x15, 0x36, 0xd2, 0xff, 0xff, 
	0xf3, 0x44, 0x0f, 0x6f, 0x1d, 0x7d, 0xd1, 0xff, 0xff, 
	0xf3, 0x44, 0x0f, 0x6f, 0x25, 0x34, 0xd2, 0xff, 0xff, 
	0xf3, 0x44, 0x0f, 0x6f, 0x2d, 0x3b, 0xd2, 0xff, 0xff, 
	0x4c, 0x8d, 0x1d, 0xcc, 0x29, 0x00, 0x00, 
	0xe9, 0xae, 0x01, 0x00, 0x00, 
	
	0x4c, 0x89, 0xe0, 
	0x4d, 0x8b, 0x24, 0x24, 
	0x48, 0x8b, 0x78, 0x08, 
	0x49, 0x8b, 0x30, 
	0x48, 0x39, 0xfe, 
	0x0f, 0x83, 0x26, 0x00, 0x00, 0x00, 
	0x41, 0x8a, 0x04, 0x34, 
	0x3c, 0x0d, 
	0x0f, 0x84, 0x1a, 0x00, 0x00, 0x00, 
	0x3c, 0x20, 
	0x0f, 0x84, 0x12, 0x00, 0x00, 0x00, 
	0x04, 0xf7, 
	0x3c, 0x01, 
	0x0f, 0x86, 0x08, 0x00, 0x00, 0x00, 
	0x49, 0x89, 0xf3, 
	0xe9, 0x94, 0x17, 0x00, 0x00, 
	
	0x4c, 0x8d, 0x5e, 0x01, 
	0x49, 0x39, 0xfb, 
	0x0f, 0x83, 0x1e, 0x00, 0x00, 0x00, 
	0x43, 0x8a, 0x04, 0x1c, 
	0x3c, 0x0d, 
	0x0f, 0x84, 0x12, 0x00, 0x00, 0x00, 
	0x3c, 0x20, 
	0x0f, 0x84, 0x0a, 0x00, 0x00, 0x00, 
	0x04, 0xf7, 
	0x3c, 0x01, 
	0x0f, 0x87, 0x69, 0x17, 0x00, 0x00, 
	
	0x4c, 0x8d, 0x5e, 0x02, 
	0x49, 0x39, 0xfb, 
	0x0f, 0x83, 0x1e, 0x00, 0x00, 0x00, 
	0x43, 0x8a, 0x04, 0x1c, 
	0x3c, 0x0d, 
	0x0f, 0x84, 0x12, 0x00, 0x00, 0x00, 
	0x3c, 0x20, 
	0x0f, 0x84, 0x0a, 0x00, 0x00, 0x00, 
	0x04, 0xf7, 
	0x3c, 0x01, 
	0x0f, 0x87, 0x3e, 0x17, 0x00, 0x00, 
	
	0x4c, 0x8d, 0x5e, 0x03, 
	0x49, 0x39, 0xfb, 
	0x0f, 0x83, 0x1e, 0x00, 0x00, 0x00, 
	0x43, 0x8a, 0x04, 0x1c, 
	0x3c, 0x0d, 
	0x0f, 0x84, 0x12, 0x00, 0x00, 0x00, 
	0x3c, 0x20, 
	0x0f, 0x84, 0x0a, 0x00, 0x00, 0x00, 
	0x04, 0xf7, 
	0x3c, 0x01, 
	0x0f, 0x87, 0x13, 0x17, 0x00, 0x00, 
	
	0x48, 0x83, 0xc6, 0x04, 
	0x48, 0x39, 0xf7, 
	0x0f, 0x86, 0x9a, 0x16, 0x00, 0x00, 
	0x48, 0x39, 0xf7, 
	0x0f, 0x84, 0xde, 0x16, 0x00, 0x00, 
	0x49, 0x8d, 0x04, 0x3c, 
	0x48, 0xb9, 0x00, 0x26, 0x00, 0x00, 0x01, 0x00, 0x00, 0x00, 
	0x90, 0x90, 0x90, 0x90, 0x90, 0x90, 0x90, 0x90, 0x90, 0x90, 0x90, 0x90, 0x90, 
	
	0x41, 0x0f, 0xbe, 0x14, 0x34, 
	0x83, 0xfa, 0x20, 
	0x0f, 0x87, 0xc1, 0x16, 0x00, 0x00, 
	0x48, 0x0f, 0xa3, 0xd1, 
	0x0f, 0x83, 0xb7, 0x16, 0x00, 0x00, 
	0x48, 0x83, 0xc6, 0x01, 
	0x48, 0x39, 0xf7, 
	0x0f, 0x85, 0xdb, 0xff, 0xff, 0xff, 
	0xe9, 0x9f, 0x16, 0x00, 0x00, 
	
	0x3c, 0x5d, 
	0x0f, 0x84, 0x23, 0x00, 0x00, 0x00, 
	0xe9, 0x6c, 0x16, 0x00, 0x00, 
	
	0x80, 0xfa, 0x7d, 
	0x0f, 0x85, 0x63, 0x16, 0x00, 0x00, 
	0xe9, 0x10, 0x00, 0x00, 0x00, 
	
	0x49, 0x89, 0xd2, 
	0xe9, 0x56, 0x16, 0x00, 0x00, 
	
	0x3c, 0x7d, 
	0x0f, 0x85, 0x4e, 0x16, 0x00, 0x00, 
	
	0x49, 0x83, 0xc2, 0xff, 
	0x4d, 0x89, 0x10, 
	0x48, 0xc7, 0xc0, 0xdf, 0xff, 0xff, 0xff, 
	0xe9, 0x49, 0x16, 0x00, 0x00, 
	
	0x49, 0xf7, 0xdc, 
	0x4d, 0x89, 0xe0, 
	
	0x4d, 0x85, 0xc0, 
	0x0f, 0x88, 0xd1, 0x17, 0x00, 0x00, 
	
	0x49, 0x01, 0xc0, 
	0x48, 0x8b, 0x4d, 0xc8, 
	0x4c, 0x89, 0x01, 
	0x48, 0x85, 0xc0, 
	0x4c, 0x8b, 0x7d, 0xc0, 
	0x4c, 0x8b, 0x4d, 0x98, 
	0x49, 0xba, 0x00, 0x26, 0x00, 0x00, 0x01, 0x00, 0x00, 0x00, 
	0x4c, 0x8d, 0x1d, 0x3b, 0x28, 0x00, 0x00, 
	0x4c, 0x8b, 0x75, 0xb8, 
	0x0f, 0x88, 0x0a, 0x16, 0x00, 0x00, 
	0x90, 0x90, 0x90, 0x90, 0x90, 0x90, 0x90, 0x90, 0x90, 
	
	0x49, 0x8b, 0x11, 
	0x4c, 0x89, 0xf0, 
	0x48, 0x85, 0xd2, 
	0x0f, 0x84, 0xf2, 0x15, 0x00, 0x00, 
	
	0x4c, 0x89, 0xf1, 
	0x49, 0x8b, 0x07, 
	0x4c, 0x8b, 0x45, 0xc8, 
	0x49, 0x8b, 0x10, 
	0x48, 0x39, 0xc2, 
	0x0f, 0x83, 0x2b, 0x00, 0x00, 0x00, 
	0x41, 0x8a, 0x5c, 0x15, 0x00, 
	0x80, 0xfb, 0x0d, 
	0x0f, 0x84, 0x1d, 0x00, 0x00, 0x00, 
	0x80, 0xfb, 0x20, 
	0x0f, 0x84, 0x14, 0x00, 0x00, 0x00, 
	0x80, 0xc3, 0xf7, 
	0x80, 0xfb, 0x01, 
	0x0f, 0x86, 0x08, 0x00, 0x00, 0x00, 
	0x49, 0x89, 0xd6, 
	0xe9, 0xf8, 0x00, 0x00, 0x00, 
	
	
	0x4c, 0x8d, 0x72, 0x01, 
	0x49, 0x39, 0xc6, 
	0x0f, 0x83, 0x23, 0x00, 0x00, 0x00, 
	0x43, 0x8a, 0x5c, 0x35, 0x00, 
	0x80, 0xfb, 0x0d, 
	0x0f, 0x84, 0x15, 0x00, 0x00, 0x00, 
	0x80, 0xfb, 0x20, 
	0x0f, 0x84, 0x0c, 0x00, 0x00, 0x00, 
	0x80, 0xc3, 0xf7, 
	0x80, 0xfb, 0x01, 
	0x0f, 0x87, 0xc8, 0x00, 0x00, 0x00, 
	
	
	0x4c, 0x8d, 0x72, 0x02, 
	0x49, 0x39, 0xc6, 
	0x0f, 0x83, 0x23, 0x00, 0x00, 0x00, 
	0x43, 0x8a, 0x5c, 0x35, 0x00, 
	0x80, 0xfb, 0x0d, 
	0x0f, 0x84, 0x15, 0x00, 0x00, 0x00, 
	0x80, 0xfb, 0x20, 
	0x0f, 0x84, 0x0c, 0x00, 0x00, 0x00, 
	0x80, 0xc3, 0xf7, 
	0x80, 0xfb, 0x01, 
	0x0f, 0x87, 0x98, 0x00, 0x00, 0x00, 
	
	
	0x4c, 0x8d, 0x72, 0x03, 
	0x49, 0x39, 0xc6, 
	0x0f, 0x83, 0x23, 0x00, 0x00, 0x00, 
	0x43, 0x8a, 0x5c, 0x35, 0x00, 
	0x80, 0xfb, 0x0d, 
	0x0f, 0x84, 0x15, 0x00, 0x00, 0x00, 
	0x80, 0xfb, 0x20, 
	0x0f, 0x84, 0x0c, 0x00, 0x00, 0x00, 
	0x80, 0xc3, 0xf7, 
	0x80, 0xfb, 0x01, 
	0x0f, 0x87, 0x68, 0x00, 0x00, 0x00, 
	
	
	0x48, 0x83, 0xc2, 0x04, 
	0x48, 0x39, 0xd0, 
	0x0f, 0x86, 0xec, 0x14, 0x00, 0x00, 
	0x48, 0x39, 0xd0, 
	0x0f, 0x84, 0x3a, 0x00, 0x00, 0x00, 
	0x4a, 0x8d, 0x34, 0x28, 
	0x90, 0x90, 0x90, 0x90, 0x90, 0x90, 
	
	0x41, 0x0f, 0xbe, 0x7c, 0x15, 0x00, 
	0x83, 0xff, 0x20, 
	0x0f, 0x87, 0x2d, 0x00, 0x00, 0x00, 
	0x49, 0x0f, 0xa3, 0xfa, 
	0x0f, 0x83, 0x23, 0x00, 0x00, 0x00, 
	0x48, 0x83, 0xc2, 0x01, 
	0x48, 0x39, 0xd0, 
	0x0f, 0x85, 0xda, 0xff, 0xff, 0xff, 
	0xe9, 0x0b, 0x00, 0x00, 0x00, 
	0x90, 0x90, 0x90, 0x90, 0x90, 
	
	0x4c, 0x01, 0xea, 
	0x48, 0x89, 0xd6, 
	
	0x4c, 0x29, 0xee, 
	0x48, 0x89, 0xf2, 
	
	0x49, 0x89, 0xd6, 
	0x48, 0x39, 0xc2, 
	0x0f, 0x83, 0x94, 0x14, 0x00, 0x00, 
	
	0x49, 0x8d, 0x46, 0x01, 
	0x49, 0x89, 0x00, 
	0x43, 0x0f, 0xbe, 0x7c, 0x35, 0x00, 
	0x48, 0xc7, 0xc0, 0xff, 0xff, 0xff, 0xff, 
	0x85, 0xff, 
	0x0f, 0x84, 0x9d, 0x14, 0x00, 0x00, 
	0x49, 0x8b, 0x31, 
	0x48, 0x8d, 0x56, 0xff, 
	0x41, 0x8b, 0x1c, 0xf1, 
	0x48, 0x83, 0xf9, 0xff, 
	0x4c, 0x0f, 0x45, 0xf1, 
	0x83, 0xc3, 0xff, 
	0x83, 0xfb, 0x05, 
	0x0f, 0x87, 0x40, 0x00, 0x00, 0x00, 
	0x49, 0x63, 0x0c, 0x9b, 
	0x4c, 0x01, 0xd9, 
	0xff, 0xe1, 
	
	0x83, 0xff, 0x2c, 
	0x0f, 0x84, 0xe2, 0x04, 0x00, 0x00, 
	0x83, 0xff, 0x5d, 
	0x0f, 0x84, 0xc5, 0x04, 0x00, 0x00, 
	0xe9, 0x57, 0x14, 0x00, 0x00, 
	
	0x40, 0x80, 0xff, 0x5d, 
	0x0f, 0x84, 0xb6, 0x04, 0x00, 0x00, 
	0x49, 0xc7, 0x04, 0xf1, 0x01, 0x00, 0x00, 0x00, 
	0x83, 0xff, 0x7b, 
	0x0f, 0x86, 0x11, 0x00, 0x00, 0x00, 
	0xe9, 0x37, 0x14, 0x00, 0x00, 
	
	0x49, 0x89, 0x11, 
	0x83, 0xff, 0x7b, 
	0x0f, 0x87, 0x2b, 0x14, 0x00, 0x00, 
	
	0x89, 0xf9, 
	0x48, 0x8d, 0x15, 0x68, 0x26, 0x00, 0x00, 
	0x48, 0x63, 0x0c, 0x8a, 
	0x48, 0x01, 0xd1, 
	0xff, 0xe1, 
	
	0x4d, 0x8b, 0x1f, 
	0x48, 0x8b, 0x45, 0xc8, 
	0x48, 0x8b, 0x38, 
	0x48, 0x8d, 0x47, 0xff, 
	0x49, 0x29, 0xc3, 
	0x0f, 0x84, 0x99, 0x15, 0x00, 0x00, 
	0x4c, 0x89, 0x75, 0xb8, 
	0x4a, 0x8d, 0x0c, 0x2f, 
	0x48, 0x83, 0xc1, 0xff, 
	0x48, 0x89, 0x4d, 0xd0, 
	0x80, 0x39, 0x30, 
	0x0f, 0x85, 0x38, 0x00, 0x00, 0x00, 
	0x41, 0xb8, 0x01, 0x00, 0x00, 0x00, 
	0x49, 0x83, 0xfb, 0x01, 
	0x0f, 0x84, 0xa6, 0xfd, 0xff, 0xff, 
	0x41, 0x8a, 0x4c, 0x3d, 0x00, 
	0x80, 0xc1, 0xd2, 
	0x80, 0xf9, 0x37, 
	0x0f, 0x87, 0x95, 0xfd, 0xff, 0xff, 
	0x0f, 0xb6, 0xc9, 
	0x48, 0xba, 0x01, 0x00, 0x80, 0x00, 0x00, 0x00, 0x80, 0x00, 
	0x48, 0x0f, 0xa3, 0xca, 
	0x0f, 0x83, 0x7e, 0xfd, 0xff, 0xff, 
	
	0x48, 0x89, 0x7d, 0xa0, 
	0x49, 0x83, 0xfb, 0x10, 
	0x0f, 0x82, 0xb2, 0x0e, 0x00, 0x00, 
	0x49, 0xc7, 0xc6, 0xff, 0xff, 0xff, 0xff, 
	0x45, 0x31, 0xc0, 
	0x49, 0xc7, 0xc7, 0xff, 0xff, 0xff, 0xff, 
	0x49, 0xc7, 0xc1, 0xff, 0xff, 0xff, 0xff, 
	0x4c, 0x89, 0xdb, 
	0x90, 0x90, 0x90, 0x90, 0x90, 0x90, 0x90, 0x90, 0x90, 0x90, 0x90, 0x90, 0x90, 0x90, 
	
	0x48, 0x8b, 0x4d, 0xd0, 
	0xf3, 0x42, 0x0f, 0x6f, 0x14, 0x01, 
	0x66, 0x0f, 0x6f, 0xe2, 
	0x66, 0x41, 0x0f, 0x64, 0xe0, 
	0x66, 0x0f, 0x6f, 0xeb, 
	0x66, 0x0f, 0x64, 0xea, 
	0x66, 0x0f, 0xdb, 0xec, 
	0x66, 0x0f, 0x6f, 0xe2, 
	0x66, 0x41, 0x0f, 0x74, 0xe1, 
	0x66, 0x0f, 0x6f, 0xf2, 
	0x66, 0x41, 0x0f, 0x74, 0xf2, 
	0x66, 0x0f, 0xeb, 0xf4, 
	0x66, 0x0f, 0x6f, 0xe2, 
	0x66, 0x41, 0x0f, 0xdb, 0xe3, 
	0x66, 0x41, 0x0f, 0x74, 0xd4, 
	0x66, 0x41, 0x0f, 0x74, 0xe5, 
	0x66, 0x0f, 0xd7, 0xf4, 
	0x66, 0x0f, 0xeb, 0xe2, 
	0x66, 0x0f, 0xeb, 0xee, 
	0x66, 0x0f, 0xeb, 0xec, 
	0x66, 0x0f, 0xd7, 0xfa, 
	0x66, 0x44, 0x0f, 0xd7, 0xe6, 
	0x66, 0x0f, 0xd7, 0xcd, 
	0xf7, 0xd1, 
	0x0f, 0xbc, 0xc9, 
	0x83, 0xf9, 0x10, 
	0x0f, 0x84, 0x13, 0x00, 0x00, 0x00, 
	0xba, 0xff, 0xff, 0xff, 0xff, 
	0xd3, 0xe2, 
	0xf7, 0xd2, 
	0x21, 0xd7, 
	0x21, 0xd6, 
	0x44, 0x21, 0xe2, 
	0x41, 0x89, 0xd4, 
	
	0x44, 0x8d, 0x57, 0xff, 
	0x41, 0x21, 0xfa, 
	0x0f, 0x85, 0x0f, 0x0d, 0x00, 0x00, 
	0x8d, 0x56, 0xff, 
	0x21, 0xf2, 
	0x0f, 0x85, 0x65, 0x0c, 0x00, 0x00, 
	0x41, 0x8d, 0x54, 0x24, 0xff, 
	0x44, 0x21, 0xe2, 
	0x0f, 0x85, 0x57, 0x0c, 0x00, 0x00, 
	0x85, 0xff, 
	0x0f, 0x84, 0x13, 0x00, 0x00, 0x00, 
	0x0f, 0xbc, 0xff, 
	0x49, 0x83, 0xf9, 0xff, 
	0x0f, 0x85, 0xea, 0x0c, 0x00, 0x00, 
	0x4c, 0x01, 0xc7, 
	0x49, 0x89, 0xf9, 
	
	0x85, 0xf6, 
	0x0f, 0x84, 0x13, 0x00, 0x00, 0x00, 
	0x0f, 0xbc, 0xf6, 
	0x49, 0x83, 0xff, 0xff, 
	0x0f, 0x85, 0xd6, 0x0c, 0x00, 0x00, 
	0x4c, 0x01, 0xc6, 
	0x49, 0x89, 0xf7, 
	
	0x45, 0x85, 0xe4, 
	0x0f, 0x84, 0x14, 0x00, 0x00, 0x00, 
	0x41, 0x0f, 0xbc, 0xd4, 
	0x49, 0x83, 0xfe, 0xff, 
	0x0f, 0x85, 0xc0, 0x0c, 0x00, 0x00, 
	0x4c, 0x01, 0xc2, 
	0x49, 0x89, 0xd6, 
	
	0x83, 0xf9, 0x10, 
	0x0f, 0x85, 0xf1, 0x04, 0x00, 0x00, 
	0x48, 0x83, 0xc3, 0xf0, 
	0x49, 0x83, 0xc0, 0x10, 
	0x48, 0x83, 0xfb, 0x0f, 
	0x0f, 0x87, 0xe6, 0xfe, 0xff, 0xff, 
	0x48, 0x8b, 0x4d, 0xd0, 
	0x4a, 0x8d, 0x34, 0x01, 
	0x49, 0x89, 0xf4, 
	0x4d, 0x39, 0xc3, 
	0x4c, 0x8d, 0x15, 0xed, 0x26, 0x00, 0x00, 
	0x0f, 0x84, 0xd9, 0x04, 0x00, 0x00, 
	
	0x4c, 0x8d, 0x24, 0x1e, 
	0x48, 0x8b, 0x4d, 0x90, 
	0x4c, 0x8d, 0x04, 0x31, 
	0x4c, 0x2b, 0x45, 0xa0, 
	0x31, 0xd2, 
	0xe9, 0x21, 0x00, 0x00, 0x00, 
	
	0x49, 0x83, 0xfe, 0xff, 
	0x0f, 0x85, 0x96, 0x0b, 0x00, 0x00, 
	0x4d, 0x8d, 0x34, 0x10, 
	0x90, 0x90, 0x90, 0x90, 0x90, 0x90, 
	
	0x48, 0x83, 0xc2, 0x01, 
	0x48, 0x39, 0xd3, 
	0x0f, 0x84, 0xa1, 0x04, 0x00, 0x00, 
	
	0x0f, 0xbe, 0x3c, 0x16, 
	0x8d, 0x4f, 0xd0, 
	0x83, 0xf9, 0x0a, 
	0x0f, 0x82, 0xe3, 0xff, 0xff, 0xff, 
	0x8d, 0x4f, 0xd5, 
	0x83, 0xf9, 0x1a, 
	0x0f, 0x87, 0x1c, 0x00, 0x00, 0x00, 
	0x49, 0x63, 0x0c, 0x8a, 
	0x4c, 0x01, 0xd1, 
	0xff, 0xe1, 
	
	0x49, 0x83, 0xf9, 0xff, 
	0x0f, 0x85, 0x50, 0x0b, 0x00, 0x00, 
	0x4d, 0x8d, 0x0c, 0x10, 
	0xe9, 0xbb, 0xff, 0xff, 0xff, 
	
	0x83, 0xff, 0x65, 
	0x0f, 0x85, 0x5a, 0x04, 0x00, 0x00, 
	
	0x49, 0x83, 0xff, 0xff, 
	0x0f, 0x85, 0x34, 0x0b, 0x00, 0x00, 
	0x4d, 0x8d, 0x3c, 0x10, 
	0xe9, 0x9f, 0xff, 0xff, 0xff, 
	
	0x83, 0xff, 0x2c, 
	0x0f, 0x85, 0x10, 0x02, 0x00, 0x00, 
	0x48, 0x81, 0xfe, 0xff, 0x0f, 0x00, 0x00, 
	0x0f, 0x8f, 0xf0, 0x12, 0x00, 0x00, 
	0x48, 0x8d, 0x46, 0x01, 
	0x49, 0x89, 0x01, 
	0x49, 0xc7, 0x44, 0xf1, 0x08, 0x03, 0x00, 0x00, 0x00, 
	0xe9, 0x94, 0xfb, 0xff, 0xff, 
	
	0x40, 0x80, 0xff, 0x22, 
	0x0f, 0x85, 0x84, 0x11, 0x00, 0x00, 
	0x4c, 0x89, 0x75, 0xb8, 
	0x49, 0xc7, 0x04, 0xf1, 0x04, 0x00, 0x00, 0x00, 
	0x4d, 0x8b, 0x00, 
	0x49, 0x8b, 0x07, 
	0x49, 0x89, 0xc6, 
	0x4d, 0x29, 0xc6, 
	0x0f, 0x84, 0x13, 0x1f, 0x00, 0x00, 
	0x48, 0x89, 0x45, 0xa0, 
	0x49, 0x83, 0xfe, 0x40, 
	0x0f, 0x82, 0x45, 0x0c, 0x00, 0x00, 
	0x4c, 0x89, 0xc1, 
	0x48, 0xf7, 0xd1, 
	0x48, 0xc7, 0x45, 0xd0, 0xff, 0xff, 0xff, 0xff, 
	0x4c, 0x89, 0xc0, 
	0x45, 0x31, 0xdb, 
	0x90, 0x90, 0x90, 0x90, 0x90, 0x90, 0x90, 0x90, 0x90, 0x90, 
	
	0xf3, 0x41, 0x0f, 0x6f, 0x54, 0x05, 0x00, 
	0xf3, 0x41, 0x0f, 0x6f, 0x6c, 0x05, 0x10, 
	0xf3, 0x41, 0x0f, 0x6f, 0x74, 0x05, 0x20, 
	0xf3, 0x41, 0x0f, 0x6f, 0x7c, 0x05, 0x30, 
	0x66, 0x0f, 0x6f, 0xe2, 
	0x66, 0x0f, 0x74, 0xe0, 
	0x66, 0x44, 0x0f, 0xd7, 0xfc, 
	0x66, 0x0f, 0x6f, 0xe5, 
	0x66, 0x0f, 0x74, 0xe0, 
	0x66, 0x0f, 0xd7, 0xdc, 
	0x66, 0x0f, 0x6f, 0xe6, 
	0x66, 0x0f, 0x74, 0xe0, 
	0x66, 0x0f, 0xd7, 0xd4, 
	0x66, 0x0f, 0x6f, 0xe7, 
	0x66, 0x0f, 0x74, 0xe0, 
	0x66, 0x0f, 0xd7, 0xf4, 
	0x66, 0x0f, 0x74, 0xd1, 
	0x66, 0x44, 0x0f, 0xd7, 0xe2, 
	0x66, 0x0f, 0x74, 0xe9, 
	0x66, 0x0f, 0xd7, 0xfd, 
	0x66, 0x0f, 0x74, 0xf1, 
	0x66, 0x44, 0x0f, 0xd7, 0xd6, 
	0x66, 0x0f, 0x74, 0xf9, 
	0x66, 0x44, 0x0f, 0xd7, 0xcf, 
	0x48, 0xc1, 0xe6, 0x30, 
	0x48, 0xc1, 0xe2, 0x20, 
	0x48, 0x09, 0xf2, 
	0x48, 0xc1, 0xe3, 0x10, 
	0x48, 0x09, 0xd3, 
	0x49, 0x09, 0xdf, 
	0x49, 0xc1, 0xe1, 0x30, 
	0x49, 0xc1, 0xe2, 0x20, 
	0x4d, 0x09, 0xca, 
	0x48, 0xc1, 0xe7, 0x10, 
	0x4c, 0x09, 0xd7, 
	0x49, 0x09, 0xfc, 
	0x0f, 0x85, 0x30, 0x00, 0x00, 0x00, 
	0x4d, 0x85, 0xdb, 
	0x0f, 0x85, 0x3d, 0x00, 0x00, 0x00, 
	0x45, 0x31, 0xdb, 
	0x4d, 0x85, 0xff, 
	0x0f, 0x85, 0x83, 0x00, 0x00, 0x00, 
	
	0x49, 0x83, 0xc6, 0xc0, 
	0x48, 0x83, 0xc1, 0xc0, 
	0x48, 0x83, 0xc0, 0x40, 
	0x49, 0x83, 0xfe, 0x3f, 
	0x0f, 0x87, 0x35, 0xff, 0xff, 0xff, 
	0xe9, 0x3e, 0x09, 0x00, 0x00, 
	
	0x48, 0x83, 0x7d, 0xd0, 0xff, 
	0x0f, 0x85, 0x0b, 0x00, 0x00, 0x00, 
	0x49, 0x0f, 0xbc, 0xd4, 
	0x48, 0x01, 0xc2, 
	0x48, 0x89, 0x55, 0xd0, 
	
	0x4c, 0x89, 0xda, 
	0x48, 0xf7, 0xd2, 
	0x4c, 0x21, 0xe2, 
	0x48, 0x8d, 0x34, 0x12, 
	0x4c, 0x09, 0xde, 
	0x48, 0x89, 0xf7, 
	0x48, 0xf7, 0xd7, 
	0x4c, 0x21, 0xe7, 
	0x48, 0xbb, 0xaa, 0xaa, 0xaa, 0xaa, 0xaa, 0xaa, 0xaa, 0xaa, 
	0x48, 0x21, 0xdf, 
	0x45, 0x31, 0xdb, 
	0x48, 0x01, 0xd7, 
	0x41, 0x0f, 0x92, 0xc3, 
	0x48, 0x01, 0xff, 
	0x48, 0xba, 0x55, 0x55, 0x55, 0x55, 0x55, 0x55, 0x55, 0x55, 
	0x48, 0x31, 0xd7, 
	0x48, 0x21, 0xf7, 
	0x48, 0xf7, 0xd7, 
	0x49, 0x21, 0xff, 
	0x4d, 0x85, 0xff, 
	0x0f, 0x84, 0x7d, 0xff, 0xff, 0xff, 
	
	0x49, 0x0f, 0xbc, 0xc7, 
	0x48, 0x29, 0xc8, 
	0x4c, 0x8b, 0x7d, 0xc0, 
	
	0x4c, 0x8b, 0x4d, 0x98, 
	0x49, 0xba, 0x00, 0x26, 0x00, 0x00, 0x01, 0x00, 0x00, 0x00, 
	0x4c, 0x8d, 0x1d, 0x10, 0x22, 0x00, 0x00, 
	0x4c, 0x8b, 0x75, 0xb8, 
	0x48, 0x85, 0xc0, 
	0x0f, 0x88, 0x2e, 0x11, 0x00, 0x00, 
	
	0x48, 0x8b, 0x4d, 0xc8, 
	0x48, 0x89, 0x01, 
	0x4d, 0x85, 0xc0, 
	0x0f, 0x8f, 0xcb, 0xf9, 0xff, 0xff, 
	0xe9, 0x42, 0x11, 0x00, 0x00, 
	
	0x40, 0x80, 0xff, 0x3a, 
	0x0f, 0x85, 0xb6, 0x0f, 0x00, 0x00, 
	0x49, 0xc7, 0x04, 0xf1, 0x00, 0x00, 0x00, 0x00, 
	0xe9, 0xaf, 0xf9, 0xff, 0xff, 
	
	0x83, 0xff, 0x22, 
	0x0f, 0x84, 0x3f, 0x00, 0x00, 0x00, 
	
	0x83, 0xff, 0x7d, 
	0x0f, 0x85, 0x97, 0x0f, 0x00, 0x00, 
	
	0x49, 0x89, 0x11, 
	0x4c, 0x89, 0xf0, 
	0x48, 0x85, 0xd2, 
	0x0f, 0x85, 0x9d, 0xf9, 0xff, 0xff, 
	0xe9, 0x8a, 0x0f, 0x00, 0x00, 
	
	0x48, 0x81, 0xfe, 0xff, 0x0f, 0x00, 0x00, 
	0x0f, 0x8f, 0xc3, 0x10, 0x00, 0x00, 
	0x48, 0x8d, 0x46, 0x01, 
	0x49, 0x89, 0x01, 
	0x49, 0xc7, 0x44, 0xf1, 0x08, 0x00, 0x00, 0x00, 0x00, 
	0xe9, 0x67, 0xf9, 0xff, 0xff, 
	
	0x4c, 0x89, 0x75, 0xb8, 
	0x49, 0xc7, 0x04, 0xf1, 0x02, 0x00, 0x00, 0x00, 
	0x4d, 0x8b, 0x00, 
	0x49, 0x8b, 0x07, 
	0x49, 0x89, 0xc6, 
	0x4d, 0x29, 0xc6, 
	0x0f, 0x84, 0xf0, 0x1c, 0x00, 0x00, 
	0x48, 0x89, 0x45, 0xa0, 
	0x49, 0x83, 0xfe, 0x40, 
	0x0f, 0x82, 0x79, 0x0a, 0x00, 0x00, 
	0x4c, 0x89, 0xc3, 
	0x48, 0xf7, 0xd3, 
	0x48, 0xc7, 0x45, 0xd0, 0xff, 0xff, 0xff, 0xff, 
	0x4c, 0x89, 0xc0, 
	0x45, 0x31, 0xdb, 
	0x90, 0x90, 0x90, 0x90, 0x90, 0x90, 0x90, 
	
	0xf3, 0x41, 0x0f, 0x6f, 0x54, 0x05, 0x00, 
	0xf3, 0x41, 0x0f, 0x6f, 0x64, 0x05, 0x10, 
	0xf3, 0x41, 0x0f, 0x6f, 0x6c, 0x05, 0x20, 
	0xf3, 0x41, 0x0f, 0x6f, 0x74, 0x05, 0x30, 
	0x66, 0x0f, 0x6f, 0xfa, 
	0x66, 0x0f, 0x74, 0xf8, 
	0x66, 0x44, 0x0f, 0xd7, 0xff, 
	0x66, 0x0f, 0x6f, 0xfc, 
	0x66, 0x0f, 0x74, 0xf8, 
	0x66, 0x0f, 0xd7, 0xcf, 
	0x66, 0x0f, 0x6f, 0xfd, 
	0x66, 0x0f, 0x74, 0xf8, 
	0x66, 0x0f, 0xd7, 0xd7, 
	0x66, 0x0f, 0x6f, 0xfe, 
	0x66, 0x0f, 0x74, 0xf8, 
	0x66, 0x0f, 0xd7, 0xf7, 
	0x66, 0x0f, 0x74, 0xd1, 
	0x66, 0x44, 0x0f, 0xd7, 0xe2, 
	0x66, 0x0f, 0x74, 0xe1, 
	0x66, 0x0f, 0xd7, 0xfc, 
	0x66, 0x0f, 0x74, 0xe9, 
	0x66, 0x44, 0x0f, 0xd7, 0xcd, 
	0x66, 0x0f, 0x74, 0xf1, 
	0x66, 0x44, 0x0f, 0xd7, 0xd6, 
	0x48, 0xc1, 0xe6, 0x30, 
	0x48, 0xc1, 0xe2, 0x20, 
	0x48, 0x09, 0xf2, 
	0x48, 0xc1, 0xe1, 0x10, 
	0x48, 0x09, 0xd1, 
	0x49, 0x09, 0xcf, 
	0x49, 0xc1, 0xe2, 0x30, 
	0x49, 0xc1, 0xe1, 0x20, 
	0x4d, 0x09, 0xd1, 
	0x48, 0xc1, 0xe7, 0x10, 
	0x4c, 0x09, 0xcf, 
	0x49, 0x09, 0xfc, 
	0x0f, 0x85, 0x30, 0x00, 0x00, 0x00, 
	0x4d, 0x85, 0xdb, 
	0x0f, 0x85, 0x3d, 0x00, 0x00, 0x00, 
	0x45, 0x31, 0xdb, 
	0x4d, 0x85, 0xff, 
	0x0f, 0x85, 0x83, 0x00, 0x00, 0x00, 
	
	0x49, 0x83, 0xc6, 0xc0, 
	0x48, 0x83, 0xc3, 0xc0, 
	0x48, 0x83, 0xc0, 0x40, 
	0x49, 0x83, 0xfe, 0x3f, 
	0x0f, 0x87, 0x35, 0xff, 0xff, 0xff, 
	0xe9, 0xdb, 0x07, 0x00, 0x00, 
	
	0x48, 0x83, 0x7d, 0xd0, 0xff, 
	0x0f, 0x85, 0x0b, 0x00, 0x00, 0x00, 
	0x49, 0x0f, 0xbc, 0xcc, 
	0x48, 0x01, 0xc1, 
	0x48, 0x89, 0x4d, 0xd0, 
	
	0x4c, 0x89, 0xd9, 
	0x48, 0xf7, 0xd1, 
	0x4c, 0x21, 0xe1, 
	0x48, 0x8d, 0x14, 0x09, 
	0x4c, 0x09, 0xda, 
	0x48, 0x89, 0xd6, 
	0x48, 0xf7, 0xd6, 
	0x4c, 0x21, 0xe6, 
	0x48, 0xbf, 0xaa, 0xaa, 0xaa, 0xaa, 0xaa, 0xaa, 0xaa, 0xaa, 
	0x48, 0x21, 0xfe, 
	0x45, 0x31, 0xdb, 
	0x48, 0x01, 0xce, 
	0x41, 0x0f, 0x92, 0xc3, 
	0x48, 0x01, 0xf6, 
	0x48, 0xb9, 0x55, 0x55, 0x55, 0x55, 0x55, 0x55, 0x55, 0x55, 
	0x48, 0x31, 0xce, 
	0x48, 0x21, 0xd6, 
	0x48, 0xf7, 0xd6, 
	0x49, 0x21, 0xf7, 
	0x4d, 0x85, 0xff, 
	0x0f, 0x84, 0x7d, 0xff, 0xff, 0xff, 
	
	0x49, 0x0f, 0xbc, 0xc7, 
	0x48, 0x29, 0xd8, 
	0x4c, 0x8b, 0x7d, 0xc0, 
	
	0x4c, 0x8b, 0x4d, 0x98, 
	0x49, 0xba, 0x00, 0x26, 0x00, 0x00, 0x01, 0x00, 0x00, 0x00, 
	0x4c, 0x8d, 0x1d, 0xf0, 0x1f, 0x00, 0x00, 
	0x4c, 0x8b, 0x75, 0xb8, 
	0x48, 0x85, 0xc0, 
	0x0f, 0x88, 0x0e, 0x0f, 0x00, 0x00, 
	0x48, 0x8b, 0x4d, 0xc8, 
	0x48, 0x89, 0x01, 
	0x4d, 0x85, 0xc0, 
	0x0f, 0x8e, 0x27, 0x0f, 0x00, 0x00, 
	0x49, 0x8b, 0x01, 
	0x48, 0x3d, 0xff, 0x0f, 0x00, 0x00, 
	0x0f, 0x8f, 0xe3, 0x0e, 0x00, 0x00, 
	0x48, 0x8d, 0x48, 0x01, 
	0x49, 0x89, 0x09, 
	0x49, 0xc7, 0x44, 0xc1, 0x08, 0x04, 0x00, 0x00, 0x00, 
	0xe9, 0x87, 0xf7, 0xff, 0xff, 
	
	0x41, 0x89, 0xcc, 
	0x4c, 0x03, 0x65, 0xd0, 
	0x4d, 0x01, 0xc4, 
	0xe9, 0x06, 0x00, 0x00, 0x00, 
	
	0x48, 0x01, 0xd6, 
	0x49, 0x89, 0xf4, 
	
	0x49, 0xc7, 0xc0, 0xff, 0xff, 0xff, 0xff, 
	0x4d, 0x85, 0xc9, 
	0x0f, 0x84, 0xaa, 0x19, 0x00, 0x00, 
	0x4d, 0x85, 0xf6, 
	0x48, 0x8b, 0x7d, 0xa0, 
	0x0f, 0x84, 0xed, 0x0e, 0x00, 0x00, 
	0x4d, 0x85, 0xff, 
	0x0f, 0x84, 0xe4, 0x0e, 0x00, 0x00, 
	0x4c, 0x2b, 0x65, 0xd0, 
	0x49, 0x8d, 0x4c, 0x24, 0xff, 
	0x49, 0x39, 0xc9, 
	0x0f, 0x84, 0xf2, 0xf6, 0xff, 0xff, 
	0x49, 0x39, 0xce, 
	0x0f, 0x84, 0xe9, 0xf6, 0xff, 0xff, 
	0x49, 0x39, 0xcf, 
	0x0f, 0x84, 0xe0, 0xf6, 0xff, 0xff, 
	0x4d, 0x85, 0xf6, 
	0x0f, 0x8e, 0x18, 0x00, 0x00, 0x00, 
	0x49, 0x8d, 0x4e, 0xff, 
	0x49, 0x39, 0xcf, 
	0x0f, 0x84, 0x0b, 0x00, 0x00, 0x00, 
	0x49, 0xf7, 0xd6, 
	0x4d, 0x89, 0xf0, 
	0xe9, 0xc5, 0xf6, 0xff, 0xff, 
	
	0x4c, 0x89, 0xc9, 
	0x4c, 0x09, 0xf9, 
	0x0f, 0x99, 0xc1, 
	0x0f, 0x88, 0xec, 0x04, 0x00, 0x00, 
	0x4d, 0x39, 0xf9, 
	0x0f, 0x8c, 0xe3, 0x04, 0x00, 0x00, 
	0x49, 0xf7, 0xd1, 
	0x4d, 0x89, 0xc8, 
	0xe9, 0xa2, 0xf6, 0xff, 0xff, 
	
	0x4c, 0x89, 0x75, 0xb8, 
	0x48, 0x8b, 0x45, 0xc8, 
	0x4c, 0x8b, 0x00, 
	0x49, 0x8b, 0x07, 
	0x49, 0x89, 0xc6, 
	0x4d, 0x29, 0xc6, 
	0x0f, 0x84, 0x71, 0x1a, 0x00, 0x00, 
	0x48, 0x89, 0x45, 0xa0, 
	0x49, 0x83, 0xfe, 0x40, 
	0x0f, 0x82, 0x1c, 0x08, 0x00, 0x00, 
	0x4c, 0x89, 0xc3, 
	0x48, 0xf7, 0xd3, 
	0x48, 0xc7, 0x45, 0xd0, 0xff, 0xff, 0xff, 0xff, 
	0x4c, 0x89, 0xc0, 
	0x45, 0x31, 0xdb, 
	0x90, 0x90, 0x90, 0x90, 0x90, 0x90, 0x90, 0x90, 
	
	0xf3, 0x41, 0x0f, 0x6f, 0x54, 0x05, 0x00, 
	0xf3, 0x41, 0x0f, 0x6f, 0x64, 0x05, 0x10, 
	0xf3, 0x41, 0x0f, 0x6f, 0x6c, 0x05, 0x20, 
	0xf3, 0x41, 0x0f, 0x6f, 0x74, 0x05, 0x30, 
	0x66, 0x0f, 0x6f, 0xfa, 
	0x66, 0x0f, 0x74, 0xf8, 
	0x66, 0x44, 0x0f, 0xd7, 0xff, 
	0x66, 0x0f, 0x6f, 0xfc, 
	0x66, 0x0f, 0x74, 0xf8, 
	0x66, 0x0f, 0xd7, 0xcf, 
	0x66, 0x0f, 0x6f, 0xfd, 
	0x66, 0x0f, 0x74, 0xf8, 
	0x66, 0x0f, 0xd7, 0xd7, 
	0x66, 0x0f, 0x6f, 0xfe, 
	0x66, 0x0f, 0x74, 0xf8, 
	0x66, 0x0f, 0xd7, 0xf7, 
	0x66, 0x0f, 0x74, 0xd1, 
	0x66, 0x44, 0x0f, 0xd7, 0xe2, 
	0x66, 0x0f, 0x74, 0xe1, 
	0x66, 0x0f, 0xd7, 0xfc, 
	0x66, 0x0f, 0x74, 0xe9, 
	0x66, 0x44, 0x0f, 0xd7, 0xcd, 
	0x66, 0x0f, 0x74, 0xf1, 
	0x66, 0x44, 0x0f, 0xd7, 0xd6, 
	0x48, 0xc1, 0xe6, 0x30, 
	0x48, 0xc1, 0xe2, 0x20, 
	0x48, 0x09, 0xf2, 
	0x48, 0xc1, 0xe1, 0x10, 
	0x48, 0x09, 0xd1, 
	0x49, 0x09, 0xcf, 
	0x49, 0xc1, 0xe2, 0x30, 
	0x49, 0xc1, 0xe1, 0x20, 
	0x4d, 0x09, 0xd1, 
	0x48, 0xc1, 0xe7, 0x10, 
	0x4c, 0x09, 0xcf, 
	0x49, 0x09, 0xfc, 
	0x0f, 0x85, 0x30, 0x00, 0x00, 0x00, 
	0x4d, 0x85, 0xdb, 
	0x0f, 0x85, 0x3d, 0x00, 0x00, 0x00, 
	0x45, 0x31, 0xdb, 
	0x4d, 0x85, 0xff, 
	0x0f, 0x85, 0x83, 0x00, 0x00, 0x00, 
	
	0x49, 0x83, 0xc6, 0xc0, 
	0x48, 0x83, 0xc3, 0xc0, 
	0x48, 0x83, 0xc0, 0x40, 
	0x49, 0x83, 0xfe, 0x3f, 
	0x0f, 0x87, 0x35, 0xff, 0xff, 0xff, 
	0xe9, 0x22, 0x06, 0x00, 0x00, 
	
	0x48, 0x83, 0x7d, 0xd0, 0xff, 
	0x0f, 0x85, 0x0b, 0x00, 0x00, 0x00, 
	0x49, 0x0f, 0xbc, 0xcc, 
	0x48, 0x01, 0xc1, 
	0x48, 0x89, 0x4d, 0xd0, 
	
	0x4c, 0x89, 0xd9, 
	0x48, 0xf7, 0xd1, 
	0x4c, 0x21, 0xe1, 
	0x48, 0x8d, 0x14, 0x09, 
	0x4c, 0x09, 0xda, 
	0x48, 0x89, 0xd6, 
	0x48, 0xf7, 0xd6, 
	0x4c, 0x21, 0xe6, 
	0x48, 0xbf, 0xaa, 0xaa, 0xaa, 0xaa, 0xaa, 0xaa, 0xaa, 0xaa, 
	0x48, 0x21, 0xfe, 
	0x45, 0x31, 0xdb, 
	0x48, 0x01, 0xce, 
	0x41, 0x0f, 0x92, 0xc3, 
	0x48, 0x01, 0xf6, 
	0x48, 0xb9, 0x55, 0x55, 0x55, 0x55, 0x55, 0x55, 0x55, 0x55, 
	0x48, 0x31, 0xce, 
	0x48, 0x21, 0xd6, 
	0x48, 0xf7, 0xd6, 
	0x49, 0x21, 0xf7, 
	0x4d, 0x85, 0xff, 
	0x0f, 0x84, 0x7d, 0xff, 0xff, 0xff, 
	
	0x49, 0x0f, 0xbc, 0xc7, 
	0x48, 0x29, 0xd8, 
	
	0x4c, 0x8b, 0x7d, 0xc0, 
	
	0x48, 0x85, 0xc0, 
	0x4c, 0x8b, 0x4d, 0x98, 
	0x49, 0xba, 0x00, 0x26, 0x00, 0x00, 0x01, 0x00, 0x00, 0x00, 
	0x4c, 0x8d, 0x1d, 0x6d, 0x1d, 0x00, 0x00, 
	0x4c, 0x8b, 0x75, 0xb8, 
	0x0f, 0x89, 0x60, 0xfb, 0xff, 0xff, 
	0xe9, 0x89, 0x0c, 0x00, 0x00, 
	
	0x4d, 0x8b, 0x1f, 
	0x48, 0x8b, 0x45, 0xc8, 
	0x48, 0x8b, 0x00, 
	0x49, 0x29, 0xc3, 
	0x0f, 0x84, 0xa6, 0x17, 0x00, 0x00, 
	0x4c, 0x89, 0x75, 0xb8, 
	0x4e, 0x8d, 0x14, 0x28, 
	0x41, 0x80, 0x3a, 0x30, 
	0x0f, 0x85, 0x37, 0x00, 0x00, 0x00, 
	0x41, 0xbf, 0x01, 0x00, 0x00, 0x00, 
	0x49, 0x83, 0xfb, 0x01, 
	0x0f, 0x84, 0x9a, 0x03, 0x00, 0x00, 
	0x41, 0x8a, 0x4a, 0x01, 
	0x80, 0xc1, 0xd2, 
	0x80, 0xf9, 0x37, 
	0x0f, 0x87, 0x8a, 0x03, 0x00, 0x00, 
	0x0f, 0xb6, 0xc9, 
	0x48, 0xba, 0x01, 0x00, 0x80, 0x00, 0x00, 0x00, 0x80, 0x00, 
	0x48, 0x0f, 0xa3, 0xca, 
	0x0f, 0x83, 0x73, 0x03, 0x00, 0x00, 
	
	0x49, 0x83, 0xfb, 0x10, 
	0x0f, 0x82, 0x4e, 0x06, 0x00, 0x00, 
	0x49, 0xc7, 0xc1, 0xff, 0xff, 0xff, 0xff, 
	0x45, 0x31, 0xff, 
	0x49, 0xc7, 0xc6, 0xff, 0xff, 0xff, 0xff, 
	0x49, 0xc7, 0xc0, 0xff, 0xff, 0xff, 0xff, 
	0x4c, 0x89, 0xdf, 
	
	0xf3, 0x43, 0x0f, 0x6f, 0x14, 0x3a, 
	0x66, 0x0f, 0x6f, 0xe2, 
	0x66, 0x41, 0x0f, 0x64, 0xe0, 
	0x66, 0x0f, 0x6f, 0xeb, 
	0x66, 0x0f, 0x64, 0xea, 
	0x66, 0x0f, 0xdb, 0xec, 
	0x66, 0x0f, 0x6f, 0xe2, 
	0x66, 0x41, 0x0f, 0x74, 0xe1, 
	0x66, 0x0f, 0x6f, 0xf2, 
	0x66, 0x41, 0x0f, 0x74, 0xf2, 
	0x66, 0x0f, 0xeb, 0xf4, 
	0x66, 0x0f, 0x6f, 0xe2, 
	0x66, 0x41, 0x0f, 0xdb, 0xe3, 
	0x66, 0x41, 0x0f, 0x74, 0xd4, 
	0x66, 0x41, 0x0f, 0x74, 0xe5, 
	0x66, 0x0f, 0xd7, 0xd4, 
	0x66, 0x0f, 0xeb, 0xe2, 
	0x66, 0x0f, 0xeb, 0xee, 
	0x66, 0x0f, 0xeb, 0xec, 
	0x66, 0x0f, 0xd7, 0xda, 
	0x66, 0x44, 0x0f, 0xd7, 0xe6, 
	0x66, 0x0f, 0xd7, 0xcd, 
	0xf7, 0xd1, 
	0x0f, 0xbc, 0xc9, 
	0x83, 0xf9, 0x10, 
	0x0f, 0x84, 0x13, 0x00, 0x00, 0x00, 
	0xbe, 0xff, 0xff, 0xff, 0xff, 
	0xd3, 0xe6, 
	0xf7, 0xd6, 
	0x21, 0xf3, 
	0x21, 0xf2, 
	0x44, 0x21, 0xe6, 
	0x41, 0x89, 0xf4, 
	
	0x8d, 0x73, 0xff, 
	0x21, 0xde, 
	0x0f, 0x85, 0x72, 0x04, 0x00, 0x00, 
	0x8d, 0x72, 0xff, 
	0x21, 0xd6, 
	0x0f, 0x85, 0x67, 0x04, 0x00, 0x00, 
	0x41, 0x8d, 0x74, 0x24, 0xff, 
	0x44, 0x21, 0xe6, 
	0x0f, 0x85, 0x59, 0x04, 0x00, 0x00, 
	0x85, 0xdb, 
	0x0f, 0x84, 0x13, 0x00, 0x00, 0x00, 
	0x0f, 0xbc, 0xdb, 
	0x49, 0x83, 0xf8, 0xff, 
	0x0f, 0x85, 0x2b, 0x05, 0x00, 0x00, 
	0x4c, 0x01, 0xfb, 
	0x49, 0x89, 0xd8, 
	
	0x85, 0xd2, 
	0x0f, 0x84, 0x13, 0x00, 0x00, 0x00, 
	0x0f, 0xbc, 0xd2, 
	0x49, 0x83, 0xfe, 0xff, 
	0x0f, 0x85, 0xbf, 0x04, 0x00, 0x00, 
	0x4c, 0x01, 0xfa, 
	0x49, 0x89, 0xd6, 
	
	0x45, 0x85, 0xe4, 
	0x0f, 0x84, 0x14, 0x00, 0x00, 0x00, 
	0x41, 0x0f, 0xbc, 0xd4, 
	0x49, 0x83, 0xf9, 0xff, 
	0x0f, 0x85, 0xa2, 0x04, 0x00, 0x00, 
	0x4c, 0x01, 0xfa, 
	0x49, 0x89, 0xd1, 
	
	0x83, 0xf9, 0x10, 
	0x0f, 0x85, 0xc3, 0x01, 0x00, 0x00, 
	0x48, 0x83, 0xc7, 0xf0, 
	0x49, 0x83, 0xc7, 0x10, 
	0x48, 0x83, 0xff, 0x0f, 
	0x0f, 0x87, 0xec, 0xfe, 0xff, 0xff, 
	0x4b, 0x8d, 0x34, 0x3a, 
	0x49, 0x89, 0xf4, 
	0x4d, 0x39, 0xfb, 
	0x0f, 0x84, 0xb5, 0x01, 0x00, 0x00, 
	
	0x4c, 0x8d, 0x24, 0x3e, 
	0x49, 0x89, 0xf3, 
	0x4d, 0x29, 0xd3, 
	0x31, 0xc9, 
	0x4c, 0x8d, 0x3d, 0xae, 0x1d, 0x00, 0x00, 
	0xe9, 0x26, 0x00, 0x00, 0x00, 
	
	0x49, 0x83, 0xf9, 0xff, 
	0x0f, 0x85, 0x3c, 0x04, 0x00, 0x00, 
	0x4d, 0x8d, 0x0c, 0x0b, 
	0x90, 0x90, 0x90, 0x90, 0x90, 0x90, 0x90, 0x90, 0x90, 0x90, 0x90, 
	
	0x48, 0x83, 0xc1, 0x01, 
	0x48, 0x39, 0xcf, 
	0x0f, 0x84, 0x77, 0x01, 0x00, 0x00, 
	
	0x0f, 0xbe, 0x14, 0x0e, 
	0x8d, 0x5a, 0xd0, 
	0x83, 0xfb, 0x0a, 
	0x0f, 0x82, 0xe3, 0xff, 0xff, 0xff, 
	0x8d, 0x5a, 0xd5, 
	0x83, 0xfb, 0x1a, 
	0x0f, 0x87, 0x1c, 0x00, 0x00, 0x00, 
	0x49, 0x63, 0x14, 0x9f, 
	0x4c, 0x01, 0xfa, 
	0xff, 0xe2, 
	
	0x49, 0x83, 0xf8, 0xff, 
	0x0f, 0x85, 0xf1, 0x03, 0x00, 0x00, 
	0x4d, 0x8d, 0x04, 0x0b, 
	0xe9, 0xbb, 0xff, 0xff, 0xff, 
	
	0x83, 0xfa, 0x65, 
	0x0f, 0x85, 0x30, 0x01, 0x00, 0x00, 
	
	0x49, 0x83, 0xfe, 0xff, 
	0x0f, 0x85, 0xd5, 0x03, 0x00, 0x00, 
	0x4d, 0x8d, 0x34, 0x0b, 
	0xe9, 0x9f, 0xff, 0xff, 0xff, 
	
	0x49, 0x8b, 0x01, 
	0x48, 0x3d, 0xff, 0x0f, 0x00, 0x00, 
	0x0f, 0x8f, 0x37, 0x0a, 0x00, 0x00, 
	0x48, 0x8d, 0x48, 0x01, 
	0x49, 0x89, 0x09, 
	0x49, 0xc7, 0x44, 0xc1, 0x08, 0x05, 0x00, 0x00, 0x00, 
	0xe9, 0xdb, 0xf2, 0xff, 0xff, 
	
	0x48, 0x8b, 0x7d, 0xc8, 
	0x48, 0x8b, 0x0f, 
	0x49, 0x8b, 0x17, 
	0x48, 0x8d, 0x72, 0xfc, 
	0x48, 0x39, 0xf1, 
	0x0f, 0x87, 0xae, 0x14, 0x00, 0x00, 
	0x41, 0x8b, 0x54, 0x0d, 0x00, 
	0x81, 0xfa, 0x61, 0x6c, 0x73, 0x65, 
	0x0f, 0x85, 0x4f, 0x15, 0x00, 0x00, 
	0x48, 0x8d, 0x41, 0x04, 
	0x48, 0x89, 0x07, 
	0x48, 0x85, 0xc9, 
	0x0f, 0x8f, 0xa3, 0xf2, 0xff, 0xff, 
	0xe9, 0x30, 0x16, 0x00, 0x00, 
	
	0x48, 0x8b, 0x7d, 0xc8, 
	0x48, 0x8b, 0x0f, 
	0x49, 0x8b, 0x17, 
	0x48, 0x8d, 0x72, 0xfd, 
	0x48, 0x39, 0xf1, 
	0x0f, 0x87, 0x71, 0x14, 0x00, 0x00, 
	0x48, 0x8d, 0x41, 0xff, 
	0x41, 0x81, 0x7c, 0x0d, 0xff, 0x6e, 0x75, 0x6c, 0x6c, 
	0x0f, 0x84, 0x2f, 0x00, 0x00, 0x00, 
	0xe9, 0x64, 0x15, 0x00, 0x00, 
	
	0x48, 0x8b, 0x7d, 0xc8, 
	0x48, 0x8b, 0x0f, 
	0x49, 0x8b, 0x17, 
	0x48, 0x8d, 0x72, 0xfd, 
	0x48, 0x39, 0xf1, 
	0x0f, 0x87, 0x42, 0x14, 0x00, 0x00, 
	0x48, 0x8d, 0x41, 0xff, 
	0x41, 0x81, 0x7c, 0x0d, 0xff, 0x74, 0x72, 0x75, 0x65, 
	0x0f, 0x85, 0x83, 0x15, 0x00, 0x00, 
	
	0x48, 0x8d, 0x51, 0x03, 
	0x48, 0x89, 0x17, 
	0x48, 0x85, 0xc9, 
	0x0f, 0x8f, 0x35, 0xf2, 0xff, 0xff, 
	0xe9, 0x31, 0x08, 0x00, 0x00, 
	
	0x49, 0x8b, 0x01, 
	0x48, 0x3d, 0xff, 0x0f, 0x00, 0x00, 
	0x0f, 0x8f, 0x68, 0x09, 0x00, 0x00, 
	0x48, 0x8d, 0x48, 0x01, 
	0x49, 0x89, 0x09, 
	0x49, 0xc7, 0x44, 0xc1, 0x08, 0x06, 0x00, 0x00, 0x00, 
	0xe9, 0x0c, 0xf2, 0xff, 0xff, 
	
	0x49, 0x8d, 0x57, 0xff, 
	0x49, 0x39, 0xd1, 
	0x49, 0xf7, 0xd7, 
	0x4d, 0x0f, 0x45, 0xfc, 
	0x84, 0xc9, 
	0x4d, 0x0f, 0x44, 0xfc, 
	0x4d, 0x89, 0xf8, 
	0xe9, 0xae, 0xf1, 0xff, 0xff, 
	
	0x41, 0x89, 0xcc, 
	0x4d, 0x01, 0xd4, 
	0x4d, 0x01, 0xfc, 
	0xe9, 0x06, 0x00, 0x00, 0x00, 
	
	0x48, 0x01, 0xce, 
	0x49, 0x89, 0xf4, 
	
	0x49, 0xc7, 0xc7, 0xff, 0xff, 0xff, 0xff, 
	0x4d, 0x85, 0xc0, 
	0x0f, 0x84, 0x56, 0x14, 0x00, 0x00, 
	0x4d, 0x85, 0xc9, 
	0x0f, 0x84, 0x4d, 0x14, 0x00, 0x00, 
	0x4d, 0x85, 0xf6, 
	0x0f, 0x84, 0x44, 0x14, 0x00, 0x00, 
	0x4d, 0x29, 0xd4, 
	0x49, 0x8d, 0x4c, 0x24, 0xff, 
	0x49, 0x39, 0xc8, 
	0x0f, 0x84, 0x33, 0x00, 0x00, 0x00, 
	0x49, 0x39, 0xc9, 
	0x0f, 0x84, 0x2a, 0x00, 0x00, 0x00, 
	0x49, 0x39, 0xce, 
	0x0f, 0x84, 0x21, 0x00, 0x00, 0x00, 
	0x4d, 0x85, 0xc9, 
	0x0f, 0x8e, 0xd7, 0x00, 0x00, 0x00, 
	0x49, 0x8d, 0x49, 0xff, 
	0x49, 0x39, 0xce, 
	0x0f, 0x84, 0xca, 0x00, 0x00, 0x00, 
	0x49, 0xf7, 0xd1, 
	0x4d, 0x89, 0xcf, 
	0xe9, 0x06, 0x00, 0x00, 0x00, 
	
	0x49, 0xf7, 0xdc, 
	0x4d, 0x89, 0xe7, 
	
	0x4d, 0x85, 0xff, 
	0x0f, 0x88, 0xf1, 0x13, 0x00, 0x00, 
	
	0x49, 0x01, 0xc7, 
	0x48, 0x8b, 0x4d, 0xc8, 
	0x4c, 0x89, 0x39, 
	0x48, 0x85, 0xc0, 
	0x4c, 0x8b, 0x7d, 0xc0, 
	0x4c, 0x8b, 0x4d, 0x98, 
	0x49, 0xba, 0x00, 0x26, 0x00, 0x00, 0x01, 0x00, 0x00, 0x00, 
	0x4c, 0x8d, 0x1d, 0x69, 0x19, 0x00, 0x00, 
	0x4c, 0x8b, 0x75, 0xb8, 
	0x0f, 0x8f, 0x37, 0xf1, 0xff, 0xff, 
	0xe9, 0xd0, 0x14, 0x00, 0x00, 
	
	0x4c, 0x01, 0xe8, 
	0x49, 0x83, 0xfe, 0x20, 
	0x0f, 0x82, 0x25, 0x02, 0x00, 0x00, 
	
	0xf3, 0x0f, 0x6f, 0x10, 
	0xf3, 0x0f, 0x6f, 0x60, 0x10, 
	0x66, 0x0f, 0x6f, 0xea, 
	0x66, 0x0f, 0x74, 0xe8, 
	0x66, 0x0f, 0xd7, 0xcd, 
	0x66, 0x0f, 0x6f, 0xec, 
	0x66, 0x0f, 0x74, 0xe8, 
	0x66, 0x0f, 0xd7, 0xf5, 
	0x66, 0x0f, 0x74, 0xd1, 
	0x66, 0x0f, 0xd7, 0xd2, 
	0x66, 0x0f, 0x74, 0xe1, 
	0x66, 0x0f, 0xd7, 0xfc, 
	0x48, 0xc1, 0xe6, 0x10, 
	0x48, 0x09, 0xf1, 
	0x48, 0xc1, 0xe7, 0x10, 
	0x48, 0x09, 0xfa, 
	0x0f, 0x85, 0x7e, 0x02, 0x00, 0x00, 
	0x4d, 0x85, 0xdb, 
	0x4c, 0x8b, 0x7d, 0xc0, 
	0x0f, 0x85, 0x8d, 0x02, 0x00, 0x00, 
	0x45, 0x31, 0xdb, 
	0x48, 0x85, 0xc9, 
	0x0f, 0x84, 0xbd, 0x02, 0x00, 0x00, 
	
	0x48, 0x0f, 0xbc, 0xc9, 
	0x48, 0x03, 0x45, 0x90, 
	0x48, 0x01, 0xc8, 
	0xe9, 0xba, 0xf6, 0xff, 0xff, 
	
	0x4c, 0x89, 0xc1, 
	0x4c, 0x09, 0xf1, 
	0x0f, 0x99, 0xc1, 
	0x0f, 0x88, 0xae, 0x00, 0x00, 0x00, 
	0x4d, 0x39, 0xf0, 
	0x0f, 0x8c, 0xa5, 0x00, 0x00, 0x00, 
	0x49, 0xf7, 0xd0, 
	0x4d, 0x89, 0xc7, 
	0xe9, 0x24, 0xff, 0xff, 0xff, 
	
	0x48, 0x8b, 0x4d, 0xa8, 
	0x48, 0x8b, 0x7d, 0xa0, 
	0x4c, 0x8d, 0x04, 0x39, 
	0x49, 0x29, 0xf0, 
	0x49, 0x29, 0xd0, 
	0xe9, 0x3b, 0xf0, 0xff, 0xff, 
	
	0x0f, 0xbc, 0xca, 
	0xe9, 0xb0, 0x00, 0x00, 0x00, 
	
	0x4c, 0x01, 0xe8, 
	0x49, 0x83, 0xfe, 0x20, 
	0x0f, 0x82, 0xbf, 0x01, 0x00, 0x00, 
	
	0xf3, 0x0f, 0x6f, 0x10, 
	0xf3, 0x0f, 0x6f, 0x60, 0x10, 
	0x66, 0x0f, 0x6f, 0xea, 
	0x66, 0x0f, 0x74, 0xe8, 
	0x66, 0x0f, 0xd7, 0xd5, 
	0x66, 0x0f, 0x6f, 0xec, 
	0x66, 0x0f, 0x74, 0xe8, 
	0x66, 0x0f, 0xd7, 0xcd, 
	0x66, 0x0f, 0x74, 0xd1, 
	0x66, 0x0f, 0xd7, 0xf2, 
	0x66, 0x0f, 0x74, 0xe1, 
	0x66, 0x0f, 0xd7, 0xfc, 
	0x48, 0xc1, 0xe1, 0x10, 
	0x48, 0x09, 0xca, 
	0x48, 0xc1, 0xe7, 0x10, 
	0x48, 0x09, 0xfe, 
	0x0f, 0x85, 0xdd, 0x02, 0x00, 0x00, 
	0x4d, 0x85, 0xdb, 
	0x4c, 0x8b, 0x7d, 0xc0, 
	0x0f, 0x85, 0xec, 0x02, 0x00, 0x00, 
	0x45, 0x31, 0xdb, 
	0x48, 0x85, 0xd2, 
	0x0f, 0x84, 0x1c, 0x03, 0x00, 0x00, 
	
	0x48, 0x0f, 0xbc, 0xca, 
	0x48, 0x03, 0x45, 0x90, 
	0x48, 0x01, 0xc8, 
	0xe9, 0x1d, 0xf8, 0xff, 0xff, 
	
	0x49, 0x8d, 0x56, 0xff, 
	0x49, 0x39, 0xd0, 
	0x49, 0xf7, 0xd6, 
	0x4d, 0x0f, 0x45, 0xf4, 
	0x84, 0xc9, 
	0x4d, 0x0f, 0x44, 0xf4, 
	0x4d, 0x89, 0xf7, 
	0xe9, 0x6e, 0xfe, 0xff, 0xff, 
	
	0x41, 0x0f, 0xbc, 0xca, 
	0xe9, 0x10, 0x00, 0x00, 0x00, 
	
	0x89, 0xf9, 
	0xe9, 0x09, 0x00, 0x00, 0x00, 
	
	0x89, 0xf1, 
	0xe9, 0x02, 0x00, 0x00, 0x00, 
	
	0x89, 0xd1, 
	
	0x49, 0xf7, 0xd0, 
	0x49, 0x29, 0xc8, 
	0x48, 0x8b, 0x7d, 0xa0, 
	0xe9, 0x74, 0xef, 0xff, 0xff, 
	
	0x0f, 0xbc, 0xce, 
	0xe9, 0xe1, 0x00, 0x00, 0x00, 
	
	0x4c, 0x01, 0xe8, 
	0x49, 0x83, 0xfe, 0x20, 
	0x0f, 0x82, 0x60, 0x04, 0x00, 0x00, 
	
	0xf3, 0x0f, 0x6f, 0x10, 
	0xf3, 0x0f, 0x6f, 0x60, 0x10, 
	0x66, 0x0f, 0x6f, 0xea, 
	0x66, 0x0f, 0x74, 0xe8, 
	0x66, 0x0f, 0xd7, 0xd5, 
	0x66, 0x0f, 0x6f, 0xec, 
	0x66, 0x0f, 0x74, 0xe8, 
	0x66, 0x0f, 0xd7, 0xcd, 
	0x66, 0x0f, 0x74, 0xd1, 
	0x66, 0x0f, 0xd7, 0xf2, 
	0x66, 0x0f, 0x74, 0xe1, 
	0x66, 0x0f, 0xd7, 0xfc, 
	0x48, 0xc1, 0xe1, 0x10, 
	0x48, 0x09, 0xca, 
	0x48, 0xc1, 0xe7, 0x10, 
	0x48, 0x09, 0xfe, 
	0x0f, 0x85, 0xbb, 0x03, 0x00, 0x00, 
	0x4d, 0x85, 0xdb, 
	0x4c, 0x8b, 0x7d, 0xc0, 
	0x0f, 0x85, 0xca, 0x03, 0x00, 0x00, 
	0x45, 0x31, 0xdb, 
	0x48, 0x85, 0xd2, 
	0x0f, 0x84, 0xfa, 0x03, 0x00, 0x00, 
	
	0x48, 0x0f, 0xbc, 0xca, 
	0x48, 0x03, 0x45, 0x90, 
	0x48, 0x01, 0xc8, 
	0xe9, 0xd6, 0xf9, 0xff, 0xff, 
	
	0x48, 0x8b, 0x55, 0xb0, 
	0x4c, 0x8d, 0x3c, 0x02, 
	0x49, 0x29, 0xf7, 
	0x49, 0x29, 0xcf, 
	0xe9, 0xb0, 0xfd, 0xff, 0xff, 
	
	0x89, 0xd1, 
	0xe9, 0x4c, 0x00, 0x00, 0x00, 
	
	0x4b, 0x8d, 0x04, 0x28, 
	0x48, 0xc7, 0x45, 0xd0, 0xff, 0xff, 0xff, 0xff, 
	0x45, 0x31, 0xdb, 
	0x49, 0x83, 0xfe, 0x20, 
	0x0f, 0x83, 0xdb, 0xfd, 0xff, 0xff, 
	
	0x4c, 0x8b, 0x7d, 0xc0, 
	0xe9, 0xf5, 0x00, 0x00, 0x00, 
	
	0x49, 0xc7, 0xc1, 0xff, 0xff, 0xff, 0xff, 
	0x48, 0x8b, 0x75, 0xd0, 
	0x4c, 0x89, 0xdb, 
	0x49, 0xc7, 0xc7, 0xff, 0xff, 0xff, 0xff, 
	0x49, 0xc7, 0xc6, 0xff, 0xff, 0xff, 0xff, 
	0x4c, 0x8d, 0x15, 0x70, 0x19, 0x00, 0x00, 
	0xe9, 0x84, 0xf2, 0xff, 0xff, 
	
	0x89, 0xd9, 
	
	0x49, 0xf7, 0xd7, 
	0x49, 0x29, 0xcf, 
	0xe9, 0x52, 0xfd, 0xff, 0xff, 
	
	0x4b, 0x8d, 0x04, 0x28, 
	0x48, 0xc7, 0x45, 0xd0, 0xff, 0xff, 0xff, 0xff, 
	0x45, 0x31, 0xdb, 
	0x49, 0x83, 0xfe, 0x20, 
	0x0f, 0x83, 0x41, 0xfe, 0xff, 0xff, 
	
	0x4c, 0x8b, 0x7d, 0xc0, 
	0xe9, 0xba, 0x01, 0x00, 0x00, 
	
	0x4b, 0x8d, 0x04, 0x28, 
	0x48, 0xc7, 0x45, 0xd0, 0xff, 0xff, 0xff, 0xff, 
	0x45, 0x31, 0xdb, 
	0x49, 0x83, 0xfe, 0x20, 
	0x0f, 0x83, 0xe6, 0xfe, 0xff, 0xff, 
	0xe9, 0x41, 0x03, 0x00, 0x00, 
	
	0x49, 0xc7, 0xc0, 0xff, 0xff, 0xff, 0xff, 
	0x4c, 0x89, 0xd6, 
	0x4c, 0x89, 0xdf, 
	0x49, 0xc7, 0xc6, 0xff, 0xff, 0xff, 0xff, 
	0x49, 0xc7, 0xc1, 0xff, 0xff, 0xff, 0xff, 
	0xe9, 0xd1, 0xfa, 0xff, 0xff, 
	
	0x48, 0x83, 0x7d, 0xd0, 0xff, 
	0x0f, 0x85, 0x11, 0x00, 0x00, 0x00, 
	0x48, 0x89, 0xc6, 
	0x4c, 0x29, 0xee, 
	0x48, 0x0f, 0xbc, 0xfa, 
	0x48, 0x01, 0xf7, 
	0x48, 0x89, 0x7d, 0xd0, 
	
	0x44, 0x89, 0xde, 
	0xf7, 0xd6, 
	0x21, 0xd6, 
	0x41, 0x8d, 0x3c, 0x73, 
	0x8d, 0x1c, 0x36, 
	0xf7, 0xd3, 
	0x21, 0xd3, 
	0x81, 0xe3, 0xaa, 0xaa, 0xaa, 0xaa, 
	0x45, 0x31, 0xdb, 
	0x01, 0xf3, 
	0x41, 0x0f, 0x92, 0xc3, 
	0x01, 0xdb, 
	0x81, 0xf3, 0x55, 0x55, 0x55, 0x55, 
	0x21, 0xfb, 
	0xf7, 0xd3, 
	0x21, 0xd9, 
	0x4c, 0x8b, 0x7d, 0xc0, 
	0x48, 0x85, 0xc9, 
	0x0f, 0x85, 0x43, 0xfd, 0xff, 0xff, 
	
	0x48, 0x83, 0xc0, 0x20, 
	0x49, 0x83, 0xc6, 0xe0, 
	
	0x4d, 0x85, 0xdb, 
	0x0f, 0x85, 0xcf, 0x01, 0x00, 0x00, 
	0x48, 0x8b, 0x4d, 0xd0, 
	0x4d, 0x85, 0xf6, 
	0x0f, 0x84, 0x89, 0x00, 0x00, 0x00, 
	
	0x31, 0xd2, 
	
	0x0f, 0xb6, 0x1c, 0x10, 
	0x80, 0xfb, 0x22, 
	0x0f, 0x84, 0x73, 0x00, 0x00, 0x00, 
	0x80, 0xfb, 0x5c, 
	0x0f, 0x84, 0x12, 0x00, 0x00, 0x00, 
	0x48, 0x83, 0xc2, 0x01, 
	0x49, 0x39, 0xd6, 
	0x0f, 0x85, 0xdd, 0xff, 0xff, 0xff, 
	0xe9, 0x67, 0x00, 0x00, 0x00, 
	
	0x49, 0x8d, 0x76, 0xff, 
	0x48, 0x39, 0xd6, 
	0x0f, 0x84, 0x12, 0x05, 0x00, 0x00, 
	0x48, 0x8b, 0xb5, 0x40, 0xff, 0xff, 0xff, 
	0x48, 0x01, 0xc6, 
	0x48, 0x01, 0xd6, 
	0x48, 0x83, 0xf9, 0xff, 
	0x48, 0x8b, 0x7d, 0xd0, 
	0x48, 0x0f, 0x44, 0xfe, 
	0x48, 0x89, 0x7d, 0xd0, 
	0x48, 0x0f, 0x44, 0xce, 
	0x48, 0x01, 0xd0, 
	0x48, 0x83, 0xc0, 0x02, 
	0x4c, 0x89, 0xf6, 
	0x48, 0x29, 0xd6, 
	0x48, 0x83, 0xc6, 0xfe, 
	0x49, 0x83, 0xc6, 0xfe, 
	0x49, 0x39, 0xd6, 
	0x49, 0x89, 0xf6, 
	0x4c, 0x8b, 0x7d, 0xc0, 
	0x0f, 0x85, 0x83, 0xff, 0xff, 0xff, 
	0xe9, 0xc7, 0x04, 0x00, 0x00, 
	
	0x48, 0x01, 0xd0, 
	0x48, 0x83, 0xc0, 0x01, 
	
	0x4c, 0x29, 0xe8, 
	0xe9, 0x5e, 0xf3, 0xff, 0xff, 
	
	0x80, 0xfb, 0x22, 
	0x0f, 0x85, 0xaf, 0x04, 0x00, 0x00, 
	0x4c, 0x01, 0xf0, 
	0x4c, 0x8b, 0x7d, 0xc0, 
	0xe9, 0xe3, 0xff, 0xff, 0xff, 
	
	0x48, 0x83, 0x7d, 0xd0, 0xff, 
	0x0f, 0x85, 0x11, 0x00, 0x00, 0x00, 
	0x48, 0x89, 0xc1, 
	0x4c, 0x29, 0xe9, 
	0x48, 0x0f, 0xbc, 0xfe, 
	0x48, 0x01, 0xcf, 
	0x48, 0x89, 0x7d, 0xd0, 
	
	0x44, 0x89, 0xd9, 
	0xf7, 0xd1, 
	0x21, 0xf1, 
	0x41, 0x8d, 0x3c, 0x4b, 
	0x8d, 0x1c, 0x09, 
	0xf7, 0xd3, 
	0x21, 0xf3, 
	0x81, 0xe3, 0xaa, 0xaa, 0xaa, 0xaa, 
	0x45, 0x31, 0xdb, 
	0x01, 0xcb, 
	0x41, 0x0f, 0x92, 0xc3, 
	0x01, 0xdb, 
	0x81, 0xf3, 0x55, 0x55, 0x55, 0x55, 
	0x21, 0xfb, 
	0xf7, 0xd3, 
	0x21, 0xda, 
	0x4c, 0x8b, 0x7d, 0xc0, 
	0x48, 0x85, 0xd2, 
	0x0f, 0x85, 0xe4, 0xfc, 0xff, 0xff, 
	
	0x48, 0x83, 0xc0, 0x20, 
	0x49, 0x83, 0xc6, 0xe0, 
	
	0x4d, 0x85, 0xdb, 
	0x0f, 0x85, 0xf8, 0x00, 0x00, 0x00, 
	0x48, 0x8b, 0x55, 0xd0, 
	0x4d, 0x85, 0xf6, 
	0x0f, 0x84, 0x89, 0x00, 0x00, 0x00, 
	
	0x31, 0xf6, 
	
	0x0f, 0xb6, 0x0c, 0x30, 
	0x80, 0xf9, 0x22, 
	0x0f, 0x84, 0x73, 0x00, 0x00, 0x00, 
	0x80, 0xf9, 0x5c, 
	0x0f, 0x84, 0x12, 0x00, 0x00, 0x00, 
	0x48, 0x83, 0xc6, 0x01, 
	0x49, 0x39, 0xf6, 
	0x0f, 0x85, 0xdd, 0xff, 0xff, 0xff, 
	0xe9, 0x67, 0x00, 0x00, 0x00, 
	
	0x49, 0x8d, 0x4e, 0xff, 
	0x48, 0x39, 0xf1, 
	0x0f, 0x84, 0xf6, 0x03, 0x00, 0x00, 
	0x48, 0x8b, 0x8d, 0x40, 0xff, 0xff, 0xff, 
	0x48, 0x01, 0xc1, 
	0x48, 0x01, 0xf1, 
	0x48, 0x83, 0xfa, 0xff, 
	0x48, 0x8b, 0x7d, 0xd0, 
	0x48, 0x0f, 0x44, 0xf9, 
	0x48, 0x89, 0x7d, 0xd0, 
	0x48, 0x0f, 0x44, 0xd1, 
	0x48, 0x01, 0xf0, 
	0x48, 0x83, 0xc0, 0x02, 
	0x4c, 0x89, 0xf1, 
	0x48, 0x29, 0xf1, 
	0x48, 0x83, 0xc1, 0xfe, 
	0x49, 0x83, 0xc6, 0xfe, 
	0x49, 0x39, 0xf6, 
	0x49, 0x89, 0xce, 
	0x4c, 0x8b, 0x7d, 0xc0, 
	0x0f, 0x85, 0x83, 0xff, 0xff, 0xff, 
	0xe9, 0xab, 0x03, 0x00, 0x00, 
	
	0x48, 0x01, 0xf0, 
	0x48, 0x83, 0xc0, 0x01, 
	
	0x4c, 0x29, 0xe8, 
	0xe9, 0x62, 0xf4, 0xff, 0xff, 
	
	0x80, 0xf9, 0x22, 
	0x0f, 0x85, 0x93, 0x03, 0x00, 0x00, 
	0x4c, 0x01, 0xf0, 
	0x4c, 0x8b, 0x7d, 0xc0, 
	0xe9, 0xe3, 0xff, 0xff, 0xff, 
	
	0x4d, 0x85, 0xf6, 
	0x0f, 0x84, 0x7e, 0x03, 0x00, 0x00, 
	0x48, 0x8b, 0x8d, 0x48, 0xff, 0xff, 0xff, 
	0x48, 0x8d, 0x14, 0x08, 
	0x48, 0x8b, 0x75, 0xd0, 
	0x48, 0x83, 0xfe, 0xff, 
	0x48, 0x89, 0xf1, 
	0x48, 0x0f, 0x44, 0xf2, 
	0x48, 0x0f, 0x44, 0xca, 
	0x48, 0x83, 0xc0, 0x01, 
	0x49, 0x83, 0xc6, 0xff, 
	0x48, 0x89, 0x75, 0xd0, 
	0x4c, 0x8b, 0x7d, 0xc0, 
	0x4d, 0x85, 0xf6, 
	0x0f, 0x85, 0xfe, 0xfd, 0xff, 0xff, 
	0xe9, 0x82, 0xfe, 0xff, 0xff, 
	
	0x4d, 0x85, 0xf6, 
	0x0f, 0x84, 0x39, 0x03, 0x00, 0x00, 
	0x48, 0x8b, 0x8d, 0x48, 0xff, 0xff, 0xff, 
	0x48, 0x01, 0xc1, 
	0x48, 0x8b, 0x75, 0xd0, 
	0x48, 0x83, 0xfe, 0xff, 
	0x48, 0x89, 0xf2, 
	0x48, 0x0f, 0x44, 0xf1, 
	0x48, 0x0f, 0x44, 0xd1, 
	0x48, 0x83, 0xc0, 0x01, 
	0x49, 0x83, 0xc6, 0xff, 
	0x48, 0x89, 0x75, 0xd0, 
	0x4c, 0x8b, 0x7d, 0xc0, 
	0x4d, 0x85, 0xf6, 
	0x0f, 0x85, 0xd6, 0xfe, 0xff, 0xff, 
	0xe9, 0x5a, 0xff, 0xff, 0xff, 
	
	0x48, 0x83, 0x7d, 0xd0, 0xff, 
	0x0f, 0x85, 0x11, 0x00, 0x00, 0x00, 
	0x48, 0x89, 0xc1, 
	0x4c, 0x29, 0xe9, 
	0x48, 0x0f, 0xbc, 0xfe, 
	0x48, 0x01, 0xcf, 
	0x48, 0x89, 0x7d, 0xd0, 
	
	0x44, 0x89, 0xd9, 
	0xf7, 0xd1, 
	0x21, 0xf1, 
	0x41, 0x8d, 0x3c, 0x4b, 
	0x8d, 0x1c, 0x09, 
	0xf7, 0xd3, 
	0x21, 0xf3, 
	0x81, 0xe3, 0xaa, 0xaa, 0xaa, 0xaa, 
	0x45, 0x31, 0xdb, 
	0x01, 0xcb, 
	0x41, 0x0f, 0x92, 0xc3, 
	0x01, 0xdb, 
	0x81, 0xf3, 0x55, 0x55, 0x55, 0x55, 
	0x21, 0xfb, 
	0xf7, 0xd3, 
	0x21, 0xda, 
	0x4c, 0x8b, 0x7d, 0xc0, 
	0x48, 0x85, 0xd2, 
	0x0f, 0x85, 0x06, 0xfc, 0xff, 0xff, 
	
	0x48, 0x83, 0xc0, 0x20, 
	0x49, 0x83, 0xc6, 0xe0, 
	
	0x4d, 0x85, 0xdb, 
	0x0f, 0x85, 0xab, 0x00, 0x00, 0x00, 
	0x48, 0x8b, 0x55, 0xd0, 
	0x4d, 0x85, 0xf6, 
	0x0f, 0x84, 0x85, 0x00, 0x00, 0x00, 
	
	0x31, 0xf6, 
	
	0x0f, 0xb6, 0x0c, 0x30, 
	0x80, 0xf9, 0x22, 
	0x0f, 0x84, 0x6f, 0x00, 0x00, 0x00, 
	0x80, 0xf9, 0x5c, 
	0x0f, 0x84, 0x12, 0x00, 0x00, 0x00, 
	0x48, 0x83, 0xc6, 0x01, 
	0x49, 0x39, 0xf6, 
	0x0f, 0x85, 0xdd, 0xff, 0xff, 0xff, 
	0xe9, 0x63, 0x00, 0x00, 0x00, 
	
	0x49, 0x8d, 0x4e, 0xff, 
	0x48, 0x39, 0xf1, 
	0x0f, 0x84, 0x51, 0x02, 0x00, 0x00, 
	0x48, 0x8b, 0x8d, 0x40, 0xff, 0xff, 0xff, 
	0x48, 0x01, 0xc1, 
	0x48, 0x01, 0xf1, 
	0x48, 0x83, 0xfa, 0xff, 
	0x48, 0x8b, 0x7d, 0xd0, 
	0x48, 0x0f, 0x44, 0xf9, 
	0x48, 0x89, 0x7d, 0xd0, 
	0x48, 0x0f, 0x44, 0xd1, 
	0x48, 0x01, 0xf0, 
	0x48, 0x83, 0xc0, 0x02, 
	0x4c, 0x89, 0xf1, 
	0x48, 0x29, 0xf1, 
	0x48, 0x83, 0xc1, 0xfe, 
	0x49, 0x83, 0xc6, 0xfe, 
	0x49, 0x39, 0xf6, 
	0x49, 0x89, 0xce, 
	0x0f, 0x85, 0x87, 0xff, 0xff, 0xff, 
	0xe9, 0x0a, 0x02, 0x00, 0x00, 
	
	0x48, 0x01, 0xf0, 
	0x48, 0x83, 0xc0, 0x01, 
	
	0x4c, 0x29, 0xe8, 
	0xe9, 0x3d, 0xf5, 0xff, 0xff, 
	
	0x80, 0xf9, 0x22, 
	0x0f, 0x85, 0xf2, 0x01, 0x00, 0x00, 
	0x4c, 0x01, 0xf0, 
	0xe9, 0xe7, 0xff, 0xff, 0xff, 
	
	0x4d, 0x85, 0xf6, 
	0x0f, 0x84, 0xe1, 0x01, 0x00, 0x00, 
	0x48, 0x8b, 0x8d, 0x48, 0xff, 0xff, 0xff, 
	0x48, 0x01, 0xc1, 
	0x48, 0x8b, 0x75, 0xd0, 
	0x48, 0x83, 0xfe, 0xff, 
	0x48, 0x89, 0xf2, 
	0x48, 0x0f, 0x44, 0xf1, 
	0x48, 0x0f, 0x44, 0xd1, 
	0x48, 0x83, 0xc0, 0x01, 
	0x49, 0x83, 0xc6, 0xff, 
	0x48, 0x89, 0x75, 0xd0, 
	0x4d, 0x85, 0xf6, 
	0x0f, 0x85, 0x27, 0xff, 0xff, 0xff, 
	0xe9, 0xa7, 0xff, 0xff, 0xff, 
	
	0x49, 0x83, 0xc2, 0xff, 
	0x4d, 0x89, 0x10, 
	0x48, 0xc7, 0xc0, 0xde, 0xff, 0xff, 0xff, 
	0xe9, 0x3b, 0x00, 0x00, 0x00, 
	
	0x48, 0x8b, 0x45, 0xc8, 
	0x48, 0x89, 0x30, 
	0x48, 0xc7, 0xc0, 0xff, 0xff, 0xff, 0xff, 
	0xe9, 0x28, 0x00, 0x00, 0x00, 
	
	0x49, 0x89, 0x10, 
	
	0x48, 0xc7, 0xc0, 0xff, 0xff, 0xff, 0xff, 
	0xe9, 0x19, 0x00, 0x00, 0x00, 
	
	0x49, 0x89, 0xc2, 
	0xe9, 0x03, 0x00, 0x00, 0x00, 
	
	0x49, 0x89, 0xca, 
	
	0x49, 0x83, 0xc2, 0xff, 
	0x4d, 0x89, 0x10, 
	
	0x48, 0xc7, 0xc0, 0xfe, 0xff, 0xff, 0xff, 
	
	0x48, 0x81, 0xc4, 0xa8, 0x00, 0x00, 0x00, 
	0x5b, 
	0x41, 0x5c, 
	0x41, 0x5d, 
	0x41, 0x5e, 
	0x41, 0x5f, 
	0x5d, 
	0xc3, 
	
	0x4c, 0x01, 0xe6, 
	0x48, 0x89, 0xf0, 
	
	0x4c, 0x29, 0xe0, 
	0x48, 0x89, 0xc6, 
	
	0x48, 0xc7, 0xc0, 0xff, 0xff, 0xff, 0xff, 
	0x49, 0x89, 0xf3, 
	0x48, 0x39, 0xfe, 
	0x0f, 0x83, 0xcf, 0xff, 0xff, 0xff, 
	
	0x49, 0x8d, 0x7b, 0x01, 
	0x48, 0x8b, 0x45, 0xc8, 
	0x48, 0x89, 0x38, 
	0x43, 0x0f, 0xbe, 0x0c, 0x1c, 
	0x83, 0xf9, 0x7b, 
	0x0f, 0x87, 0x60, 0x01, 0x00, 0x00, 
	0x48, 0xc7, 0xc0, 0xff, 0xff, 0xff, 0xff, 
	0x48, 0x8d, 0x15, 0xaf, 0x14, 0x00, 0x00, 
	0x48, 0x63, 0x0c, 0x8a, 
	0x48, 0x01, 0xd1, 
	0xff, 0xe1, 
	
	0x49, 0x8b, 0x07, 
	0x48, 0x89, 0xc1, 
	0x48, 0x29, 0xf9, 
	0x48, 0x83, 0xf9, 0x10, 
	0x0f, 0x82, 0x83, 0x0d, 0x00, 0x00, 
	0x4c, 0x89, 0xd9, 
	0x48, 0xf7, 0xd1, 
	0xf3, 0x0f, 0x6f, 0x05, 0x2d, 0xb9, 0xff, 0xff, 
	0xf3, 0x0f, 0x6f, 0x0d, 0x35, 0xb9, 0xff, 0xff, 
	0xf3, 0x0f, 0x6f, 0x15, 0x3d, 0xb9, 0xff, 0xff, 
	0x48, 0x8b, 0x5d, 0xc8, 
	0x90, 0x90, 0x90, 0x90, 0x90, 0x90, 0x90, 0x90, 0x90, 
	
	0xf3, 0x41, 0x0f, 0x6f, 0x1c, 0x3c, 
	0x66, 0x0f, 0x6f, 0xe3, 
	0x66, 0x0f, 0x74, 0xe0, 
	0x66, 0x0f, 0xdb, 0xd9, 
	0x66, 0x0f, 0x74, 0xda, 
	0x66, 0x0f, 0xeb, 0xdc, 
	0x66, 0x0f, 0xd7, 0xd3, 
	0x85, 0xd2, 
	0x0f, 0x85, 0x6c, 0x00, 0x00, 0x00, 
	0x48, 0x83, 0xc7, 0x10, 
	0x48, 0x8d, 0x14, 0x08, 
	0x48, 0x83, 0xc2, 0xf0, 
	0x48, 0x83, 0xc1, 0xf0, 
	0x48, 0x83, 0xfa, 0x0f, 
	0x0f, 0x87, 0xc0, 0xff, 0xff, 0xff, 
	0x4c, 0x89, 0xe7, 
	0x48, 0x29, 0xcf, 
	0x48, 0x01, 0xc8, 
	0x48, 0x89, 0xc1, 
	0x48, 0x85, 0xc9, 
	0x0f, 0x84, 0x35, 0x00, 0x00, 0x00, 
	
	0x48, 0x8d, 0x34, 0x0f, 
	0x31, 0xc0, 
	
	0x0f, 0xb6, 0x14, 0x07, 
	0x80, 0xfa, 0x2c, 
	0x0f, 0x84, 0x6a, 0x0b, 0x00, 0x00, 
	0x80, 0xfa, 0x7d, 
	0x0f, 0x84, 0x61, 0x0b, 0x00, 0x00, 
	0x80, 0xfa, 0x5d, 
	0x0f, 0x84, 0x58, 0x0b, 0x00, 0x00, 
	0x48, 0x83, 0xc0, 0x01, 
	0x48, 0x39, 0xc1, 
	0x0f, 0x85, 0xd4, 0xff, 0xff, 0xff, 
	0x48, 0x89, 0xf7, 
	
	0x4c, 0x29, 0xe7, 
	0xe9, 0x91, 0x0c, 0x00, 0x00, 
	
	0x66, 0x0f, 0xbc, 0xc2, 
	0x0f, 0xb7, 0xc0, 
	0x48, 0x29, 0xc8, 
	0x48, 0x89, 0x03, 
	0x4c, 0x89, 0xd8, 
	0xe9, 0xba, 0xfe, 0xff, 0xff, 
	
	0x48, 0xc7, 0xc0, 0xf9, 0xff, 0xff, 0xff, 
	0xe9, 0xae, 0xfe, 0xff, 0xff, 
	
	0x48, 0x83, 0xf8, 0xff, 
	0x0f, 0x85, 0x0f, 0x00, 0x00, 0x00, 
	
	0x48, 0xc7, 0xc0, 0xff, 0xff, 0xff, 0xff, 
	0x48, 0x8b, 0x4d, 0xa0, 
	0x48, 0x89, 0x4d, 0xd0, 
	
	0x48, 0x8b, 0x4d, 0xc8, 
	0x48, 0x8b, 0x55, 0xd0, 
	0x48, 0x89, 0x11, 
	0xe9, 0x85, 0xfe, 0xff, 0xff, 
	
	0x49, 0x83, 0xc0, 0xff, 
	0x4c, 0x89, 0xc0, 
	0xe9, 0x79, 0xfe, 0xff, 0xff, 
	
	0x49, 0x8d, 0x4b, 0x04, 
	0xe9, 0x8e, 0x05, 0x00, 0x00, 
	
	0x49, 0xc7, 0xc0, 0xff, 0xff, 0xff, 0xff, 
	
	0x4c, 0x29, 0xc7, 
	0x48, 0x83, 0xc7, 0xfe, 
	0x48, 0x8b, 0x45, 0xc8, 
	0x48, 0x89, 0x38, 
	0xe9, 0x4f, 0xfe, 0xff, 0xff, 
	
	0x48, 0x8b, 0x45, 0xc8, 
	0x4c, 0x89, 0x18, 
	0xe9, 0x43, 0xfe, 0xff, 0xff, 
	
	0x4d, 0x8b, 0x07, 
	0x4d, 0x89, 0xc6, 
	0x49, 0x29, 0xfe, 
	0x49, 0x83, 0xfe, 0x20, 
	0x0f, 0x8c, 0x43, 0x0c, 0x00, 0x00, 
	0x4f, 0x8d, 0x0c, 0x1c, 
	0x4d, 0x29, 0xd8, 
	0x41, 0xbf, 0x1f, 0x00, 0x00, 0x00, 
	0x45, 0x31, 0xf6, 
	0xf3, 0x0f, 0x6f, 0x05, 0xfe, 0xb7, 0xff, 0xff, 
	0xf3, 0x0f, 0x6f, 0x0d, 0x06, 0xb8, 0xff, 0xff, 
	0x45, 0x31, 0xd2, 
	
	0xf3, 0x43, 0x0f, 0x6f, 0x54, 0x31, 0x01, 
	0xf3, 0x43, 0x0f, 0x6f, 0x5c, 0x31, 0x11, 
	0x66, 0x0f, 0x6f, 0xe2, 
	0x66, 0x0f, 0x74, 0xe0, 
	0x66, 0x0f, 0xd7, 0xd4, 
	0x66, 0x0f, 0x6f, 0xe3, 
	0x66, 0x0f, 0x74, 0xe0, 
	0x66, 0x0f, 0xd7, 0xf4, 
	0x48, 0xc1, 0xe6, 0x10, 
	0x48, 0x09, 0xd6, 
	0x66, 0x0f, 0x74, 0xd1, 
	0x66, 0x0f, 0xd7, 0xca, 
	0x66, 0x0f, 0x74, 0xd9, 
	0x66, 0x0f, 0xd7, 0xd3, 
	0x48, 0xc1, 0xe2, 0x10, 
	0x48, 0x09, 0xca, 
	0x48, 0x89, 0xd1, 
	0x4c, 0x09, 0xd1, 
	0x0f, 0x84, 0x35, 0x00, 0x00, 0x00, 
	0x44, 0x89, 0xd1, 
	0xf7, 0xd1, 
	0x21, 0xd1, 
	0x8d, 0x3c, 0x09, 
	0x44, 0x09, 0xd7, 
	0x89, 0xfb, 
	0xf7, 0xd3, 
	0x21, 0xd3, 
	0x81, 0xe3, 0xaa, 0xaa, 0xaa, 0xaa, 
	0x45, 0x31, 0xd2, 
	0x01, 0xcb, 
	0x41, 0x0f, 0x92, 0xc2, 
	0x01, 0xdb, 
	0x81, 0xf3, 0x55, 0x55, 0x55, 0x55, 
	0x21, 0xfb, 
	0xf7, 0xd3, 
	0x21, 0xde, 
	0xe9, 0x03, 0x00, 0x00, 0x00, 
	
	0x45, 0x31, 0xd2, 
	
	0x48, 0x85, 0xf6, 
	0x0f, 0x85, 0x50, 0x09, 0x00, 0x00, 
	0x49, 0x83, 0xc6, 0x20, 
	0x4b, 0x8d, 0x0c, 0x38, 
	0x48, 0x83, 0xc1, 0xe0, 
	0x49, 0x83, 0xc7, 0xe0, 
	0x48, 0x83, 0xf9, 0x3f, 
	0x0f, 0x8f, 0x55, 0xff, 0xff, 0xff, 
	0x4d, 0x85, 0xd2, 
	0x0f, 0x85, 0x80, 0x0b, 0x00, 0x00, 
	0x4b, 0x8d, 0x3c, 0x0e, 
	0x48, 0x83, 0xc7, 0x01, 
	0x49, 0xf7, 0xd6, 
	0x4d, 0x01, 0xc6, 
	
	0x4d, 0x85, 0xf6, 
	0x0f, 0x8f, 0x59, 0x09, 0x00, 0x00, 
	0xe9, 0x44, 0xfd, 0xff, 0xff, 
	
	0x48, 0xba, 0x55, 0x55, 0x55, 0x55, 0x55, 0x55, 0x55, 0x55, 
	0x49, 0x8b, 0x0f, 
	0x49, 0x89, 0xd7, 
	0x48, 0x29, 0xf9, 
	0x49, 0x01, 0xfc, 
	0x45, 0x31, 0xf6, 
	0xf3, 0x44, 0x0f, 0x6f, 0x15, 0x11, 0xb7, 0xff, 0xff, 
	0xf3, 0x0f, 0x6f, 0x0d, 0xf9, 0xb6, 0xff, 0xff, 
	0x66, 0x45, 0x0f, 0x76, 0xc9, 
	0xf3, 0x0f, 0x6f, 0x1d, 0x2c, 0xb7, 0xff, 0xff, 
	0xf3, 0x0f, 0x6f, 0x25, 0xd4, 0xb6, 0xff, 0xff, 
	0x49, 0xb9, 0x33, 0x33, 0x33, 0x33, 0x33, 0x33, 0x33, 0x33, 
	0x66, 0x45, 0x0f, 0xef, 0xc0, 
	0x31, 0xd2, 
	0x45, 0x31, 0xc0, 
	0x45, 0x31, 0xd2, 
	0x48, 0x83, 0xf9, 0x40, 
	0x48, 0x89, 0x4d, 0xd0, 
	0x0f, 0x8d, 0x59, 0x01, 0x00, 0x00, 
	
	0x48, 0x85, 0xc9, 
	0x0f, 0x8e, 0xeb, 0x0a, 0x00, 0x00, 
	0xf3, 0x44, 0x0f, 0x7f, 0x45, 0x80, 
	0xf3, 0x44, 0x0f, 0x7f, 0x85, 0x70, 0xff, 0xff, 0xff, 
	0xf3, 0x44, 0x0f, 0x7f, 0x85, 0x60, 0xff, 0xff, 0xff, 
	0xf3, 0x44, 0x0f, 0x7f, 0x85, 0x50, 0xff, 0xff, 0xff, 
	0x44, 0x89, 0xe1, 
	0x81, 0xe1, 0xff, 0x0f, 0x00, 0x00, 
	0x81, 0xf9, 0xc1, 0x0f, 0x00, 0x00, 
	0x0f, 0x82, 0x3e, 0x00, 0x00, 0x00, 
	0x48, 0x83, 0x7d, 0xd0, 0x20, 
	0x0f, 0x82, 0x42, 0x00, 0x00, 0x00, 
	0x41, 0x0f, 0x10, 0x04, 0x24, 
	0x0f, 0x11, 0x85, 0x50, 0xff, 0xff, 0xff, 
	0xf3, 0x41, 0x0f, 0x6f, 0x44, 0x24, 0x10, 
	0xf3, 0x0f, 0x7f, 0x85, 0x60, 0xff, 0xff, 0xff, 
	0x49, 0x83, 0xc4, 0x20, 
	0x48, 0x8b, 0x4d, 0xd0, 
	0x48, 0x8d, 0x79, 0xe0, 
	0x48, 0x8d, 0xb5, 0x70, 0xff, 0xff, 0xff, 
	0xe9, 0x1a, 0x00, 0x00, 0x00, 
	
	0x49, 0xbf, 0x55, 0x55, 0x55, 0x55, 0x55, 0x55, 0x55, 0x55, 
	0xe9, 0xcd, 0x00, 0x00, 0x00, 
	
	0x48, 0x8d, 0xb5, 0x50, 0xff, 0xff, 0xff, 
	0x48, 0x8b, 0x7d, 0xd0, 
	
	0x48, 0x83, 0xff, 0x10, 
	0x0f, 0x82, 0x4b, 0x00, 0x00, 0x00, 
	0xf3, 0x41, 0x0f, 0x6f, 0x04, 0x24, 
	0xf3, 0x0f, 0x7f, 0x06, 
	0x49, 0x83, 0xc4, 0x10, 
	0x48, 0x83, 0xc6, 0x10, 
	0x48, 0x83, 0xc7, 0xf0, 
	0x48, 0x83, 0xff, 0x08, 
	0x0f, 0x83, 0x35, 0x00, 0x00, 0x00, 
	
	0x48, 0x83, 0xff, 0x04, 
	0x0f, 0x8c, 0x48, 0x00, 0x00, 0x00, 
	
	0x41, 0x8b, 0x0c, 0x24, 
	0x89, 0x0e, 
	0x49, 0x83, 0xc4, 0x04, 
	0x48, 0x83, 0xc6, 0x04, 
	0x48, 0x83, 0xc7, 0xfc, 
	0x48, 0x83, 0xff, 0x02, 
	0x0f, 0x83, 0x36, 0x00, 0x00, 0x00, 
	0xe9, 0x45, 0x00, 0x00, 0x00, 
	
	0x48, 0x83, 0xff, 0x08, 
	0x0f, 0x82, 0xcb, 0xff, 0xff, 0xff, 
	
	0x49, 0x8b, 0x0c, 0x24, 
	0x48, 0x89, 0x0e, 
	0x49, 0x83, 0xc4, 0x08, 
	0x48, 0x83, 0xc6, 0x08, 
	0x48, 0x83, 0xc7, 0xf8, 
	0x48, 0x83, 0xff, 0x04, 
	0x0f, 0x8d, 0xb8, 0xff, 0xff, 0xff, 
	
	0x48, 0x83, 0xff, 0x02, 
	0x0f, 0x82, 0x14, 0x00, 0x00, 0x00, 
	
	0x41, 0x0f, 0xb7, 0x0c, 0x24, 
	0x66, 0x89, 0x0e, 
	0x49, 0x83, 0xc4, 0x02, 
	0x48, 0x83, 0xc6, 0x02, 
	0x48, 0x83, 0xc7, 0xfe, 
	
	0x4c, 0x89, 0xe1, 
	0x4c, 0x8d, 0xa5, 0x50, 0xff, 0xff, 0xff, 
	0x48, 0x85, 0xff, 
	0x49, 0xbf, 0x55, 0x55, 0x55, 0x55, 0x55, 0x55, 0x55, 0x55, 
	0x0f, 0x84, 0x0b, 0x00, 0x00, 0x00, 
	0x8a, 0x09, 
	0x88, 0x0e, 
	0x4c, 0x8d, 0xa5, 0x50, 0xff, 0xff, 0xff, 
	
	0xf3, 0x41, 0x0f, 0x6f, 0x04, 0x24, 
	0xf3, 0x41, 0x0f, 0x6f, 0x6c, 0x24, 0x10, 
	0xf3, 0x41, 0x0f, 0x6f, 0x7c, 0x24, 0x20, 
	0xf3, 0x41, 0x0f, 0x6f, 0x74, 0x24, 0x30, 
	0x66, 0x0f, 0x6f, 0xd0, 
	0x66, 0x41, 0x0f, 0x74, 0xd2, 
	0x66, 0x0f, 0xd7, 0xf2, 
	0x66, 0x0f, 0x6f, 0xd5, 
	0x66, 0x41, 0x0f, 0x74, 0xd2, 
	0x66, 0x0f, 0xd7, 0xca, 
	0x66, 0x0f, 0x6f, 0xd7, 
	0x66, 0x41, 0x0f, 0x74, 0xd2, 
	0x66, 0x0f, 0xd7, 0xfa, 
	0x66, 0x0f, 0x6f, 0xd6, 
	0x66, 0x41, 0x0f, 0x74, 0xd2, 
	0x66, 0x0f, 0xd7, 0xda, 
	0x48, 0xc1, 0xe3, 0x30, 
	0x48, 0xc1, 0xe7, 0x20, 
	0x48, 0x09, 0xdf, 
	0x48, 0xc1, 0xe1, 0x10, 
	0x48, 0x09, 0xf9, 
	0x48, 0x09, 0xce, 
	0x48, 0x89, 0xf1, 
	0x48, 0x09, 0xd1, 
	0x0f, 0x85, 0x12, 0x00, 0x00, 0x00, 
	0x48, 0xc7, 0xc6, 0xff, 0xff, 0xff, 0xff, 
	0x31, 0xc9, 
	0x48, 0x89, 0x4d, 0xb8, 
	0xe9, 0x3e, 0x00, 0x00, 0x00, 
	
	0x48, 0x89, 0xd1, 
	0x48, 0xf7, 0xd1, 
	0x48, 0x21, 0xf1, 
	0x48, 0x8d, 0x3c, 0x09, 
	0x48, 0x09, 0xd7, 
	0x48, 0x89, 0xfa, 
	0x48, 0xf7, 0xd2, 
	0x48, 0xbb, 0xaa, 0xaa, 0xaa, 0xaa, 0xaa, 0xaa, 0xaa, 0xaa, 
	0x48, 0x21, 0xde, 
	0x48, 0x21, 0xd6, 
	0x31, 0xd2, 
	0x48, 0x01, 0xce, 
	0x0f, 0x92, 0xc2, 
	0x48, 0x89, 0x55, 0xb8, 
	0x48, 0x01, 0xf6, 
	0x4c, 0x31, 0xfe, 
	0x48, 0x21, 0xfe, 
	0x48, 0xf7, 0xd6, 
	
	0x66, 0x0f, 0x6f, 0xd6, 
	0x66, 0x0f, 0x74, 0xd1, 
	0x66, 0x0f, 0xd7, 0xca, 
	0x48, 0xc1, 0xe1, 0x30, 
	0x66, 0x0f, 0x6f, 0xd7, 
	0x66, 0x0f, 0x74, 0xd1, 
	0x66, 0x0f, 0xd7, 0xfa, 
	0x48, 0xc1, 0xe7, 0x20, 
	0x48, 0x09, 0xcf, 
	0x66, 0x0f, 0x6f, 0xd5, 
	0x66, 0x0f, 0x74, 0xd1, 
	0x66, 0x0f, 0xd7, 0xca, 
	0x48, 0xc1, 0xe1, 0x10, 
	0x48, 0x09, 0xf9, 
	0x66, 0x0f, 0x6f, 0xd0, 
	0x66, 0x0f, 0x74, 0xd1, 
	0x66, 0x0f, 0xd7, 0xfa, 
	0x48, 0x09, 0xcf, 
	0x48, 0x21, 0xf7, 
	0x66, 0x48, 0x0f, 0x6e, 0xd7, 
	0x66, 0x41, 0x0f, 0x3a, 0x44, 0xd1, 0x00, 
	0x66, 0x49, 0x0f, 0x7e, 0xd5, 
	0x4d, 0x31, 0xf5, 
	0x66, 0x0f, 0x6f, 0xd0, 
	0x66, 0x0f, 0x74, 0xd3, 
	0x66, 0x0f, 0xd7, 0xda, 
	0x66, 0x0f, 0x6f, 0xd5, 
	0x66, 0x0f, 0x74, 0xd3, 
	0x66, 0x0f, 0xd7, 0xca, 
	0x66, 0x0f, 0x6f, 0xd7, 
	0x66, 0x0f, 0x74, 0xd3, 
	0x66, 0x0f, 0xd7, 0xf2, 
	0x66, 0x0f, 0x6f, 0xd6, 
	0x66, 0x0f, 0x74, 0xd3, 
	0x66, 0x0f, 0xd7, 0xd2, 
	0x48, 0xc1, 0xe2, 0x30, 
	0x48, 0xc1, 0xe6, 0x20, 
	0x48, 0x09, 0xd6, 
	0x48, 0xc1, 0xe1, 0x10, 
	0x48, 0x09, 0xf1, 
	0x48, 0x09, 0xcb, 
	0x4c, 0x89, 0xe9, 
	0x48, 0xf7, 0xd1, 
	0x48, 0x21, 0xcb, 
	0x66, 0x0f, 0x74, 0xc4, 
	0x66, 0x0f, 0xd7, 0xf0, 
	0x66, 0x0f, 0x74, 0xec, 
	0x66, 0x0f, 0xd7, 0xd5, 
	0x66, 0x0f, 0x74, 0xfc, 
	0x66, 0x44, 0x0f, 0xd7, 0xf7, 
	0x66, 0x0f, 0x74, 0xf4, 
	0x66, 0x44, 0x0f, 0xd7, 0xfe, 
	0x49, 0xc1, 0xe7, 0x30, 
	0x49, 0xc1, 0xe6, 0x20, 
	0x4d, 0x09, 0xfe, 
	0x48, 0xc1, 0xe2, 0x10, 
	0x4c, 0x09, 0xf2, 
	0x48, 0x09, 0xd6, 
	0x48, 0x21, 0xce, 
	0x0f, 0x84, 0x7b, 0x00, 0x00, 0x00, 
	0x4c, 0x8b, 0x75, 0xc0, 
	0x49, 0xbf, 0x55, 0x55, 0x55, 0x55, 0x55, 0x55, 0x55, 0x55, 
	
	0x48, 0x8d, 0x7e, 0xff, 
	0x48, 0x89, 0xf9, 
	0x48, 0x21, 0xd9, 
	0x48, 0x89, 0xca, 
	0x48, 0xd1, 0xea, 
	0x4c, 0x21, 0xfa, 
	0x48, 0x29, 0xd1, 
	0x48, 0x89, 0xca, 
	0x4c, 0x21, 0xca, 
	0x48, 0xc1, 0xe9, 0x02, 
	0x4c, 0x21, 0xc9, 
	0x48, 0x01, 0xd1, 
	0x48, 0x89, 0xca, 
	0x48, 0xc1, 0xea, 0x04, 
	0x48, 0x01, 0xca, 
	0x48, 0xb9, 0x0f, 0x0f, 0x0f, 0x0f, 0x0f, 0x0f, 0x0f, 0x0f, 
	0x48, 0x21, 0xca, 
	0x48, 0xb9, 0x01, 0x01, 0x01, 0x01, 0x01, 0x01, 0x01, 0x01, 
	0x48, 0x0f, 0xaf, 0xd1, 
	0x48, 0xc1, 0xea, 0x38, 
	0x4c, 0x01, 0xc2, 
	0x4c, 0x39, 0xd2, 
	0x0f, 0x86, 0x08, 0x05, 0x00, 0x00, 
	0x49, 0x83, 0xc2, 0x01, 
	0x48, 0x21, 0xfe, 
	0x0f, 0x85, 0x98, 0xff, 0xff, 0xff, 
	0xe9, 0x0a, 0x00, 0x00, 0x00, 
	
	0x49, 0xbf, 0x55, 0x55, 0x55, 0x55, 0x55, 0x55, 0x55, 0x55, 
	
	0x49, 0xc1, 0xfd, 0x3f, 
	0x48, 0x89, 0xd9, 
	0x48, 0xd1, 0xe9, 
	0x4c, 0x21, 0xf9, 
	0x48, 0x29, 0xcb, 
	0x48, 0x89, 0xd9, 
	0x4c, 0x21, 0xc9, 
	0x48, 0xc1, 0xeb, 0x02, 
	0x4c, 0x21, 0xcb, 
	0x48, 0x01, 0xcb, 
	0x48, 0x89, 0xd9, 
	0x48, 0xc1, 0xe9, 0x04, 
	0x48, 0x01, 0xd9, 
	0x48, 0xba, 0x0f, 0x0f, 0x0f, 0x0f, 0x0f, 0x0f, 0x0f, 0x0f, 
	0x48, 0x21, 0xd1, 
	0x48, 0xba, 0x01, 0x01, 0x01, 0x01, 0x01, 0x01, 0x01, 0x01, 
	0x48, 0x0f, 0xaf, 0xca, 
	0x48, 0xc1, 0xe9, 0x38, 
	0x49, 0x01, 0xc8, 
	0x49, 0x83, 0xc4, 0x40, 
	0x48, 0x8b, 0x4d, 0xd0, 
	0x48, 0x83, 0xc1, 0xc0, 
	0x4d, 0x89, 0xee, 
	0x48, 0x8b, 0x55, 0xb8, 
	0x48, 0x83, 0xf9, 0x40, 
	0x48, 0x89, 0x4d, 0xd0, 
	0x0f, 0x8d, 0x64, 0xfd, 0xff, 0xff, 
	0xe9, 0x06, 0xfc, 0xff, 0xff, 
	
	0x49, 0x8d, 0x4b, 0x05, 
	
	0x49, 0x3b, 0x0f, 
	0x0f, 0x87, 0xd9, 0xf8, 0xff, 0xff, 
	0x48, 0x8b, 0x45, 0xc8, 
	0x48, 0x89, 0x08, 
	0x4c, 0x89, 0xd8, 
	0xe9, 0xca, 0xf8, 0xff, 0xff, 
	
	0x48, 0xba, 0x55, 0x55, 0x55, 0x55, 0x55, 0x55, 0x55, 0x55, 
	0x49, 0x8b, 0x0f, 
	0x49, 0x89, 0xd7, 
	0x48, 0x29, 0xf9, 
	0x49, 0x01, 0xfc, 
	0x45, 0x31, 0xf6, 
	0xf3, 0x44, 0x0f, 0x6f, 0x15, 0x97, 0xb2, 0xff, 0xff, 
	0xf3, 0x0f, 0x6f, 0x0d, 0x7f, 0xb2, 0xff, 0xff, 
	0x66, 0x45, 0x0f, 0x76, 0xc9, 
	0xf3, 0x0f, 0x6f, 0x1d, 0x92, 0xb2, 0xff, 0xff, 
	0xf3, 0x0f, 0x6f, 0x25, 0x9a, 0xb2, 0xff, 0xff, 
	0x49, 0xb9, 0x33, 0x33, 0x33, 0x33, 0x33, 0x33, 0x33, 0x33, 
	0x66, 0x45, 0x0f, 0xef, 0xc0, 
	0x31, 0xd2, 
	0x45, 0x31, 0xc0, 
	0x45, 0x31, 0xd2, 
	0x48, 0x83, 0xf9, 0x40, 
	0x48, 0x89, 0x4d, 0xd0, 
	0x0f, 0x8d, 0x59, 0x01, 0x00, 0x00, 
	
	0x48, 0x85, 0xc9, 
	0x0f, 0x8e, 0x71, 0x06, 0x00, 0x00, 
	0xf3, 0x44, 0x0f, 0x7f, 0x45, 0x80, 
	0xf3, 0x44, 0x0f, 0x7f, 0x85, 0x70, 0xff, 0xff, 0xff, 
	0xf3, 0x44, 0x0f, 0x7f, 0x85, 0x60, 0xff, 0xff, 0xff, 
	0xf3, 0x44, 0x0f, 0x7f, 0x85, 0x50, 0xff, 0xff, 0xff, 
	0x44, 0x89, 0xe1, 
	0x81, 0xe1, 0xff, 0x0f, 0x00, 0x00, 
	0x81, 0xf9, 0xc1, 0x0f, 0x00, 0x00, 
	0x0f, 0x82, 0x3e, 0x00, 0x00, 0x00, 
	0x48, 0x83, 0x7d, 0xd0, 0x20, 
	0x0f, 0x82, 0x42, 0x00, 0x00, 0x00, 
	0x41, 0x0f, 0x10, 0x04, 0x24, 
	0x0f, 0x11, 0x85, 0x50, 0xff, 0xff, 0xff, 
	0xf3, 0x41, 0x0f, 0x6f, 0x44, 0x24, 0x10, 
	0xf3, 0x0f, 0x7f, 0x85, 0x60, 0xff, 0xff, 0xff, 
	0x49, 0x83, 0xc4, 0x20, 
	0x48, 0x8b, 0x4d, 0xd0, 
	0x48, 0x8d, 0x79, 0xe0, 
	0x48, 0x8d, 0xb5, 0x70, 0xff, 0xff, 0xff, 
	0xe9, 0x1a, 0x00, 0x00, 0x00, 
	
	0x49, 0xbf, 0x55, 0x55, 0x55, 0x55, 0x55, 0x55, 0x55, 0x55, 
	0xe9, 0xcd, 0x00, 0x00, 0x00, 
	
	0x48, 0x8d, 0xb5, 0x50, 0xff, 0xff, 0xff, 
	0x48, 0x8b, 0x7d, 0xd0, 
	
	0x48, 0x83, 0xff, 0x10, 
	0x0f, 0x82, 0x4b, 0x00, 0x00, 0x00, 
	0xf3, 0x41, 0x0f, 0x6f, 0x04, 0x24, 
	0xf3, 0x0f, 0x7f, 0x06, 
	0x49, 0x83, 0xc4, 0x10, 
	0x48, 0x83, 0xc6, 0x10, 
	0x48, 0x83, 0xc7, 0xf0, 
	0x48, 0x83, 0xff, 0x08, 
	0x0f, 0x83, 0x35, 0x00, 0x00, 0x00, 
	
	0x48, 0x83, 0xff, 0x04, 
	0x0f, 0x8c, 0x48, 0x00, 0x00, 0x00, 
	
	0x41, 0x8b, 0x0c, 0x24, 
	0x89, 0x0e, 
	0x49, 0x83, 0xc4, 0x04, 
	0x48, 0x83, 0xc6, 0x04, 
	0x48, 0x83, 0xc7, 0xfc, 
	0x48, 0x83, 0xff, 0x02, 
	0x0f, 0x83, 0x36, 0x00, 0x00, 0x00, 
	0xe9, 0x45, 0x00, 0x00, 0x00, 
	
	0x48, 0x83, 0xff, 0x08, 
	0x0f, 0x82, 0xcb, 0xff, 0xff, 0xff, 
	
	0x49, 0x8b, 0x0c, 0x24, 
	0x48, 0x89, 0x0e, 
	0x49, 0x83, 0xc4, 0x08, 
	0x48, 0x83, 0xc6, 0x08, 
	0x48, 0x83, 0xc7, 0xf8, 
	0x48, 0x83, 0xff, 0x04, 
	0x0f, 0x8d, 0xb8, 0xff, 0xff, 0xff, 
	
	0x48, 0x83, 0xff, 0x02, 
	0x0f, 0x82, 0x14, 0x00, 0x00, 0x00, 
	
	0x41, 0x0f, 0xb7, 0x0c, 0x24, 
	0x66, 0x89, 0x0e, 
	0x49, 0x83, 0xc4, 0x02, 
	0x48, 0x83, 0xc6, 0x02, 
	0x48, 0x83, 0xc7, 0xfe, 
	
	0x4c, 0x89, 0xe1, 
	0x4c, 0x8d, 0xa5, 0x50, 0xff, 0xff, 0xff, 
	0x48, 0x85, 0xff, 
	0x49, 0xbf, 0x55, 0x55, 0x55, 0x55, 0x55, 0x55, 0x55, 0x55, 
	0x0f, 0x84, 0x0b, 0x00, 0x00, 0x00, 
	0x8a, 0x09, 
	0x88, 0x0e, 
	0x4c, 0x8d, 0xa5, 0x50, 0xff, 0xff, 0xff, 
	
	0xf3, 0x41, 0x0f, 0x6f, 0x04, 0x24, 
	0xf3, 0x41, 0x0f, 0x6f, 0x6c, 0x24, 0x10, 
	0xf3, 0x41, 0x0f, 0x6f, 0x7c, 0x24, 0x20, 
	0xf3, 0x41, 0x0f, 0x6f, 0x74, 0x24, 0x30, 
	0x66, 0x0f, 0x6f, 0xd0, 
	0x66, 0x41, 0x0f, 0x74, 0xd2, 
	0x66, 0x0f, 0xd7, 0xf2, 
	0x66, 0x0f, 0x6f, 0xd5, 
	0x66, 0x41, 0x0f, 0x74, 0xd2, 
	0x66, 0x0f, 0xd7, 0xca, 
	0x66, 0x0f, 0x6f, 0xd7, 
	0x66, 0x41, 0x0f, 0x74, 0xd2, 
	0x66, 0x0f, 0xd7, 0xfa, 
	0x66, 0x0f, 0x6f, 0xd6, 
	0x66, 0x41, 0x0f, 0x74, 0xd2, 
	0x66, 0x0f, 0xd7, 0xda, 
	0x48, 0xc1, 0xe3, 0x30, 
	0x48, 0xc1, 0xe7, 0x20, 
	0x48, 0x09, 0xdf, 
	0x48, 0xc1, 0xe1, 0x10, 
	0x48, 0x09, 0xf9, 
	0x48, 0x09, 0xce, 
	0x48, 0x89, 0xf1, 
	0x48, 0x09, 0xd1, 
	0x0f, 0x85, 0x12, 0x00, 0x00, 0x00, 
	0x48, 0xc7, 0xc6, 0xff, 0xff, 0xff, 0xff, 
	0x31, 0xc9, 
	0x48, 0x89, 0x4d, 0xb8, 
	0xe9, 0x3e, 0x00, 0x00, 0x00, 
	
	0x48, 0x89, 0xd1, 
	0x48, 0xf7, 0xd1, 
	0x48, 0x21, 0xf1, 
	0x48, 0x8d, 0x3c, 0x09, 
	0x48, 0x09, 0xd7, 
	0x48, 0x89, 0xfa, 
	0x48, 0xf7, 0xd2, 
	0x48, 0xbb, 0xaa, 0xaa, 0xaa, 0xaa, 0xaa, 0xaa, 0xaa, 0xaa, 
	0x48, 0x21, 0xde, 
	0x48, 0x21, 0xd6, 
	0x31, 0xd2, 
	0x48, 0x01, 0xce, 
	0x0f, 0x92, 0xc2, 
	0x48, 0x89, 0x55, 0xb8, 
	0x48, 0x01, 0xf6, 
	0x4c, 0x31, 0xfe, 
	0x48, 0x21, 0xfe, 
	0x48, 0xf7, 0xd6, 
	
	0x66, 0x0f, 0x6f, 0xd6, 
	0x66, 0x0f, 0x74, 0xd1, 
	0x66, 0x0f, 0xd7, 0xca, 
	0x48, 0xc1, 0xe1, 0x30, 
	0x66, 0x0f, 0x6f, 0xd7, 
	0x66, 0x0f, 0x74, 0xd1, 
	0x66, 0x0f, 0xd7, 0xfa, 
	0x48, 0xc1, 0xe7, 0x20, 
	0x48, 0x09, 0xcf, 
	0x66, 0x0f, 0x6f, 0xd5, 
	0x66, 0x0f, 0x74, 0xd1, 
	0x66, 0x0f, 0xd7, 0xca, 
	0x48, 0xc1, 0xe1, 0x10, 
	0x48, 0x09, 0xf9, 
	0x66, 0x0f, 0x6f, 0xd0, 
	0x66, 0x0f, 0x74, 0xd1, 
	0x66, 0x0f, 0xd7, 0xfa, 
	0x48, 0x09, 0xcf, 
	0x48, 0x21, 0xf7, 
	0x66, 0x48, 0x0f, 0x6e, 0xd7, 
	0x66, 0x41, 0x0f, 0x3a, 0x44, 0xd1, 0x00, 
	0x66, 0x49, 0x0f, 0x7e, 0xd5, 
	0x4d, 0x31, 0xf5, 
	0x66, 0x0f, 0x6f, 0xd0, 
	0x66, 0x0f, 0x74, 0xd3, 
	0x66, 0x0f, 0xd7, 0xda, 
	0x66, 0x0f, 0x6f, 0xd5, 
	0x66, 0x0f, 0x74, 0xd3, 
	0x66, 0x0f, 0xd7, 0xca, 
	0x66, 0x0f, 0x6f, 0xd7, 
	0x66, 0x0f, 0x74, 0xd3, 
	0x66, 0x0f, 0xd7, 0xf2, 
	0x66, 0x0f, 0x6f, 0xd6, 
	0x66, 0x0f, 0x74, 0xd3, 
	0x66, 0x0f, 0xd7, 0xd2, 
	0x48, 0xc1, 0xe2, 0x30, 
	0x48, 0xc1, 0xe6, 0x20, 
	0x48, 0x09, 0xd6, 
	0x48, 0xc1, 0xe1, 0x10, 
	0x48, 0x09, 0xf1, 
	0x48, 0x09, 0xcb, 
	0x4c, 0x89, 0xe9, 
	0x48, 0xf7, 0xd1, 
	0x48, 0x21, 0xcb, 
	0x66, 0x0f, 0x74, 0xc4, 
	0x66, 0x0f, 0xd7, 0xf0, 
	0x66, 0x0f, 0x74, 0xec, 
	0x66, 0x0f, 0xd7, 0xd5, 
	0x66, 0x0f, 0x74, 0xfc, 
	0x66, 0x44, 0x0f, 0xd7, 0xf7, 
	0x66, 0x0f, 0x74, 0xf4, 
	0x66, 0x44, 0x0f, 0xd7, 0xfe, 
	0x49, 0xc1, 0xe7, 0x30, 
	0x49, 0xc1, 0xe6, 0x20, 
	0x4d, 0x09, 0xfe, 
	0x48, 0xc1, 0xe2, 0x10, 
	0x4c, 0x09, 0xf2, 
	0x48, 0x09, 0xd6, 
	0x48, 0x21, 0xce, 
	0x0f, 0x84, 0x7b, 0x00, 0x00, 0x00, 
	0x4c, 0x8b, 0x75, 0xc0, 
	0x49, 0xbf, 0x55, 0x55, 0x55, 0x55, 0x55, 0x55, 0x55, 0x55, 
	
	0x48, 0x8d, 0x7e, 0xff, 
	0x48, 0x89, 0xf9, 
	0x48, 0x21, 0xd9, 
	0x48, 0x89, 0xca, 
	0x48, 0xd1, 0xea, 
	0x4c, 0x21, 0xfa, 
	0x48, 0x29, 0xd1, 
	0x48, 0x89, 0xca, 
	0x4c, 0x21, 0xca, 
	0x48, 0xc1, 0xe9, 0x02, 
	0x4c, 0x21, 0xc9, 
	0x48, 0x01, 0xd1, 
	0x48, 0x89, 0xca, 
	0x48, 0xc1, 0xea, 0x04, 
	0x48, 0x01, 0xca, 
	0x48, 0xb9, 0x0f, 0x0f, 0x0f, 0x0f, 0x0f, 0x0f, 0x0f, 0x0f, 
	0x48, 0x21, 0xca, 
	0x48, 0xb9, 0x01, 0x01, 0x01, 0x01, 0x01, 0x01, 0x01, 0x01, 
	0x48, 0x0f, 0xaf, 0xd1, 
	0x48, 0xc1, 0xea, 0x38, 
	0x4c, 0x01, 0xc2, 
	0x4c, 0x39, 0xd2, 
	0x0f, 0x86, 0x8e, 0x00, 0x00, 0x00, 
	0x49, 0x83, 0xc2, 0x01, 
	0x48, 0x21, 0xfe, 
	0x0f, 0x85, 0x98, 0xff, 0xff, 0xff, 
	0xe9, 0x0a, 0x00, 0x00, 0x00, 
	
	0x49, 0xbf, 0x55, 0x55, 0x55, 0x55, 0x55, 0x55, 0x55, 0x55, 
	
	0x49, 0xc1, 0xfd, 0x3f, 
	0x48, 0x89, 0xd9, 
	0x48, 0xd1, 0xe9, 
	0x4c, 0x21, 0xf9, 
	0x48, 0x29, 0xcb, 
	0x48, 0x89, 0xd9, 
	0x4c, 0x21, 0xc9, 
	0x48, 0xc1, 0xeb, 0x02, 
	0x4c, 0x21, 0xcb, 
	0x48, 0x01, 0xcb, 
	0x48, 0x89, 0xd9, 
	0x48, 0xc1, 0xe9, 0x04, 
	0x48, 0x01, 0xd9, 
	0x48, 0xba, 0x0f, 0x0f, 0x0f, 0x0f, 0x0f, 0x0f, 0x0f, 0x0f, 
	0x48, 0x21, 0xd1, 
	0x48, 0xba, 0x01, 0x01, 0x01, 0x01, 0x01, 0x01, 0x01, 0x01, 
	0x48, 0x0f, 0xaf, 0xca, 
	0x48, 0xc1, 0xe9, 0x38, 
	0x49, 0x01, 0xc8, 
	0x49, 0x83, 0xc4, 0x40, 
	0x48, 0x8b, 0x4d, 0xd0, 
	0x48, 0x83, 0xc1, 0xc0, 
	0x4d, 0x89, 0xee, 
	0x48, 0x8b, 0x55, 0xb8, 
	0x48, 0x83, 0xf9, 0x40, 
	0x48, 0x89, 0x4d, 0xd0, 
	0x0f, 0x8d, 0x64, 0xfd, 0xff, 0xff, 
	0xe9, 0x06, 0xfc, 0xff, 0xff, 
	
	0x49, 0x8b, 0x06, 
	0x48, 0x0f, 0xbc, 0xce, 
	0x48, 0x2b, 0x4d, 0xd0, 
	0x48, 0x01, 0xc8, 
	0x48, 0x83, 0xc0, 0x01, 
	0x48, 0x8b, 0x55, 0xc8, 
	0x48, 0x89, 0x02, 
	0x49, 0x8b, 0x0e, 
	0x48, 0x39, 0xc8, 
	0x48, 0x0f, 0x47, 0xc1, 
	0x48, 0x89, 0x02, 
	0x48, 0xc7, 0xc0, 0xff, 0xff, 0xff, 0xff, 
	0x4c, 0x0f, 0x47, 0xd8, 
	0x4c, 0x89, 0xd8, 
	0xe9, 0x33, 0xf4, 0xff, 0xff, 
	
	0x0f, 0xbc, 0xc6, 
	0x4c, 0x01, 0xd8, 
	0x4c, 0x01, 0xf0, 
	0x48, 0x83, 0xc0, 0x02, 
	0x48, 0x8b, 0x4d, 0xc8, 
	0x48, 0x89, 0x01, 
	0x4c, 0x89, 0xd8, 
	0xe9, 0x17, 0xf4, 0xff, 0xff, 
	
	0x48, 0x89, 0x17, 
	0xe9, 0x0f, 0xf4, 0xff, 0xff, 
	
	0x48, 0xc7, 0xc1, 0xfe, 0xff, 0xff, 0xff, 
	0xb8, 0x02, 0x00, 0x00, 0x00, 
	0x48, 0x01, 0xc7, 
	0x48, 0xc7, 0xc0, 0xff, 0xff, 0xff, 0xff, 
	0x49, 0x01, 0xce, 
	0x0f, 0x8e, 0xf0, 0xf3, 0xff, 0xff, 
	
	0x0f, 0xb6, 0x07, 
	0x3c, 0x5c, 
	0x0f, 0x84, 0xd6, 0xff, 0xff, 0xff, 
	0x3c, 0x22, 
	0x0f, 0x84, 0x98, 0x01, 0x00, 0x00, 
	0x48, 0xc7, 0xc1, 0xff, 0xff, 0xff, 0xff, 
	0xb8, 0x01, 0x00, 0x00, 0x00, 
	0x48, 0x01, 0xc7, 
	0x48, 0xc7, 0xc0, 0xff, 0xff, 0xff, 0xff, 
	0x49, 0x01, 0xce, 
	0x0f, 0x8f, 0xce, 0xff, 0xff, 0xff, 
	0xe9, 0xb9, 0xf3, 0xff, 0xff, 
	
	0x48, 0x8b, 0x7d, 0xa0, 
	0xe9, 0x47, 0xf5, 0xff, 0xff, 
	
	0x4c, 0x89, 0x95, 0x48, 0xff, 0xff, 0xff, 
	
	0x4c, 0x8b, 0x45, 0xc8, 
	
	0x48, 0x8b, 0x85, 0x48, 0xff, 0xff, 0xff, 
	0x49, 0x89, 0x00, 
	0x48, 0xc7, 0xc0, 0xff, 0xff, 0xff, 0xff, 
	0xe9, 0x8f, 0xf3, 0xff, 0xff, 
	
	0x4c, 0x29, 0xe7, 
	0x48, 0x01, 0xc7, 
	0x48, 0x89, 0x3b, 
	0x4c, 0x89, 0xd8, 
	0xe9, 0x7e, 0xf3, 0xff, 0xff, 
	
	0x49, 0xc7, 0xc7, 0xff, 0xff, 0xff, 0xff, 
	
	0x49, 0xf7, 0xd7, 
	0x4c, 0x01, 0xf8, 
	0x48, 0x8b, 0x4d, 0xc8, 
	0x48, 0x89, 0x01, 
	0xe9, 0x5e, 0xf3, 0xff, 0xff, 
	
	0x48, 0xc7, 0xc0, 0xfe, 0xff, 0xff, 0xff, 
	0x80, 0xfa, 0x61, 
	0x0f, 0x85, 0x55, 0xf3, 0xff, 0xff, 
	0x48, 0x8d, 0x51, 0x01, 
	0x48, 0x89, 0x17, 
	0x41, 0x80, 0x7c, 0x0d, 0x01, 0x6c, 
	0x0f, 0x85, 0x42, 0xf3, 0xff, 0xff, 
	0x48, 0x8d, 0x51, 0x02, 
	0x48, 0x89, 0x17, 
	0x41, 0x80, 0x7c, 0x0d, 0x02, 0x73, 
	0x0f, 0x85, 0x2f, 0xf3, 0xff, 0xff, 
	0x48, 0x8d, 0x51, 0x03, 
	0x48, 0x89, 0x17, 
	0x41, 0x80, 0x7c, 0x0d, 0x03, 0x65, 
	0x0f, 0x85, 0x1c, 0xf3, 0xff, 0xff, 
	0x48, 0x83, 0xc1, 0x04, 
	
	0x48, 0x8b, 0x55, 0xc8, 
	0x48, 0x89, 0x0a, 
	0xe9, 0x0c, 0xf3, 0xff, 0xff, 
	
	0x48, 0x89, 0x07, 
	0x41, 0x80, 0x7c, 0x05, 0x00, 0x6e, 
	0x0f, 0x85, 0xf6, 0xf2, 0xff, 0xff, 
	0x48, 0x89, 0x0f, 
	0x41, 0x80, 0x7c, 0x0d, 0x00, 0x75, 
	0x0f, 0x85, 0xe7, 0xf2, 0xff, 0xff, 
	0x48, 0x8d, 0x41, 0x01, 
	0x48, 0x89, 0x07, 
	0x41, 0x80, 0x7c, 0x0d, 0x01, 0x6c, 
	0x0f, 0x85, 0xd4, 0xf2, 0xff, 0xff, 
	0x48, 0x8d, 0x41, 0x02, 
	0x48, 0x89, 0x07, 
	0x41, 0x80, 0x7c, 0x0d, 0x02, 0x6c, 
	0x0f, 0x85, 0xc1, 0xf2, 0xff, 0xff, 
	0xe9, 0x44, 0x00, 0x00, 0x00, 
	
	0x48, 0x89, 0x07, 
	0x41, 0x80, 0x7c, 0x05, 0x00, 0x74, 
	0x0f, 0x85, 0xad, 0xf2, 0xff, 0xff, 
	0x48, 0x89, 0x0f, 
	0x41, 0x80, 0x7c, 0x0d, 0x00, 0x72, 
	0x0f, 0x85, 0x9e, 0xf2, 0xff, 0xff, 
	0x48, 0x8d, 0x41, 0x01, 
	0x48, 0x89, 0x07, 
	0x41, 0x80, 0x7c, 0x0d, 0x01, 0x75, 
	0x0f, 0x85, 0x8b, 0xf2, 0xff, 0xff, 
	0x48, 0x8d, 0x41, 0x02, 
	0x48, 0x89, 0x07, 
	0x41, 0x80, 0x7c, 0x0d, 0x02, 0x65, 
	0x0f, 0x85, 0x78, 0xf2, 0xff, 0xff, 
	
	0x48, 0x83, 0xc1, 0x03, 
	0x48, 0x8b, 0x45, 0xc8, 
	0x48, 0x89, 0x08, 
	0xe9, 0x68, 0xf2, 0xff, 0xff, 
	
	0x48, 0x83, 0xc1, 0xff, 
	0x48, 0x89, 0xc8, 
	0xe9, 0x63, 0xf2, 0xff, 0xff, 
	
	0x48, 0x83, 0xc0, 0xff, 
	0xe9, 0x5a, 0xf2, 0xff, 0xff, 
	
	0x4c, 0x89, 0x45, 0xa0, 
	0xe9, 0xad, 0xf3, 0xff, 0xff, 
	
	0x48, 0xc7, 0xc0, 0xfe, 0xff, 0xff, 0xff, 
	0xe9, 0x2d, 0x00, 0x00, 0x00, 
	
	0x4c, 0x29, 0xe7, 
	0x48, 0x83, 0xc7, 0x01, 
	
	0x48, 0x8b, 0x45, 0xc8, 
	0x48, 0x89, 0x38, 
	0x4c, 0x89, 0xd8, 
	0xe9, 0x2f, 0xf2, 0xff, 0xff, 
	
	0x48, 0x83, 0xc3, 0x01, 
	0x48, 0xc7, 0xc0, 0xfd, 0xff, 0xff, 0xff, 
	0xe9, 0x04, 0x00, 0x00, 0x00, 
	
	0x48, 0x83, 0xc3, 0x01, 
	
	0x49, 0x89, 0xd9, 
	
	0x4d, 0x29, 0xe9, 
	0x48, 0x8b, 0x4d, 0xc8, 
	0x4c, 0x89, 0x09, 
	0xe9, 0x09, 0xf2, 0xff, 0xff, 
	
	0x4c, 0x01, 0xe7, 
	0x48, 0x8b, 0x5d, 0xc8, 
	0x48, 0x85, 0xc9, 
	0x0f, 0x85, 0xed, 0xf2, 0xff, 0xff, 
	0xe9, 0x1d, 0xf3, 0xff, 0xff, 
	
	0x4c, 0x01, 0xe7, 
	0xe9, 0x9a, 0xf4, 0xff, 0xff, 
	
	0x48, 0x8b, 0x4d, 0xc0, 
	0x48, 0x8b, 0x09, 
	0xe9, 0xc8, 0xfe, 0xff, 0xff, 
	
	0x49, 0x8d, 0x48, 0xff, 
	0x4c, 0x39, 0xf1, 
	0x0f, 0x84, 0xd3, 0xf1, 0xff, 0xff, 
	0x4b, 0x8d, 0x3c, 0x0e, 
	0x48, 0x83, 0xc7, 0x02, 
	0x4d, 0x29, 0xf0, 
	0x49, 0x83, 0xc0, 0xfe, 
	0x4d, 0x89, 0xc6, 
	0xe9, 0x6a, 0xf4, 0xff, 0xff, 
	0x90, 0x90, 0x90, 
	
	
	
	
	
	
	
	
	
	0x3e, 0xce, 0xff, 0xff, 
	0x38, 0xce, 0xff, 0xff, 
	0x38, 0xce, 0xff, 0xff, 
	0x38, 0xce, 0xff, 0xff, 
	0x38, 0xce, 0xff, 0xff, 
	0x38, 0xce, 0xff, 0xff, 
	0x38, 0xce, 0xff, 0xff, 
	0x38, 0xce, 0xff, 0xff, 
	0x38, 0xce, 0xff, 0xff, 
	0x38, 0xce, 0xff, 0xff, 
	0x38, 0xce, 0xff, 0xff, 
	0x38, 0xce, 0xff, 0xff, 
	0x38, 0xce, 0xff, 0xff, 
	0x38, 0xce, 0xff, 0xff, 
	0x38, 0xce, 0xff, 0xff, 
	0x38, 0xce, 0xff, 0xff, 
	0x38, 0xce, 0xff, 0xff, 
	0x38, 0xce, 0xff, 0xff, 
	0x38, 0xce, 0xff, 0xff, 
	0x38, 0xce, 0xff, 0xff, 
	0x38, 0xce, 0xff, 0xff, 
	0x38, 0xce, 0xff, 0xff, 
	0x38, 0xce, 0xff, 0xff, 
	0x38, 0xce, 0xff, 0xff, 
	0x38, 0xce, 0xff, 0xff, 
	0x38, 0xce, 0xff, 0xff, 
	0x38, 0xce, 0xff, 0xff, 
	0x38, 0xce, 0xff, 0xff, 
	0x38, 0xce, 0xff, 0xff, 
	0x38, 0xce, 0xff, 0xff, 
	0x38, 0xce, 0xff, 0xff, 
	0x38, 0xce, 0xff, 0xff, 
	0x38, 0xce, 0xff, 0xff, 
	0x38, 0xce, 0xff, 0xff, 
	0x0d, 0xcd, 0xff, 0xff, 
	0x38, 0xce, 0xff, 0xff, 
	0x38, 0xce, 0xff, 0xff, 
	0x38, 0xce, 0xff, 0xff, 
	0x38, 0xce, 0xff, 0xff, 
	0x38, 0xce, 0xff, 0xff, 
	0x38, 0xce, 0xff, 0xff, 
	0x38, 0xce, 0xff, 0xff, 
	0x38, 0xce, 0xff, 0xff, 
	0x38, 0xce, 0xff, 0xff, 
	0x38, 0xce, 0xff, 0xff, 
	0x0e, 0xcc, 0xff, 0xff, 
	0x38, 0xce, 0xff, 0xff, 
	0x38, 0xce, 0xff, 0xff, 
	0x0e, 0xcc, 0xff, 0xff, 
	0x0e, 0xcc, 0xff, 0xff, 
	0x0e, 0xcc, 0xff, 0xff, 
	0x0e, 0xcc, 0xff, 0xff, 
	0x0e, 0xcc, 0xff, 0xff, 
	0x0e, 0xcc, 0xff, 0xff, 
	0x0e, 0xcc, 0xff, 0xff, 
	0x0e, 0xcc, 0xff, 0xff, 
	0x0e, 0xcc, 0xff, 0xff, 
	0x0e, 0xcc, 0xff, 0xff, 
	0x38, 0xce, 0xff, 0xff, 
	0x38, 0xce, 0xff, 0xff, 
	0x38, 0xce, 0xff, 0xff, 
	0x38, 0xce, 0xff, 0xff, 
	0x38, 0xce, 0xff, 0xff, 
	0x38, 0xce, 0xff, 0xff, 
	0x38, 0xce, 0xff, 0xff, 
	0x38, 0xce, 0xff, 0xff, 
	0x38, 0xce, 0xff, 0xff, 
	0x38, 0xce, 0xff, 0xff, 
	0x38, 0xce, 0xff, 0xff, 
	0x38, 0xce, 0xff, 0xff, 
	0x38, 0xce, 0xff, 0xff, 
	0x38, 0xce, 0xff, 0xff, 
	0x38, 0xce, 0xff, 0xff, 
	0x38, 0xce, 0xff, 0xff, 
	0x38, 0xce, 0xff, 0xff, 
	0x38, 0xce, 0xff, 0xff, 
	0x38, 0xce, 0xff, 0xff, 
	0x38, 0xce, 0xff, 0xff, 
	0x38, 0xce, 0xff, 0xff, 
	0x38, 0xce, 0xff, 0xff, 
	0x38, 0xce, 0xff, 0xff, 
	0x38, 0xce, 0xff, 0xff, 
	0x38, 0xce, 0xff, 0xff, 
	0x38, 0xce, 0xff, 0xff, 
	0x38, 0xce, 0xff, 0xff, 
	0x38, 0xce, 0xff, 0xff, 
	0x38, 0xce, 0xff, 0xff, 
	0x38, 0xce, 0xff, 0xff, 
	0x38, 0xce, 0xff, 0xff, 
	0x38, 0xce, 0xff, 0xff, 
	0x38, 0xce, 0xff, 0xff, 
	0x97, 0xcf, 0xff, 0xff, 
	0x38, 0xce, 0xff, 0xff, 
	0x38, 0xce, 0xff, 0xff, 
	0x38, 0xce, 0xff, 0xff, 
	0x38, 0xce, 0xff, 0xff, 
	0x38, 0xce, 0xff, 0xff, 
	0x38, 0xce, 0xff, 0xff, 
	0x38, 0xce, 0xff, 0xff, 
	0x38, 0xce, 0xff, 0xff, 
	0x38, 0xce, 0xff, 0xff, 
	0x38, 0xce, 0xff, 0xff, 
	0x27, 0xce, 0xff, 0xff, 
	0x38, 0xce, 0xff, 0xff, 
	0x38, 0xce, 0xff, 0xff, 
	0x38, 0xce, 0xff, 0xff, 
	0x38, 0xce, 0xff, 0xff, 
	0x38, 0xce, 0xff, 0xff, 
	0x38, 0xce, 0xff, 0xff, 
	0x38, 0xce, 0xff, 0xff, 
	0xfb, 0xcc, 0xff, 0xff, 
	0x38, 0xce, 0xff, 0xff, 
	0x38, 0xce, 0xff, 0xff, 
	0x38, 0xce, 0xff, 0xff, 
	0x38, 0xce, 0xff, 0xff, 
	0x38, 0xce, 0xff, 0xff, 
	0xfb, 0xcc, 0xff, 0xff, 
	0x38, 0xce, 0xff, 0xff, 
	0x38, 0xce, 0xff, 0xff, 
	0x38, 0xce, 0xff, 0xff, 
	0x38, 0xce, 0xff, 0xff, 
	0x38, 0xce, 0xff, 0xff, 
	0x38, 0xce, 0xff, 0xff, 
	0xcd, 0xd3, 0xff, 0xff, 
	
	
	
	
	
	
	
	
	
	0x96, 0xb4, 0xff, 0xff, 
	0x66, 0xbb, 0xff, 0xff, 
	0x66, 0xbb, 0xff, 0xff, 
	0x66, 0xbb, 0xff, 0xff, 
	0x66, 0xbb, 0xff, 0xff, 
	0x66, 0xbb, 0xff, 0xff, 
	0x66, 0xbb, 0xff, 0xff, 
	0x66, 0xbb, 0xff, 0xff, 
	0x66, 0xbb, 0xff, 0xff, 
	0x66, 0xbb, 0xff, 0xff, 
	0x66, 0xbb, 0xff, 0xff, 
	0x66, 0xbb, 0xff, 0xff, 
	0x66, 0xbb, 0xff, 0xff, 
	0x66, 0xbb, 0xff, 0xff, 
	0x66, 0xbb, 0xff, 0xff, 
	0x66, 0xbb, 0xff, 0xff, 
	0x66, 0xbb, 0xff, 0xff, 
	0x66, 0xbb, 0xff, 0xff, 
	0x66, 0xbb, 0xff, 0xff, 
	0x66, 0xbb, 0xff, 0xff, 
	0x66, 0xbb, 0xff, 0xff, 
	0x66, 0xbb, 0xff, 0xff, 
	0x66, 0xbb, 0xff, 0xff, 
	0x66, 0xbb, 0xff, 0xff, 
	0x66, 0xbb, 0xff, 0xff, 
	0x66, 0xbb, 0xff, 0xff, 
	0x66, 0xbb, 0xff, 0xff, 
	0x66, 0xbb, 0xff, 0xff, 
	0x66, 0xbb, 0xff, 0xff, 
	0x66, 0xbb, 0xff, 0xff, 
	0x66, 0xbb, 0xff, 0xff, 
	0x66, 0xbb, 0xff, 0xff, 
	0x66, 0xbb, 0xff, 0xff, 
	0x66, 0xbb, 0xff, 0xff, 
	0xf8, 0xb5, 0xff, 0xff, 
	0x66, 0xbb, 0xff, 0xff, 
	0x66, 0xbb, 0xff, 0xff, 
	0x66, 0xbb, 0xff, 0xff, 
	0x66, 0xbb, 0xff, 0xff, 
	0x66, 0xbb, 0xff, 0xff, 
	0x66, 0xbb, 0xff, 0xff, 
	0x66, 0xbb, 0xff, 0xff, 
	0x66, 0xbb, 0xff, 0xff, 
	0x66, 0xbb, 0xff, 0xff, 
	0x66, 0xbb, 0xff, 0xff, 
	0xb7, 0xb3, 0xff, 0xff, 
	0x66, 0xbb, 0xff, 0xff, 
	0x66, 0xbb, 0xff, 0xff, 
	0xb7, 0xb3, 0xff, 0xff, 
	0xb7, 0xb3, 0xff, 0xff, 
	0xb7, 0xb3, 0xff, 0xff, 
	0xb7, 0xb3, 0xff, 0xff, 
	0xb7, 0xb3, 0xff, 0xff, 
	0xb7, 0xb3, 0xff, 0xff, 
	0xb7, 0xb3, 0xff, 0xff, 
	0xb7, 0xb3, 0xff, 0xff, 
	0xb7, 0xb3, 0xff, 0xff, 
	0xb7, 0xb3, 0xff, 0xff, 
	0x66, 0xbb, 0xff, 0xff, 
	0x66, 0xbb, 0xff, 0xff, 
	0x66, 0xbb, 0xff, 0xff, 
	0x66, 0xbb, 0xff, 0xff, 
	0x66, 0xbb, 0xff, 0xff, 
	0x66, 0xbb, 0xff, 0xff, 
	0x66, 0xbb, 0xff, 0xff, 
	0x66, 0xbb, 0xff, 0xff, 
	0x66, 0xbb, 0xff, 0xff, 
	0x66, 0xbb, 0xff, 0xff, 
	0x66, 0xbb, 0xff, 0xff, 
	0x66, 0xbb, 0xff, 0xff, 
	0x66, 0xbb, 0xff, 0xff, 
	0x66, 0xbb, 0xff, 0xff, 
	0x66, 0xbb, 0xff, 0xff, 
	0x66, 0xbb, 0xff, 0xff, 
	0x66, 0xbb, 0xff, 0xff, 
	0x66, 0xbb, 0xff, 0xff, 
	0x66, 0xbb, 0xff, 0xff, 
	0x66, 0xbb, 0xff, 0xff, 
	0x66, 0xbb, 0xff, 0xff, 
	0x66, 0xbb, 0xff, 0xff, 
	0x66, 0xbb, 0xff, 0xff, 
	0x66, 0xbb, 0xff, 0xff, 
	0x66, 0xbb, 0xff, 0xff, 
	0x66, 0xbb, 0xff, 0xff, 
	0x66, 0xbb, 0xff, 0xff, 
	0x66, 0xbb, 0xff, 0xff, 
	0x66, 0xbb, 0xff, 0xff, 
	0x66, 0xbb, 0xff, 0xff, 
	0x66, 0xbb, 0xff, 0xff, 
	0x66, 0xbb, 0xff, 0xff, 
	0x66, 0xbb, 0xff, 0xff, 
	0x19, 0xb7, 0xff, 0xff, 
	0x66, 0xbb, 0xff, 0xff, 
	0x66, 0xbb, 0xff, 0xff, 
	0x66, 0xbb, 0xff, 0xff, 
	0x66, 0xbb, 0xff, 0xff, 
	0x66, 0xbb, 0xff, 0xff, 
	0x66, 0xbb, 0xff, 0xff, 
	0x66, 0xbb, 0xff, 0xff, 
	0x66, 0xbb, 0xff, 0xff, 
	0x66, 0xbb, 0xff, 0xff, 
	0x66, 0xbb, 0xff, 0xff, 
	0x59, 0xbb, 0xff, 0xff, 
	0x66, 0xbb, 0xff, 0xff, 
	0x66, 0xbb, 0xff, 0xff, 
	0x66, 0xbb, 0xff, 0xff, 
	0x66, 0xbb, 0xff, 0xff, 
	0x66, 0xbb, 0xff, 0xff, 
	0x66, 0xbb, 0xff, 0xff, 
	0x66, 0xbb, 0xff, 0xff, 
	0xe6, 0xb5, 0xff, 0xff, 
	0x66, 0xbb, 0xff, 0xff, 
	0x66, 0xbb, 0xff, 0xff, 
	0x66, 0xbb, 0xff, 0xff, 
	0x66, 0xbb, 0xff, 0xff, 
	0x66, 0xbb, 0xff, 0xff, 
	0xe6, 0xb5, 0xff, 0xff, 
	0x66, 0xbb, 0xff, 0xff, 
	0x66, 0xbb, 0xff, 0xff, 
	0x66, 0xbb, 0xff, 0xff, 
	0x66, 0xbb, 0xff, 0xff, 
	0x66, 0xbb, 0xff, 0xff, 
	0x66, 0xbb, 0xff, 0xff, 
	0x71, 0xbb, 0xff, 0xff, 
	
	
	
	
	
	
	
	0x64, 0xd9, 0xff, 0xff, 
	0x19, 0xdc, 0xff, 0xff, 
	0x44, 0xdc, 0xff, 0xff, 
	0x12, 0xde, 0xff, 0xff, 
	0x7b, 0xd9, 0xff, 0xff, 
	0x29, 0xde, 0xff, 0xff, 
	
	
	
	
	
	
	
	
	
	
	
	0xc1, 0xed, 0xff, 0xff, 
	0xba, 0xed, 0xff, 0xff, 
	0xba, 0xed, 0xff, 0xff, 
	0xba, 0xed, 0xff, 0xff, 
	0xba, 0xed, 0xff, 0xff, 
	0xba, 0xed, 0xff, 0xff, 
	0xba, 0xed, 0xff, 0xff, 
	0xba, 0xed, 0xff, 0xff, 
	0xba, 0xed, 0xff, 0xff, 
	0xba, 0xed, 0xff, 0xff, 
	0xba, 0xed, 0xff, 0xff, 
	0xba, 0xed, 0xff, 0xff, 
	0xba, 0xed, 0xff, 0xff, 
	0xba, 0xed, 0xff, 0xff, 
	0xba, 0xed, 0xff, 0xff, 
	0xba, 0xed, 0xff, 0xff, 
	0xba, 0xed, 0xff, 0xff, 
	0xba, 0xed, 0xff, 0xff, 
	0xba, 0xed, 0xff, 0xff, 
	0xba, 0xed, 0xff, 0xff, 
	0xba, 0xed, 0xff, 0xff, 
	0xba, 0xed, 0xff, 0xff, 
	0xba, 0xed, 0xff, 0xff, 
	0xba, 0xed, 0xff, 0xff, 
	0xba, 0xed, 0xff, 0xff, 
	0xba, 0xed, 0xff, 0xff, 
	0xba, 0xed, 0xff, 0xff, 
	0xba, 0xed, 0xff, 0xff, 
	0xba, 0xed, 0xff, 0xff, 
	0xba, 0xed, 0xff, 0xff, 
	0xba, 0xed, 0xff, 0xff, 
	0xba, 0xed, 0xff, 0xff, 
	0xba, 0xed, 0xff, 0xff, 
	0xba, 0xed, 0xff, 0xff, 
	0xdc, 0xe0, 0xff, 0xff, 
	0xba, 0xed, 0xff, 0xff, 
	0xba, 0xed, 0xff, 0xff, 
	0xba, 0xed, 0xff, 0xff, 
	0xba, 0xed, 0xff, 0xff, 
	0xba, 0xed, 0xff, 0xff, 
	0xba, 0xed, 0xff, 0xff, 
	0xba, 0xed, 0xff, 0xff, 
	0xba, 0xed, 0xff, 0xff, 
	0xba, 0xed, 0xff, 0xff, 
	0xba, 0xed, 0xff, 0xff, 
	0x8a, 0xe2, 0xff, 0xff, 
	0xba, 0xed, 0xff, 0xff, 
	0xba, 0xed, 0xff, 0xff, 
	0xa1, 0xd9, 0xff, 0xff, 
	0xa1, 0xd9, 0xff, 0xff, 
	0xa1, 0xd9, 0xff, 0xff, 
	0xa1, 0xd9, 0xff, 0xff, 
	0xa1, 0xd9, 0xff, 0xff, 
	0xa1, 0xd9, 0xff, 0xff, 
	0xa1, 0xd9, 0xff, 0xff, 
	0xa1, 0xd9, 0xff, 0xff, 
	0xa1, 0xd9, 0xff, 0xff, 
	0xa1, 0xd9, 0xff, 0xff, 
	0xba, 0xed, 0xff, 0xff, 
	0xba, 0xed, 0xff, 0xff, 
	0xba, 0xed, 0xff, 0xff, 
	0xba, 0xed, 0xff, 0xff, 
	0xba, 0xed, 0xff, 0xff, 
	0xba, 0xed, 0xff, 0xff, 
	0xba, 0xed, 0xff, 0xff, 
	0xba, 0xed, 0xff, 0xff, 
	0xba, 0xed, 0xff, 0xff, 
	0xba, 0xed, 0xff, 0xff, 
	0xba, 0xed, 0xff, 0xff, 
	0xba, 0xed, 0xff, 0xff, 
	0xba, 0xed, 0xff, 0xff, 
	0xba, 0xed, 0xff, 0xff, 
	0xba, 0xed, 0xff, 0xff, 
	0xba, 0xed, 0xff, 0xff, 
	0xba, 0xed, 0xff, 0xff, 
	0xba, 0xed, 0xff, 0xff, 
	0xba, 0xed, 0xff, 0xff, 
	0xba, 0xed, 0xff, 0xff, 
	0xba, 0xed, 0xff, 0xff, 
	0xba, 0xed, 0xff, 0xff, 
	0xba, 0xed, 0xff, 0xff, 
	0xba, 0xed, 0xff, 0xff, 
	0xba, 0xed, 0xff, 0xff, 
	0xba, 0xed, 0xff, 0xff, 
	0xba, 0xed, 0xff, 0xff, 
	0xba, 0xed, 0xff, 0xff, 
	0xba, 0xed, 0xff, 0xff, 
	0xba, 0xed, 0xff, 0xff, 
	0xba, 0xed, 0xff, 0xff, 
	0xba, 0xed, 0xff, 0xff, 
	0xba, 0xed, 0xff, 0xff, 
	0xc1, 0xe4, 0xff, 0xff, 
	0xba, 0xed, 0xff, 0xff, 
	0xba, 0xed, 0xff, 0xff, 
	0xba, 0xed, 0xff, 0xff, 
	0xba, 0xed, 0xff, 0xff, 
	0xba, 0xed, 0xff, 0xff, 
	0xba, 0xed, 0xff, 0xff, 
	0xba, 0xed, 0xff, 0xff, 
	0xba, 0xed, 0xff, 0xff, 
	0xba, 0xed, 0xff, 0xff, 
	0xba, 0xed, 0xff, 0xff, 
	0xe5, 0xe4, 0xff, 0xff, 
	0xba, 0xed, 0xff, 0xff, 
	0xba, 0xed, 0xff, 0xff, 
	0xba, 0xed, 0xff, 0xff, 
	0xba, 0xed, 0xff, 0xff, 
	0xba, 0xed, 0xff, 0xff, 
	0xba, 0xed, 0xff, 0xff, 
	0xba, 0xed, 0xff, 0xff, 
	0x22, 0xe5, 0xff, 0xff, 
	0xba, 0xed, 0xff, 0xff, 
	0xba, 0xed, 0xff, 0xff, 
	0xba, 0xed, 0xff, 0xff, 
	0xba, 0xed, 0xff, 0xff, 
	0xba, 0xed, 0xff, 0xff, 
	0x51, 0xe5, 0xff, 0xff, 
	0xba, 0xed, 0xff, 0xff, 
	0xba, 0xed, 0xff, 0xff, 
	0xba, 0xed, 0xff, 0xff, 
	0xba, 0xed, 0xff, 0xff, 
	0xba, 0xed, 0xff, 0xff, 
	0xba, 0xed, 0xff, 0xff, 
	0x90, 0xe5, 0xff, 0xff, 
	
	
	
	
	
	0x57, 0xe2, 0xff, 0xff, 
	0xee, 0xe3, 0xff, 0xff, 
	0x57, 0xe2, 0xff, 0xff, 
	0xa2, 0xe2, 0xff, 0xff, 
	0xee, 0xe3, 0xff, 0xff, 
	0xee, 0xe3, 0xff, 0xff, 
	0xee, 0xe3, 0xff, 0xff, 
	0xee, 0xe3, 0xff, 0xff, 
	0xee, 0xe3, 0xff, 0xff, 
	0xee, 0xe3, 0xff, 0xff, 
	0xee, 0xe3, 0xff, 0xff, 
	0xee, 0xe3, 0xff, 0xff, 
	0xee, 0xe3, 0xff, 0xff, 
	0xee, 0xe3, 0xff, 0xff, 
	0xee, 0xe3, 0xff, 0xff, 
	0xee, 0xe3, 0xff, 0xff, 
	0xee, 0xe3, 0xff, 0xff, 
	0xee, 0xe3, 0xff, 0xff, 
	0xee, 0xe3, 0xff, 0xff, 
	0xee, 0xe3, 0xff, 0xff, 
	0xee, 0xe3, 0xff, 0xff, 
	0xee, 0xe3, 0xff, 0xff, 
	0xee, 0xe3, 0xff, 0xff, 
	0xee, 0xe3, 0xff, 0xff, 
	0xee, 0xe3, 0xff, 0xff, 
	0xee, 0xe3, 0xff, 0xff, 
	0xbe, 0xe2, 0xff, 0xff, 
	
	
	
	
	
	0x30, 0xd9, 0xff, 0xff, 
	0xec, 0xdd, 0xff, 0xff, 
	0x30, 0xd9, 0xff, 0xff, 
	0x76, 0xd9, 0xff, 0xff, 
	0xec, 0xdd, 0xff, 0xff, 
	0xec, 0xdd, 0xff, 0xff, 
	0xec, 0xdd, 0xff, 0xff, 
	0xec, 0xdd, 0xff, 0xff, 
	0xec, 0xdd, 0xff, 0xff, 
	0xec, 0xdd, 0xff, 0xff, 
	0xec, 0xdd, 0xff, 0xff, 
	0xec, 0xdd, 0xff, 0xff, 
	0xec, 0xdd, 0xff, 0xff, 
	0xec, 0xdd, 0xff, 0xff, 
	0xec, 0xdd, 0xff, 0xff, 
	0xec, 0xdd, 0xff, 0xff, 
	0xec, 0xdd, 0xff, 0xff, 
	0xec, 0xdd, 0xff, 0xff, 
	0xec, 0xdd, 0xff, 0xff, 
	0xec, 0xdd, 0xff, 0xff, 
	0xec, 0xdd, 0xff, 0xff, 
	0xec, 0xdd, 0xff, 0xff, 
	0xec, 0xdd, 0xff, 0xff, 
	0xec, 0xdd, 0xff, 0xff, 
	0xec, 0xdd, 0xff, 0xff, 
	0xec, 0xdd, 0xff, 0xff, 
	0x92, 0xd9, 0xff, 0xff, 
	
	
	
	
	
	
	
	
	
	0xf9, 0xea, 0xff, 0xff, 
	0xa3, 0xec, 0xff, 0xff, 
	0xa3, 0xec, 0xff, 0xff, 
	0xa3, 0xec, 0xff, 0xff, 
	0xa3, 0xec, 0xff, 0xff, 
	0xa3, 0xec, 0xff, 0xff, 
	0xa3, 0xec, 0xff, 0xff, 
	0xa3, 0xec, 0xff, 0xff, 
	0xa3, 0xec, 0xff, 0xff, 
	0xa3, 0xec, 0xff, 0xff, 
	0xa3, 0xec, 0xff, 0xff, 
	0xa3, 0xec, 0xff, 0xff, 
	0xa3, 0xec, 0xff, 0xff, 
	0xa3, 0xec, 0xff, 0xff, 
	0xa3, 0xec, 0xff, 0xff, 
	0xa3, 0xec, 0xff, 0xff, 
	0xa3, 0xec, 0xff, 0xff, 
	0xa3, 0xec, 0xff, 0xff, 
	0xa3, 0xec, 0xff, 0xff, 
	0xa3, 0xec, 0xff, 0xff, 
	0xa3, 0xec, 0xff, 0xff, 
	0xa3, 0xec, 0xff, 0xff, 
	0xa3, 0xec, 0xff, 0xff, 
	0xa3, 0xec, 0xff, 0xff, 
	0xa3, 0xec, 0xff, 0xff, 
	0xa3, 0xec, 0xff, 0xff, 
	0xa3, 0xec, 0xff, 0xff, 
	0xa3, 0xec, 0xff, 0xff, 
	0xa3, 0xec, 0xff, 0xff, 
	0xa3, 0xec, 0xff, 0xff, 
	0xa3, 0xec, 0xff, 0xff, 
	0xa3, 0xec, 0xff, 0xff, 
	0xa3, 0xec, 0xff, 0xff, 
	0xa3, 0xec, 0xff, 0xff, 
	0xaf, 0xec, 0xff, 0xff, 
	0xa3, 0xec, 0xff, 0xff, 
	0xa3, 0xec, 0xff, 0xff, 
	0xa3, 0xec, 0xff, 0xff, 
	0xa3, 0xec, 0xff, 0xff, 
	0xa3, 0xec, 0xff, 0xff, 
	0xa3, 0xec, 0xff, 0xff, 
	0xa3, 0xec, 0xff, 0xff, 
	0xa3, 0xec, 0xff, 0xff, 
	0xa3, 0xec, 0xff, 0xff, 
	0xa3, 0xec, 0xff, 0xff, 
	0x5a, 0xeb, 0xff, 0xff, 
	0xa3, 0xec, 0xff, 0xff, 
	0xa3, 0xec, 0xff, 0xff, 
	0x5a, 0xeb, 0xff, 0xff, 
	0x5a, 0xeb, 0xff, 0xff, 
	0x5a, 0xeb, 0xff, 0xff, 
	0x5a, 0xeb, 0xff, 0xff, 
	0x5a, 0xeb, 0xff, 0xff, 
	0x5a, 0xeb, 0xff, 0xff, 
	0x5a, 0xeb, 0xff, 0xff, 
	0x5a, 0xeb, 0xff, 0xff, 
	0x5a, 0xeb, 0xff, 0xff, 
	0x5a, 0xeb, 0xff, 0xff, 
	0xa3, 0xec, 0xff, 0xff, 
	0xa3, 0xec, 0xff, 0xff, 
	0xa3, 0xec, 0xff, 0xff, 
	0xa3, 0xec, 0xff, 0xff, 
	0xa3, 0xec, 0xff, 0xff, 
	0xa3, 0xec, 0xff, 0xff, 
	0xa3, 0xec, 0xff, 0xff, 
	0xa3, 0xec, 0xff, 0xff, 
	0xa3, 0xec, 0xff, 0xff, 
	0xa3, 0xec, 0xff, 0xff, 
	0xa3, 0xec, 0xff, 0xff, 
	0xa3, 0xec, 0xff, 0xff, 
	0xa3, 0xec, 0xff, 0xff, 
	0xa3, 0xec, 0xff, 0xff, 
	0xa3, 0xec, 0xff, 0xff, 
	0xa3, 0xec, 0xff, 0xff, 
	0xa3, 0xec, 0xff, 0xff, 
	0xa3, 0xec, 0xff, 0xff, 
	0xa3, 0xec, 0xff, 0xff, 
	0xa3, 0xec, 0xff, 0xff, 
	0xa3, 0xec, 0xff, 0xff, 
	0xa3, 0xec, 0xff, 0xff, 
	0xa3, 0xec, 0xff, 0xff, 
	0xa3, 0xec, 0xff, 0xff, 
	0xa3, 0xec, 0xff, 0xff, 
	0xa3, 0xec, 0xff, 0xff, 
	0xa3, 0xec, 0xff, 0xff, 
	0xa3, 0xec, 0xff, 0xff, 
	0xa3, 0xec, 0xff, 0xff, 
	0xa3, 0xec, 0xff, 0xff, 
	0xa3, 0xec, 0xff, 0xff, 
	0xa3, 0xec, 0xff, 0xff, 
	0xa3, 0xec, 0xff, 0xff, 
	0xb5, 0xed, 0xff, 0xff, 
	0xa3, 0xec, 0xff, 0xff, 
	0xa3, 0xec, 0xff, 0xff, 
	0xa3, 0xec, 0xff, 0xff, 
	0xa3, 0xec, 0xff, 0xff, 
	0xa3, 0xec, 0xff, 0xff, 
	0xa3, 0xec, 0xff, 0xff, 
	0xa3, 0xec, 0xff, 0xff, 
	0xa3, 0xec, 0xff, 0xff, 
	0xa3, 0xec, 0xff, 0xff, 
	0xa3, 0xec, 0xff, 0xff, 
	0x13, 0xf2, 0xff, 0xff, 
	0xa3, 0xec, 0xff, 0xff, 
	0xa3, 0xec, 0xff, 0xff, 
	0xa3, 0xec, 0xff, 0xff, 
	0xa3, 0xec, 0xff, 0xff, 
	0xa3, 0xec, 0xff, 0xff, 
	0xa3, 0xec, 0xff, 0xff, 
	0xa3, 0xec, 0xff, 0xff, 
	0x80, 0xec, 0xff, 0xff, 
	0xa3, 0xec, 0xff, 0xff, 
	0xa3, 0xec, 0xff, 0xff, 
	0xa3, 0xec, 0xff, 0xff, 
	0xa3, 0xec, 0xff, 0xff, 
	0xa3, 0xec, 0xff, 0xff, 
	0x80, 0xec, 0xff, 0xff, 
	0xa3, 0xec, 0xff, 0xff, 
	0xa3, 0xec, 0xff, 0xff, 
	0xa3, 0xec, 0xff, 0xff, 
	0xa3, 0xec, 0xff, 0xff, 
	0xa3, 0xec, 0xff, 0xff, 
	0xa3, 0xec, 0xff, 0xff, 
	0x2f, 0xf2, 0xff, 0xff, 
	
	
	0x02, 0x00, 0x00, 0x00, 
	0x00, 0x00, 0x00, 0x00, 
	
	0x00, 0x00, 0x00, 0x00, 0x00, 0x00, 0x00, 0x00, 0x00, 0x00, 0x00, 0x00, 0x00, 0x00, 0x00, 0x00, 
	0x00, 0x00, 0x00, 0x00, 0x00, 0x00, 0x00, 0x00, 0x00, 0x00, 0x00, 0x00, 0x00, 0x00, 0x00, 0x00, 
	0x00, 0x00, 0x22, 0x00, 0x00, 0x00, 0x00, 0x00, 0x00, 0x00, 0x00, 0x00, 0x00, 0x00, 0x00, 0x2f, 
	0x00, 0x00, 0x00, 0x00, 0x00, 0x00, 0x00, 0x00, 0x00, 0x00, 0x00, 0x00, 0x00, 0x00, 0x00, 0x00, 
	0x00, 0x00, 0x00, 0x00, 0x00, 0x00, 0x00, 0x00, 0x00, 0x00, 0x00, 0x00, 0x00, 0x00, 0x00, 0x00, 
	0x00, 0x00, 0x00, 0x00, 0x00, 0x00, 0x00, 0x00, 0x00, 0x00, 0x00, 0x00, 0x5c, 0x00, 0x00, 0x00, 
	0x00, 0x00, 0x08, 0x00, 0x00, 0x00, 0x0c, 0x00, 0x00, 0x00, 0x00, 0x00, 0x00, 0x00, 0x0a, 0x00, 
	0x00, 0x00, 0x0d, 0x00, 0x09, 0xff, 
	0x00, 0x00, 0x00, 0x00, 0x00, 0x00, 0x00, 0x00, 0x00, 0x00, 0x00, 0x00, 0x00, 0x00, 0x00, 0x00, 
	0x00, 0x00, 0x00, 0x00, 0x00, 0x00, 0x00, 0x00, 0x00, 0x00, 0x00, 0x00, 0x00, 0x00, 0x00, 0x00, 
	0x00, 0x00, 0x00, 0x00, 0x00, 0x00, 0x00, 0x00, 0x00, 0x00, 0x00, 0x00, 0x00, 0x00, 0x00, 0x00, 
	0x00, 0x00, 0x00, 0x00, 0x00, 0x00, 0x00, 0x00, 0x00, 0x00, 0x00, 0x00, 0x00, 0x00, 0x00, 0x00, 
	0x00, 0x00, 0x00, 0x00, 0x00, 0x00, 0x00, 0x00, 0x00, 0x00, 0x00, 0x00, 0x00, 0x00, 0x00, 0x00, 
	0x00, 0x00, 0x00, 0x00, 0x00, 0x00, 0x00, 0x00, 0x00, 0x00, 0x00, 0x00, 0x00, 0x00, 0x00, 0x00, 
	0x00, 0x00, 0x00, 0x00, 0x00, 0x00, 0x00, 0x00, 0x00, 0x00, 0x00, 0x00, 0x00, 0x00, 0x00, 0x00, 
	0x00, 0x00, 0x00, 0x00, 0x00, 0x00, 0x00, 0x00, 0x00, 0x00, 0x00, 0x00, 0x00, 0x00, 0x00, 0x00, 
	0x00, 0x00, 0x00, 0x00, 0x00, 0x00, 0x00, 0x00, 0x00, 0x00, 
}
 
