// +build amd64


package sse

var _text_skip_one = []byte{
	
	
	0x2c, 0x2c, 0x2c, 0x2c, 0x2c, 0x2c, 0x2c, 0x2c, 0x2c, 0x2c, 0x2c, 0x2c, 0x2c, 0x2c, 0x2c, 0x2c, 
	
	0xdf, 0xdf, 0xdf, 0xdf, 0xdf, 0xdf, 0xdf, 0xdf, 0xdf, 0xdf, 0xdf, 0xdf, 0xdf, 0xdf, 0xdf, 0xdf, 
	
	0x5d, 0x5d, 0x5d, 0x5d, 0x5d, 0x5d, 0x5d, 0x5d, 0x5d, 0x5d, 0x5d, 0x5d, 0x5d, 0x5d, 0x5d, 0x5d, 
	
	0x22, 0x22, 0x22, 0x22, 0x22, 0x22, 0x22, 0x22, 0x22, 0x22, 0x22, 0x22, 0x22, 0x22, 0x22, 0x22, 
	
	0x5c, 0x5c, 0x5c, 0x5c, 0x5c, 0x5c, 0x5c, 0x5c, 0x5c, 0x5c, 0x5c, 0x5c, 0x5c, 0x5c, 0x5c, 0x5c, 
	
	0x7b, 0x7b, 0x7b, 0x7b, 0x7b, 0x7b, 0x7b, 0x7b, 0x7b, 0x7b, 0x7b, 0x7b, 0x7b, 0x7b, 0x7b, 0x7b, 
	
	0x7d, 0x7d, 0x7d, 0x7d, 0x7d, 0x7d, 0x7d, 0x7d, 0x7d, 0x7d, 0x7d, 0x7d, 0x7d, 0x7d, 0x7d, 0x7d, 
	
	0x5b, 0x5b, 0x5b, 0x5b, 0x5b, 0x5b, 0x5b, 0x5b, 0x5b, 0x5b, 0x5b, 0x5b, 0x5b, 0x5b, 0x5b, 0x5b, 
	
	0x01, 0x00, 0x00, 0x00, 0x00, 0x00, 0x00, 0x00, 
	0x00, 0x00, 0x00, 0x00, 0x00, 0x00, 0x00, 0x00, 
	
	0x20, 0x20, 0x20, 0x20, 0x20, 0x20, 0x20, 0x20, 0x20, 0x20, 0x20, 0x20, 0x20, 0x20, 0x20, 0x20, 
	
	0x2f, 0x2f, 0x2f, 0x2f, 0x2f, 0x2f, 0x2f, 0x2f, 0x2f, 0x2f, 0x2f, 0x2f, 0x2f, 0x2f, 0x2f, 0x2f, 
	
	0x3a, 0x3a, 0x3a, 0x3a, 0x3a, 0x3a, 0x3a, 0x3a, 0x3a, 0x3a, 0x3a, 0x3a, 0x3a, 0x3a, 0x3a, 0x3a, 
	
	0x2b, 0x2b, 0x2b, 0x2b, 0x2b, 0x2b, 0x2b, 0x2b, 0x2b, 0x2b, 0x2b, 0x2b, 0x2b, 0x2b, 0x2b, 0x2b, 
	
	0x2d, 0x2d, 0x2d, 0x2d, 0x2d, 0x2d, 0x2d, 0x2d, 0x2d, 0x2d, 0x2d, 0x2d, 0x2d, 0x2d, 0x2d, 0x2d, 
	
	0x2e, 0x2e, 0x2e, 0x2e, 0x2e, 0x2e, 0x2e, 0x2e, 0x2e, 0x2e, 0x2e, 0x2e, 0x2e, 0x2e, 0x2e, 0x2e, 
	
	0x45, 0x45, 0x45, 0x45, 0x45, 0x45, 0x45, 0x45, 0x45, 0x45, 0x45, 0x45, 0x45, 0x45, 0x45, 0x45, 
	
	
	0x55, 
	0x48, 0x89, 0xe5, 
	0x41, 0x57, 
	0x41, 0x56, 
	0x41, 0x55, 
	0x41, 0x54, 
	0x53, 
	0x48, 0x81, 0xec, 0xb8, 0x00, 0x00, 0x00, 
	0x49, 0x89, 0xf0, 
	0x48, 0x89, 0x8d, 0x68, 0xff, 0xff, 0xff, 
	0xf6, 0xc1, 0x40, 
	0x48, 0x89, 0x75, 0xd0, 
	0x48, 0x89, 0x7d, 0xb0, 
	0x0f, 0x85, 0xc2, 0x00, 0x00, 0x00, 
	0x49, 0x89, 0xd3, 
	0x0f, 0x10, 0x05, 0x47, 0xff, 0xff, 0xff, 
	0x0f, 0x11, 0x02, 
	0x4c, 0x8b, 0x27, 
	0x4c, 0x89, 0xe0, 
	0x48, 0xf7, 0xd0, 
	0x48, 0x89, 0x45, 0x88, 
	0xb8, 0x01, 0x00, 0x00, 0x00, 
	0x4c, 0x29, 0xe0, 
	0x48, 0x89, 0x45, 0x98, 
	0x4c, 0x89, 0xe0, 
	0x48, 0xf7, 0xd8, 
	0x48, 0x89, 0x45, 0x80, 
	0x49, 0x8d, 0x44, 0x24, 0xff, 
	0x48, 0x89, 0x85, 0x78, 0xff, 0xff, 0xff, 
	0x49, 0x8d, 0x44, 0x24, 0xfe, 
	0x48, 0x89, 0x85, 0x70, 0xff, 0xff, 0xff, 
	0x49, 0xc7, 0xc2, 0xff, 0xff, 0xff, 0xff, 
	0x49, 0xbe, 0x00, 0x26, 0x00, 0x00, 0x01, 0x00, 0x00, 0x00, 
	0xf3, 0x0f, 0x6f, 0x05, 0xa0, 0xfe, 0xff, 0xff, 
	0xf3, 0x0f, 0x6f, 0x0d, 0xa8, 0xfe, 0xff, 0xff, 
	0xf3, 0x0f, 0x6f, 0x15, 0xf0, 0xfe, 0xff, 0xff, 
	0x66, 0x45, 0x0f, 0x76, 0xff, 
	0xf3, 0x44, 0x0f, 0x6f, 0x05, 0xf2, 0xfe, 0xff, 0xff, 
	0xf3, 0x44, 0x0f, 0x6f, 0x35, 0xf9, 0xfe, 0xff, 0xff, 
	0xf3, 0x44, 0x0f, 0x6f, 0x0d, 0x00, 0xff, 0xff, 0xff, 
	0xf3, 0x44, 0x0f, 0x6f, 0x15, 0x07, 0xff, 0xff, 0xff, 
	0xf3, 0x44, 0x0f, 0x6f, 0x1d, 0x3e, 0xfe, 0xff, 0xff, 
	0xf3, 0x44, 0x0f, 0x6f, 0x25, 0x05, 0xff, 0xff, 0xff, 
	0xf3, 0x44, 0x0f, 0x6f, 0x2d, 0x0c, 0xff, 0xff, 0xff, 
	0x4c, 0x89, 0x65, 0xc0, 
	0x48, 0x89, 0x55, 0xa8, 
	0xe9, 0x39, 0x01, 0x00, 0x00, 
	
	0x4c, 0x8b, 0x27, 
	0x48, 0x8b, 0x77, 0x08, 
	0x49, 0x8b, 0x18, 
	0x48, 0x39, 0xf3, 
	0x0f, 0x83, 0x26, 0x00, 0x00, 0x00, 
	0x41, 0x8a, 0x04, 0x1c, 
	0x3c, 0x0d, 
	0x0f, 0x84, 0x1a, 0x00, 0x00, 0x00, 
	0x3c, 0x20, 
	0x0f, 0x84, 0x12, 0x00, 0x00, 0x00, 
	0x04, 0xf7, 
	0x3c, 0x01, 
	0x0f, 0x86, 0x08, 0x00, 0x00, 0x00, 
	0x49, 0x89, 0xd9, 
	0xe9, 0x46, 0x26, 0x00, 0x00, 
	
	0x4c, 0x8d, 0x4b, 0x01, 
	0x49, 0x39, 0xf1, 
	0x0f, 0x83, 0x1e, 0x00, 0x00, 0x00, 
	0x43, 0x8a, 0x04, 0x0c, 
	0x3c, 0x0d, 
	0x0f, 0x84, 0x12, 0x00, 0x00, 0x00, 
	0x3c, 0x20, 
	0x0f, 0x84, 0x0a, 0x00, 0x00, 0x00, 
	0x04, 0xf7, 
	0x3c, 0x01, 
	0x0f, 0x87, 0x1b, 0x26, 0x00, 0x00, 
	
	0x4c, 0x8d, 0x4b, 0x02, 
	0x49, 0x39, 0xf1, 
	0x0f, 0x83, 0x1e, 0x00, 0x00, 0x00, 
	0x43, 0x8a, 0x04, 0x0c, 
	0x3c, 0x0d, 
	0x0f, 0x84, 0x12, 0x00, 0x00, 0x00, 
	0x3c, 0x20, 
	0x0f, 0x84, 0x0a, 0x00, 0x00, 0x00, 
	0x04, 0xf7, 
	0x3c, 0x01, 
	0x0f, 0x87, 0xf0, 0x25, 0x00, 0x00, 
	
	0x4c, 0x8d, 0x4b, 0x03, 
	0x49, 0x39, 0xf1, 
	0x0f, 0x83, 0x1e, 0x00, 0x00, 0x00, 
	0x43, 0x8a, 0x04, 0x0c, 
	0x3c, 0x0d, 
	0x0f, 0x84, 0x12, 0x00, 0x00, 0x00, 
	0x3c, 0x20, 
	0x0f, 0x84, 0x0a, 0x00, 0x00, 0x00, 
	0x04, 0xf7, 
	0x3c, 0x01, 
	0x0f, 0x87, 0xc5, 0x25, 0x00, 0x00, 
	
	0x48, 0x83, 0xc3, 0x04, 
	0x48, 0x39, 0xde, 
	0x0f, 0x86, 0x7b, 0x25, 0x00, 0x00, 
	0x48, 0x39, 0xde, 
	0x0f, 0x84, 0x90, 0x25, 0x00, 0x00, 
	0x49, 0x8d, 0x04, 0x34, 
	0x48, 0xb9, 0x00, 0x26, 0x00, 0x00, 0x01, 0x00, 0x00, 0x00, 
	0x90, 
	
	0x41, 0x0f, 0xbe, 0x14, 0x1c, 
	0x83, 0xfa, 0x20, 
	0x0f, 0x87, 0x7f, 0x25, 0x00, 0x00, 
	0x48, 0x0f, 0xa3, 0xd1, 
	0x0f, 0x83, 0x75, 0x25, 0x00, 0x00, 
	0x48, 0x83, 0xc3, 0x01, 
	0x48, 0x39, 0xde, 
	0x0f, 0x85, 0xdb, 0xff, 0xff, 0xff, 
	0xe9, 0x5d, 0x25, 0x00, 0x00, 
	
	0x49, 0x81, 0xfa, 0xff, 0x0f, 0x00, 0x00, 
	0x0f, 0x8f, 0x83, 0x26, 0x00, 0x00, 
	0x49, 0x8d, 0x42, 0x01, 
	0x49, 0x89, 0x03, 
	0x4b, 0xc7, 0x44, 0xd3, 0x08, 0x00, 0x00, 0x00, 0x00, 
	
	0x4c, 0x8b, 0x55, 0xb8, 
	
	0x4d, 0x8b, 0x0b, 
	0x4c, 0x89, 0xd0, 
	0x4d, 0x85, 0xc9, 
	0x0f, 0x84, 0xff, 0x30, 0x00, 0x00, 
	
	0x4c, 0x89, 0xd1, 
	0x48, 0x8b, 0x47, 0x08, 
	0x49, 0x8b, 0x30, 
	0x48, 0x39, 0xc6, 
	0x0f, 0x83, 0x33, 0x00, 0x00, 0x00, 
	0x41, 0x8a, 0x14, 0x34, 
	0x80, 0xfa, 0x0d, 
	0x0f, 0x84, 0x26, 0x00, 0x00, 0x00, 
	0x80, 0xfa, 0x20, 
	0x0f, 0x84, 0x1d, 0x00, 0x00, 0x00, 
	0x80, 0xc2, 0xf7, 
	0x80, 0xfa, 0x01, 
	0x0f, 0x86, 0x11, 0x00, 0x00, 0x00, 
	0x48, 0x89, 0xf3, 
	0xe9, 0x01, 0x01, 0x00, 0x00, 
	0x90, 0x90, 0x90, 0x90, 0x90, 0x90, 0x90, 0x90, 0x90, 
	
	0x48, 0x8d, 0x5e, 0x01, 
	0x48, 0x39, 0xc3, 
	0x0f, 0x83, 0x23, 0x00, 0x00, 0x00, 
	0x41, 0x8a, 0x14, 0x1c, 
	0x80, 0xfa, 0x0d, 
	0x0f, 0x84, 0x16, 0x00, 0x00, 0x00, 
	0x80, 0xfa, 0x20, 
	0x0f, 0x84, 0x0d, 0x00, 0x00, 0x00, 
	0x80, 0xc2, 0xf7, 
	0x80, 0xfa, 0x01, 
	0x0f, 0x87, 0xc9, 0x00, 0x00, 0x00, 
	0x90, 
	
	0x48, 0x8d, 0x5e, 0x02, 
	0x48, 0x39, 0xc3, 
	0x0f, 0x83, 0x23, 0x00, 0x00, 0x00, 
	0x41, 0x8a, 0x14, 0x1c, 
	0x80, 0xfa, 0x0d, 
	0x0f, 0x84, 0x16, 0x00, 0x00, 0x00, 
	0x80, 0xfa, 0x20, 
	0x0f, 0x84, 0x0d, 0x00, 0x00, 0x00, 
	0x80, 0xc2, 0xf7, 
	0x80, 0xfa, 0x01, 
	0x0f, 0x87, 0x99, 0x00, 0x00, 0x00, 
	0x90, 
	
	0x48, 0x8d, 0x5e, 0x03, 
	0x48, 0x39, 0xc3, 
	0x0f, 0x83, 0x23, 0x00, 0x00, 0x00, 
	0x41, 0x8a, 0x14, 0x1c, 
	0x80, 0xfa, 0x0d, 
	0x0f, 0x84, 0x16, 0x00, 0x00, 0x00, 
	0x80, 0xfa, 0x20, 
	0x0f, 0x84, 0x0d, 0x00, 0x00, 0x00, 
	0x80, 0xc2, 0xf7, 
	0x80, 0xfa, 0x01, 
	0x0f, 0x87, 0x69, 0x00, 0x00, 0x00, 
	0x90, 
	
	0x48, 0x83, 0xc6, 0x04, 
	0x48, 0x39, 0xf0, 
	0x0f, 0x86, 0x35, 0x24, 0x00, 0x00, 
	0x48, 0x39, 0xf0, 
	0x0f, 0x84, 0x3a, 0x00, 0x00, 0x00, 
	0x49, 0x8d, 0x14, 0x04, 
	0x90, 0x90, 0x90, 0x90, 0x90, 0x90, 
	
	0x41, 0x0f, 0xbe, 0x1c, 0x34, 
	0x83, 0xfb, 0x20, 
	0x0f, 0x87, 0x2e, 0x00, 0x00, 0x00, 
	0x49, 0x0f, 0xa3, 0xde, 
	0x0f, 0x83, 0x24, 0x00, 0x00, 0x00, 
	0x48, 0x83, 0xc6, 0x01, 
	0x48, 0x39, 0xf0, 
	0x0f, 0x85, 0xdb, 0xff, 0xff, 0xff, 
	0xe9, 0x0c, 0x00, 0x00, 0x00, 
	0x90, 0x90, 0x90, 0x90, 0x90, 0x90, 
	
	0x4c, 0x01, 0xe6, 
	0x48, 0x89, 0xf2, 
	
	0x4c, 0x29, 0xe2, 
	0x48, 0x89, 0xd6, 
	
	0x48, 0x89, 0xf3, 
	0x48, 0x39, 0xc6, 
	0x0f, 0x83, 0xdd, 0x23, 0x00, 0x00, 
	
	0x48, 0x8d, 0x43, 0x01, 
	0x49, 0x89, 0x00, 
	0x41, 0x0f, 0xbe, 0x14, 0x1c, 
	0x48, 0xc7, 0xc0, 0xff, 0xff, 0xff, 0xff, 
	0x85, 0xd2, 
	0x0f, 0x84, 0xa6, 0x2f, 0x00, 0x00, 
	0x48, 0x89, 0xde, 
	0x4d, 0x8b, 0x13, 
	0x4d, 0x8d, 0x4a, 0xff, 
	0x43, 0x8b, 0x1c, 0xd3, 
	0x48, 0x83, 0xf9, 0xff, 
	0x48, 0x0f, 0x45, 0xf1, 
	0x48, 0x89, 0x75, 0xb8, 
	0x83, 0xc3, 0xff, 
	0x83, 0xfb, 0x05, 
	0x0f, 0x87, 0x5e, 0x02, 0x00, 0x00, 
	0x48, 0x8d, 0x35, 0x78, 0x34, 0x00, 0x00, 
	0x48, 0x63, 0x0c, 0x9e, 
	0x48, 0x01, 0xf1, 
	0xff, 0xe1, 
	
	0x83, 0xfa, 0x2c, 
	0x0f, 0x84, 0x38, 0xfe, 0xff, 0xff, 
	0x83, 0xfa, 0x5d, 
	0x0f, 0x84, 0x24, 0x02, 0x00, 0x00, 
	0xe9, 0x32, 0x2f, 0x00, 0x00, 
	
	0x80, 0xfa, 0x5d, 
	0x0f, 0x84, 0x16, 0x02, 0x00, 0x00, 
	0x4b, 0xc7, 0x04, 0xd3, 0x01, 0x00, 0x00, 0x00, 
	0xe9, 0x24, 0x02, 0x00, 0x00, 
	
	0x80, 0xfa, 0x22, 
	0x0f, 0x85, 0x13, 0x2f, 0x00, 0x00, 
	0x4b, 0xc7, 0x04, 0xd3, 0x04, 0x00, 0x00, 0x00, 
	0x49, 0x8b, 0x08, 
	0x48, 0x8b, 0x47, 0x08, 
	0xf6, 0x85, 0x68, 0xff, 0xff, 0xff, 0x20, 
	0x48, 0x89, 0x45, 0xa0, 
	0x48, 0x89, 0x4d, 0x90, 
	0x0f, 0x85, 0xf9, 0x05, 0x00, 0x00, 
	0x49, 0x89, 0xc1, 
	0x49, 0x29, 0xc9, 
	0x0f, 0x84, 0x23, 0x31, 0x00, 0x00, 
	0x49, 0x83, 0xf9, 0x40, 
	0x0f, 0x82, 0x1a, 0x1b, 0x00, 0x00, 
	0x49, 0x89, 0xce, 
	0x49, 0xf7, 0xd6, 
	0x48, 0xc7, 0x45, 0xc8, 0xff, 0xff, 0xff, 0xff, 
	0x48, 0x89, 0xc8, 
	0x45, 0x31, 0xc0, 
	0x90, 0x90, 0x90, 
	
	0xf3, 0x41, 0x0f, 0x6f, 0x1c, 0x04, 
	0xf3, 0x41, 0x0f, 0x6f, 0x64, 0x04, 0x10, 
	0xf3, 0x41, 0x0f, 0x6f, 0x6c, 0x04, 0x20, 
	0xf3, 0x41, 0x0f, 0x6f, 0x74, 0x04, 0x30, 
	0x66, 0x0f, 0x6f, 0xfb, 
	0x66, 0x0f, 0x74, 0xf8, 
	0x66, 0x44, 0x0f, 0xd7, 0xd7, 
	0x66, 0x0f, 0x6f, 0xfc, 
	0x66, 0x0f, 0x74, 0xf8, 
	0x66, 0x0f, 0xd7, 0xdf, 
	0x66, 0x0f, 0x6f, 0xfd, 
	0x66, 0x0f, 0x74, 0xf8, 
	0x66, 0x0f, 0xd7, 0xff, 
	0x66, 0x0f, 0x6f, 0xfe, 
	0x66, 0x0f, 0x74, 0xf8, 
	0x66, 0x0f, 0xd7, 0xd7, 
	0x66, 0x0f, 0x74, 0xd9, 
	0x66, 0x44, 0x0f, 0xd7, 0xdb, 
	0x66, 0x0f, 0x74, 0xe1, 
	0x66, 0x0f, 0xd7, 0xcc, 
	0x66, 0x0f, 0x74, 0xe9, 
	0x66, 0x0f, 0xd7, 0xf5, 
	0x66, 0x0f, 0x74, 0xf1, 
	0x66, 0x44, 0x0f, 0xd7, 0xfe, 
	0x48, 0xc1, 0xe2, 0x30, 
	0x48, 0xc1, 0xe7, 0x20, 
	0x48, 0x09, 0xd7, 
	0x48, 0xc1, 0xe3, 0x10, 
	0x48, 0x09, 0xfb, 
	0x49, 0x09, 0xda, 
	0x49, 0xc1, 0xe7, 0x30, 
	0x48, 0xc1, 0xe6, 0x20, 
	0x4c, 0x09, 0xfe, 
	0x48, 0xc1, 0xe1, 0x10, 
	0x48, 0x09, 0xf1, 
	0x49, 0x09, 0xcb, 
	0x0f, 0x85, 0x30, 0x00, 0x00, 0x00, 
	0x4d, 0x85, 0xc0, 
	0x0f, 0x85, 0x3d, 0x00, 0x00, 0x00, 
	0x45, 0x31, 0xc0, 
	0x4d, 0x85, 0xd2, 
	0x0f, 0x85, 0x83, 0x00, 0x00, 0x00, 
	
	0x49, 0x83, 0xc1, 0xc0, 
	0x49, 0x83, 0xc6, 0xc0, 
	0x48, 0x83, 0xc0, 0x40, 
	0x49, 0x83, 0xf9, 0x3f, 
	0x0f, 0x87, 0x37, 0xff, 0xff, 0xff, 
	0xe9, 0xf3, 0x12, 0x00, 0x00, 
	
	0x48, 0x83, 0x7d, 0xc8, 0xff, 
	0x0f, 0x85, 0x0b, 0x00, 0x00, 0x00, 
	0x49, 0x0f, 0xbc, 0xcb, 
	0x48, 0x01, 0xc1, 
	0x48, 0x89, 0x4d, 0xc8, 
	
	0x4c, 0x89, 0xc1, 
	0x48, 0xf7, 0xd1, 
	0x4c, 0x21, 0xd9, 
	0x48, 0x8d, 0x14, 0x09, 
	0x4c, 0x09, 0xc2, 
	0x48, 0x89, 0xd6, 
	0x48, 0xf7, 0xd6, 
	0x4c, 0x21, 0xde, 
	0x48, 0xbf, 0xaa, 0xaa, 0xaa, 0xaa, 0xaa, 0xaa, 0xaa, 0xaa, 
	0x48, 0x21, 0xfe, 
	0x45, 0x31, 0xc0, 
	0x48, 0x01, 0xce, 
	0x41, 0x0f, 0x92, 0xc0, 
	0x48, 0x01, 0xf6, 
	0x48, 0xb9, 0x55, 0x55, 0x55, 0x55, 0x55, 0x55, 0x55, 0x55, 
	0x48, 0x31, 0xce, 
	0x48, 0x21, 0xd6, 
	0x48, 0xf7, 0xd6, 
	0x49, 0x21, 0xf2, 
	0x4d, 0x85, 0xd2, 
	0x0f, 0x84, 0x7d, 0xff, 0xff, 0xff, 
	
	0x49, 0x0f, 0xbc, 0xc2, 
	0x4c, 0x29, 0xf0, 
	0x4c, 0x8b, 0x45, 0xd0, 
	0x48, 0x8b, 0x7d, 0xb0, 
	0x4c, 0x8b, 0x5d, 0xa8, 
	0x49, 0xbe, 0x00, 0x26, 0x00, 0x00, 0x01, 0x00, 0x00, 0x00, 
	0x4c, 0x8b, 0x55, 0xb8, 
	0xe9, 0x80, 0x09, 0x00, 0x00, 
	
	0x83, 0xfa, 0x2c, 
	0x0f, 0x85, 0x41, 0x00, 0x00, 0x00, 
	0x49, 0x81, 0xfa, 0xff, 0x0f, 0x00, 0x00, 
	0x0f, 0x8f, 0xd8, 0x22, 0x00, 0x00, 
	0x49, 0x8d, 0x42, 0x01, 
	0x49, 0x89, 0x03, 
	0x4b, 0xc7, 0x44, 0xd3, 0x08, 0x03, 0x00, 0x00, 0x00, 
	0xe9, 0x50, 0xfc, 0xff, 0xff, 
	
	0x80, 0xfa, 0x3a, 
	0x0f, 0x85, 0x32, 0x2d, 0x00, 0x00, 
	0x4b, 0xc7, 0x04, 0xd3, 0x00, 0x00, 0x00, 0x00, 
	0xe9, 0x3a, 0xfc, 0xff, 0xff, 
	
	0x83, 0xfa, 0x22, 
	0x0f, 0x84, 0x82, 0x02, 0x00, 0x00, 
	
	0x83, 0xfa, 0x7d, 
	0x0f, 0x85, 0x13, 0x2d, 0x00, 0x00, 
	
	0x4d, 0x89, 0x0b, 
	0x4c, 0x8b, 0x55, 0xb8, 
	0x4c, 0x89, 0xd0, 
	0x4d, 0x85, 0xc9, 
	0x0f, 0x85, 0x28, 0xfc, 0xff, 0xff, 
	0xe9, 0x22, 0x2d, 0x00, 0x00, 
	
	0x4d, 0x89, 0x0b, 
	
	0x83, 0xfa, 0x7b, 
	0x4c, 0x8b, 0x55, 0xb8, 
	0x0f, 0x87, 0xeb, 0x2c, 0x00, 0x00, 
	0x89, 0xd1, 
	0x48, 0x8d, 0x15, 0x20, 0x32, 0x00, 0x00, 
	0x48, 0x63, 0x0c, 0x8a, 
	0x48, 0x01, 0xd1, 
	0xff, 0xe1, 
	
	0x4c, 0x8b, 0x57, 0x08, 
	0x4d, 0x8b, 0x08, 
	0x49, 0x8d, 0x41, 0xff, 
	0x49, 0x29, 0xc2, 
	0x0f, 0x84, 0xb0, 0x2c, 0x00, 0x00, 
	0x4f, 0x8d, 0x1c, 0x0c, 
	0x49, 0x83, 0xc3, 0xff, 
	0x41, 0x80, 0x3b, 0x30, 
	0x0f, 0x85, 0x3b, 0x00, 0x00, 0x00, 
	0x41, 0xbd, 0x01, 0x00, 0x00, 0x00, 
	0x49, 0x83, 0xfa, 0x01, 
	0x0f, 0x84, 0x5c, 0x08, 0x00, 0x00, 
	0x48, 0x8b, 0x4d, 0xc0, 
	0x42, 0x8a, 0x0c, 0x09, 
	0x80, 0xc1, 0xd2, 
	0x80, 0xf9, 0x37, 
	0x0f, 0x87, 0x48, 0x08, 0x00, 0x00, 
	0x0f, 0xb6, 0xc9, 
	0x48, 0xba, 0x01, 0x00, 0x80, 0x00, 0x00, 0x00, 0x80, 0x00, 
	0x48, 0x0f, 0xa3, 0xca, 
	0x0f, 0x83, 0x31, 0x08, 0x00, 0x00, 
	
	0x49, 0x83, 0xfa, 0x10, 
	0x0f, 0x82, 0xe8, 0x17, 0x00, 0x00, 
	0x49, 0xc7, 0xc7, 0xff, 0xff, 0xff, 0xff, 
	0x45, 0x31, 0xed, 
	0x49, 0xc7, 0xc6, 0xff, 0xff, 0xff, 0xff, 
	0x49, 0xc7, 0xc4, 0xff, 0xff, 0xff, 0xff, 
	0x4c, 0x89, 0xd7, 
	0x90, 
	
	0xf3, 0x43, 0x0f, 0x6f, 0x1c, 0x2b, 
	0x66, 0x0f, 0x6f, 0xe3, 
	0x66, 0x41, 0x0f, 0x64, 0xe0, 
	0x66, 0x41, 0x0f, 0x6f, 0xee, 
	0x66, 0x0f, 0x64, 0xeb, 
	0x66, 0x0f, 0xdb, 0xec, 
	0x66, 0x0f, 0x6f, 0xe3, 
	0x66, 0x41, 0x0f, 0x74, 0xe1, 
	0x66, 0x0f, 0x6f, 0xf3, 
	0x66, 0x41, 0x0f, 0x74, 0xf2, 
	0x66, 0x0f, 0xeb, 0xf4, 
	0x66, 0x0f, 0x6f, 0xe3, 
	0x66, 0x41, 0x0f, 0xdb, 0xe3, 
	0x66, 0x41, 0x0f, 0x74, 0xdc, 
	0x66, 0x41, 0x0f, 0x74, 0xe5, 
	0x66, 0x0f, 0xd7, 0xf4, 
	0x66, 0x0f, 0xeb, 0xe3, 
	0x66, 0x0f, 0xeb, 0xee, 
	0x66, 0x0f, 0xeb, 0xec, 
	0x66, 0x0f, 0xd7, 0xdb, 
	0x66, 0x44, 0x0f, 0xd7, 0xc6, 
	0x66, 0x0f, 0xd7, 0xcd, 
	0xf7, 0xd1, 
	0x0f, 0xbc, 0xc9, 
	0x83, 0xf9, 0x10, 
	0x0f, 0x84, 0x13, 0x00, 0x00, 0x00, 
	0xba, 0xff, 0xff, 0xff, 0xff, 
	0xd3, 0xe2, 
	0xf7, 0xd2, 
	0x21, 0xd3, 
	0x21, 0xd6, 
	0x44, 0x21, 0xc2, 
	0x41, 0x89, 0xd0, 
	
	0x8d, 0x53, 0xff, 
	0x21, 0xda, 
	0x0f, 0x85, 0x79, 0x10, 0x00, 0x00, 
	0x8d, 0x56, 0xff, 
	0x21, 0xf2, 
	0x0f, 0x85, 0x6e, 0x10, 0x00, 0x00, 
	0x41, 0x8d, 0x50, 0xff, 
	0x44, 0x21, 0xc2, 
	0x0f, 0x85, 0x61, 0x10, 0x00, 0x00, 
	0x85, 0xdb, 
	0x0f, 0x84, 0x13, 0x00, 0x00, 0x00, 
	0x0f, 0xbc, 0xdb, 
	0x49, 0x83, 0xfc, 0xff, 
	0x0f, 0x85, 0xa6, 0x13, 0x00, 0x00, 
	0x4c, 0x01, 0xeb, 
	0x49, 0x89, 0xdc, 
	
	0x85, 0xf6, 
	0x0f, 0x84, 0x13, 0x00, 0x00, 0x00, 
	0x0f, 0xbc, 0xf6, 
	0x49, 0x83, 0xfe, 0xff, 
	0x0f, 0x85, 0x92, 0x13, 0x00, 0x00, 
	0x4c, 0x01, 0xee, 
	0x49, 0x89, 0xf6, 
	
	0x45, 0x85, 0xc0, 
	0x0f, 0x84, 0x14, 0x00, 0x00, 0x00, 
	0x41, 0x0f, 0xbc, 0xd0, 
	0x49, 0x83, 0xff, 0xff, 
	0x0f, 0x85, 0x7c, 0x13, 0x00, 0x00, 
	0x4c, 0x01, 0xea, 
	0x49, 0x89, 0xd7, 
	
	0x83, 0xf9, 0x10, 
	0x0f, 0x85, 0x68, 0x04, 0x00, 0x00, 
	0x48, 0x83, 0xc7, 0xf0, 
	0x49, 0x83, 0xc5, 0x10, 
	0x48, 0x83, 0xff, 0x0f, 
	0x0f, 0x87, 0xec, 0xfe, 0xff, 0xff, 
	0x4b, 0x8d, 0x0c, 0x2b, 
	0x49, 0x89, 0xc8, 
	0x4d, 0x39, 0xea, 
	0x0f, 0x84, 0x73, 0x06, 0x00, 0x00, 
	
	0x4c, 0x8d, 0x04, 0x39, 
	0x48, 0x8b, 0x55, 0x98, 
	0x4c, 0x89, 0xce, 
	0x4c, 0x8d, 0x0c, 0x0a, 
	0x49, 0x89, 0xf2, 
	0x49, 0x29, 0xf1, 
	0x31, 0xd2, 
	0xe9, 0x1d, 0x00, 0x00, 0x00, 
	
	0x49, 0x83, 0xff, 0xff, 
	0x0f, 0x85, 0xee, 0x0f, 0x00, 0x00, 
	0x4d, 0x8d, 0x3c, 0x11, 
	0x90, 0x90, 
	
	0x48, 0x83, 0xc2, 0x01, 
	0x48, 0x39, 0xd7, 
	0x0f, 0x84, 0x37, 0x06, 0x00, 0x00, 
	
	0x0f, 0xbe, 0x1c, 0x11, 
	0x8d, 0x73, 0xd0, 
	0x83, 0xfe, 0x0a, 
	0x0f, 0x82, 0xe3, 0xff, 0xff, 0xff, 
	0x8d, 0x73, 0xd5, 
	0x83, 0xfe, 0x1a, 
	0x0f, 0x87, 0x23, 0x00, 0x00, 0x00, 
	0x48, 0x8d, 0x1d, 0x6c, 0x32, 0x00, 0x00, 
	0x48, 0x63, 0x34, 0xb3, 
	0x48, 0x01, 0xde, 
	0xff, 0xe6, 
	
	0x49, 0x83, 0xfc, 0xff, 
	0x0f, 0x85, 0xa5, 0x0f, 0x00, 0x00, 
	0x4d, 0x8d, 0x24, 0x11, 
	0xe9, 0xb4, 0xff, 0xff, 0xff, 
	
	0x83, 0xfb, 0x65, 
	0x0f, 0x85, 0xe9, 0x05, 0x00, 0x00, 
	
	0x49, 0x83, 0xfe, 0xff, 
	0x0f, 0x85, 0x89, 0x0f, 0x00, 0x00, 
	0x4d, 0x8d, 0x34, 0x11, 
	0xe9, 0x98, 0xff, 0xff, 0xff, 
	
	0x4b, 0xc7, 0x04, 0xd3, 0x02, 0x00, 0x00, 0x00, 
	0x49, 0x8b, 0x00, 
	0x4c, 0x8b, 0x4f, 0x08, 
	0xf6, 0x85, 0x68, 0xff, 0xff, 0xff, 0x20, 
	0x48, 0x89, 0x45, 0x90, 
	0x0f, 0x85, 0xa0, 0x03, 0x00, 0x00, 
	0x4d, 0x89, 0xcd, 
	0x49, 0x29, 0xc1, 
	0x0f, 0x84, 0xb7, 0x2c, 0x00, 0x00, 
	0x49, 0x83, 0xf9, 0x40, 
	0x0f, 0x82, 0x6b, 0x17, 0x00, 0x00, 
	0x49, 0x89, 0xc6, 
	0x49, 0xf7, 0xd6, 
	0x48, 0xc7, 0x45, 0xc8, 0xff, 0xff, 0xff, 0xff, 
	0x45, 0x31, 0xc0, 
	0x90, 
	
	0xf3, 0x41, 0x0f, 0x6f, 0x1c, 0x04, 
	0xf3, 0x41, 0x0f, 0x6f, 0x64, 0x04, 0x10, 
	0xf3, 0x41, 0x0f, 0x6f, 0x6c, 0x04, 0x20, 
	0xf3, 0x41, 0x0f, 0x6f, 0x74, 0x04, 0x30, 
	0x66, 0x0f, 0x6f, 0xfb, 
	0x66, 0x0f, 0x74, 0xf8, 
	0x66, 0x44, 0x0f, 0xd7, 0xd7, 
	0x66, 0x0f, 0x6f, 0xfc, 
	0x66, 0x0f, 0x74, 0xf8, 
	0x66, 0x0f, 0xd7, 0xcf, 
	0x66, 0x0f, 0x6f, 0xfd, 
	0x66, 0x0f, 0x74, 0xf8, 
	0x66, 0x0f, 0xd7, 0xff, 
	0x66, 0x0f, 0x6f, 0xfe, 
	0x66, 0x0f, 0x74, 0xf8, 
	0x66, 0x0f, 0xd7, 0xd7, 
	0x66, 0x0f, 0x74, 0xd9, 
	0x66, 0x44, 0x0f, 0xd7, 0xdb, 
	0x66, 0x0f, 0x74, 0xe1, 
	0x66, 0x0f, 0xd7, 0xdc, 
	0x66, 0x0f, 0x74, 0xe9, 
	0x66, 0x0f, 0xd7, 0xf5, 
	0x66, 0x0f, 0x74, 0xf1, 
	0x66, 0x44, 0x0f, 0xd7, 0xfe, 
	0x48, 0xc1, 0xe2, 0x30, 
	0x48, 0xc1, 0xe7, 0x20, 
	0x48, 0x09, 0xd7, 
	0x48, 0xc1, 0xe1, 0x10, 
	0x48, 0x09, 0xf9, 
	0x49, 0x09, 0xca, 
	0x49, 0xc1, 0xe7, 0x30, 
	0x48, 0xc1, 0xe6, 0x20, 
	0x4c, 0x09, 0xfe, 
	0x48, 0xc1, 0xe3, 0x10, 
	0x48, 0x09, 0xf3, 
	0x49, 0x09, 0xdb, 
	0x0f, 0x85, 0x30, 0x00, 0x00, 0x00, 
	0x4d, 0x85, 0xc0, 
	0x0f, 0x85, 0x3d, 0x00, 0x00, 0x00, 
	0x45, 0x31, 0xc0, 
	0x4d, 0x85, 0xd2, 
	0x0f, 0x85, 0x83, 0x00, 0x00, 0x00, 
	
	0x49, 0x83, 0xc1, 0xc0, 
	0x49, 0x83, 0xc6, 0xc0, 
	0x48, 0x83, 0xc0, 0x40, 
	0x49, 0x83, 0xf9, 0x3f, 
	0x0f, 0x87, 0x37, 0xff, 0xff, 0xff, 
	0xe9, 0x24, 0x10, 0x00, 0x00, 
	
	0x48, 0x83, 0x7d, 0xc8, 0xff, 
	0x0f, 0x85, 0x0b, 0x00, 0x00, 0x00, 
	0x49, 0x0f, 0xbc, 0xcb, 
	0x48, 0x01, 0xc1, 
	0x48, 0x89, 0x4d, 0xc8, 
	
	0x4c, 0x89, 0xc1, 
	0x48, 0xf7, 0xd1, 
	0x4c, 0x21, 0xd9, 
	0x48, 0x8d, 0x14, 0x09, 
	0x4c, 0x09, 0xc2, 
	0x48, 0x89, 0xd6, 
	0x48, 0xf7, 0xd6, 
	0x4c, 0x21, 0xde, 
	0x48, 0xbf, 0xaa, 0xaa, 0xaa, 0xaa, 0xaa, 0xaa, 0xaa, 0xaa, 
	0x48, 0x21, 0xfe, 
	0x45, 0x31, 0xc0, 
	0x48, 0x01, 0xce, 
	0x41, 0x0f, 0x92, 0xc0, 
	0x48, 0x01, 0xf6, 
	0x48, 0xb9, 0x55, 0x55, 0x55, 0x55, 0x55, 0x55, 0x55, 0x55, 
	0x48, 0x31, 0xce, 
	0x48, 0x21, 0xd6, 
	0x48, 0xf7, 0xd6, 
	0x49, 0x21, 0xf2, 
	0x4d, 0x85, 0xd2, 
	0x0f, 0x84, 0x7d, 0xff, 0xff, 0xff, 
	
	0x49, 0x0f, 0xbc, 0xc2, 
	0x4c, 0x29, 0xf0, 
	0x4c, 0x8b, 0x45, 0xd0, 
	0x48, 0x8b, 0x7d, 0xb0, 
	0x4c, 0x8b, 0x5d, 0xa8, 
	0x49, 0xbe, 0x00, 0x26, 0x00, 0x00, 0x01, 0x00, 0x00, 0x00, 
	0x4c, 0x8b, 0x55, 0xb8, 
	0xe9, 0x7c, 0x05, 0x00, 0x00, 
	
	0x48, 0x89, 0xca, 
	0x49, 0x89, 0xc2, 
	0x49, 0x29, 0xca, 
	0x0f, 0x84, 0x38, 0x2b, 0x00, 0x00, 
	0x49, 0x83, 0xfa, 0x40, 
	0x0f, 0x82, 0x40, 0x15, 0x00, 0x00, 
	0x48, 0xc7, 0x45, 0xc8, 0xff, 0xff, 0xff, 0xff, 
	0x48, 0x8b, 0x45, 0x90, 
	0x45, 0x31, 0xc0, 
	0x90, 0x90, 0x90, 0x90, 0x90, 0x90, 0x90, 0x90, 0x90, 0x90, 0x90, 0x90, 
	
	0xf3, 0x41, 0x0f, 0x6f, 0x1c, 0x04, 
	0xf3, 0x41, 0x0f, 0x6f, 0x6c, 0x04, 0x10, 
	0xf3, 0x41, 0x0f, 0x6f, 0x7c, 0x04, 0x20, 
	0xf3, 0x41, 0x0f, 0x6f, 0x74, 0x04, 0x30, 
	0x66, 0x0f, 0x6f, 0xe3, 
	0x66, 0x0f, 0x74, 0xe0, 
	0x66, 0x44, 0x0f, 0xd7, 0xf4, 
	0x66, 0x0f, 0x6f, 0xe5, 
	0x66, 0x0f, 0x74, 0xe0, 
	0x66, 0x0f, 0xd7, 0xdc, 
	0x66, 0x0f, 0x6f, 0xe7, 
	0x66, 0x0f, 0x74, 0xe0, 
	0x66, 0x44, 0x0f, 0xd7, 0xdc, 
	0x66, 0x0f, 0x6f, 0xe6, 
	0x66, 0x0f, 0x74, 0xe0, 
	0x66, 0x44, 0x0f, 0xd7, 0xfc, 
	0x66, 0x0f, 0x6f, 0xe3, 
	0x66, 0x0f, 0x74, 0xe1, 
	0x66, 0x44, 0x0f, 0xd7, 0xec, 
	0x66, 0x0f, 0x6f, 0xe5, 
	0x66, 0x0f, 0x74, 0xe1, 
	0x66, 0x0f, 0xd7, 0xd4, 
	0x66, 0x0f, 0x6f, 0xe7, 
	0x66, 0x0f, 0x74, 0xe1, 
	0x66, 0x0f, 0xd7, 0xcc, 
	0x66, 0x0f, 0x6f, 0xe6, 
	0x66, 0x0f, 0x74, 0xe1, 
	0x66, 0x44, 0x0f, 0xd7, 0xe4, 
	0x66, 0x0f, 0x6f, 0xe2, 
	0x66, 0x0f, 0x64, 0xe5, 
	0x66, 0x41, 0x0f, 0x64, 0xef, 
	0x66, 0x0f, 0xdb, 0xec, 
	0x66, 0x0f, 0xd7, 0xf5, 
	0x66, 0x0f, 0x6f, 0xe2, 
	0x66, 0x0f, 0x64, 0xe7, 
	0x66, 0x41, 0x0f, 0x64, 0xff, 
	0x66, 0x0f, 0xdb, 0xfc, 
	0x66, 0x0f, 0xd7, 0xff, 
	0x66, 0x0f, 0x6f, 0xe2, 
	0x66, 0x0f, 0x64, 0xe6, 
	0x66, 0x41, 0x0f, 0x64, 0xf7, 
	0x66, 0x0f, 0xdb, 0xf4, 
	0x66, 0x44, 0x0f, 0xd7, 0xce, 
	0x49, 0xc1, 0xe7, 0x30, 
	0x49, 0xc1, 0xe3, 0x20, 
	0x4d, 0x09, 0xfb, 
	0x48, 0xc1, 0xe3, 0x10, 
	0x4c, 0x09, 0xdb, 
	0x49, 0x09, 0xde, 
	0x49, 0xc1, 0xe4, 0x30, 
	0x48, 0xc1, 0xe1, 0x20, 
	0x4c, 0x09, 0xe1, 
	0x48, 0xc1, 0xe2, 0x10, 
	0x48, 0x09, 0xca, 
	0x49, 0xc1, 0xe1, 0x30, 
	0x48, 0xc1, 0xe7, 0x20, 
	0x4c, 0x09, 0xcf, 
	0x48, 0xc1, 0xe6, 0x10, 
	0x48, 0x09, 0xfe, 
	0x49, 0x09, 0xd5, 
	0x0f, 0x85, 0x51, 0x00, 0x00, 0x00, 
	0x4d, 0x85, 0xc0, 
	0x0f, 0x85, 0x67, 0x00, 0x00, 0x00, 
	0x45, 0x31, 0xc0, 
	0x4c, 0x8b, 0x65, 0xc0, 
	
	0x66, 0x0f, 0x6f, 0xe2, 
	0x66, 0x0f, 0x64, 0xe3, 
	0x66, 0x41, 0x0f, 0x64, 0xdf, 
	0x66, 0x0f, 0xdb, 0xdc, 
	0x66, 0x0f, 0xd7, 0xcb, 
	0x48, 0x09, 0xce, 
	0x4d, 0x85, 0xf6, 
	0x0f, 0x85, 0x91, 0x00, 0x00, 0x00, 
	0x48, 0x85, 0xf6, 
	0x0f, 0x85, 0x15, 0x28, 0x00, 0x00, 
	0x49, 0x83, 0xc2, 0xc0, 
	0x48, 0x83, 0xc0, 0x40, 
	0x49, 0x83, 0xfa, 0x3f, 
	0x0f, 0x87, 0xb2, 0xfe, 0xff, 0xff, 
	0xe9, 0xff, 0x0c, 0x00, 0x00, 
	
	0x48, 0x83, 0x7d, 0xc8, 0xff, 
	0x4c, 0x8b, 0x65, 0xc0, 
	0x0f, 0x85, 0x14, 0x00, 0x00, 0x00, 
	0x49, 0x0f, 0xbc, 0xcd, 
	0x48, 0x01, 0xc1, 
	0x48, 0x89, 0x4d, 0xc8, 
	0xe9, 0x04, 0x00, 0x00, 0x00, 
	
	0x4c, 0x8b, 0x65, 0xc0, 
	
	0x4c, 0x89, 0xc1, 
	0x48, 0xf7, 0xd1, 
	0x4c, 0x21, 0xe9, 
	0x48, 0x8d, 0x14, 0x09, 
	0x4c, 0x09, 0xc2, 
	0x48, 0x89, 0xd7, 
	0x48, 0xf7, 0xd7, 
	0x4c, 0x21, 0xef, 
	0x48, 0xbb, 0xaa, 0xaa, 0xaa, 0xaa, 0xaa, 0xaa, 0xaa, 0xaa, 
	0x48, 0x21, 0xdf, 
	0x45, 0x31, 0xc0, 
	0x48, 0x01, 0xcf, 
	0x41, 0x0f, 0x92, 0xc0, 
	0x48, 0x01, 0xff, 
	0x48, 0xb9, 0x55, 0x55, 0x55, 0x55, 0x55, 0x55, 0x55, 0x55, 
	0x48, 0x31, 0xcf, 
	0x48, 0x21, 0xd7, 
	0x48, 0xf7, 0xd7, 
	0x49, 0x21, 0xfe, 
	0xe9, 0x4e, 0xff, 0xff, 0xff, 
	
	0x49, 0x0f, 0xbc, 0xce, 
	0x48, 0x85, 0xf6, 
	0x0f, 0x84, 0xdc, 0x02, 0x00, 0x00, 
	0x48, 0x0f, 0xbc, 0xd6, 
	0xe9, 0xd8, 0x02, 0x00, 0x00, 
	
	0x41, 0x89, 0xc8, 
	0x4d, 0x01, 0xd8, 
	0x4d, 0x01, 0xe8, 
	0xe9, 0x1f, 0x02, 0x00, 0x00, 
	
	0x4d, 0x89, 0xce, 
	0x49, 0x29, 0xc6, 
	0x0f, 0x84, 0x17, 0x29, 0x00, 0x00, 
	0x4c, 0x89, 0x4d, 0xa0, 
	0x49, 0x83, 0xfe, 0x40, 
	0x0f, 0x82, 0xda, 0x13, 0x00, 0x00, 
	0x48, 0xc7, 0x45, 0xc8, 0xff, 0xff, 0xff, 0xff, 
	0x45, 0x31, 0xc9, 
	0x90, 0x90, 0x90, 
	
	0xf3, 0x41, 0x0f, 0x6f, 0x24, 0x04, 
	0xf3, 0x41, 0x0f, 0x6f, 0x6c, 0x04, 0x10, 
	0xf3, 0x41, 0x0f, 0x6f, 0x7c, 0x04, 0x20, 
	0xf3, 0x41, 0x0f, 0x6f, 0x74, 0x04, 0x30, 
	0x66, 0x0f, 0x6f, 0xdc, 
	0x66, 0x0f, 0x74, 0xd8, 
	0x66, 0x44, 0x0f, 0xd7, 0xfb, 
	0x66, 0x0f, 0x6f, 0xdd, 
	0x66, 0x0f, 0x74, 0xd8, 
	0x66, 0x0f, 0xd7, 0xcb, 
	0x66, 0x0f, 0x6f, 0xdf, 
	0x66, 0x0f, 0x74, 0xd8, 
	0x66, 0x44, 0x0f, 0xd7, 0xe3, 
	0x66, 0x0f, 0x6f, 0xde, 
	0x66, 0x0f, 0x74, 0xd8, 
	0x66, 0x44, 0x0f, 0xd7, 0xdb, 
	0x66, 0x0f, 0x6f, 0xdc, 
	0x66, 0x0f, 0x74, 0xd9, 
	0x66, 0x44, 0x0f, 0xd7, 0xeb, 
	0x66, 0x0f, 0x6f, 0xdd, 
	0x66, 0x0f, 0x74, 0xd9, 
	0x66, 0x0f, 0xd7, 0xdb, 
	0x66, 0x0f, 0x6f, 0xdf, 
	0x66, 0x0f, 0x74, 0xd9, 
	0x66, 0x0f, 0xd7, 0xf3, 
	0x66, 0x0f, 0x6f, 0xde, 
	0x66, 0x0f, 0x74, 0xd9, 
	0x66, 0x44, 0x0f, 0xd7, 0xd3, 
	0x66, 0x0f, 0x6f, 0xda, 
	0x66, 0x0f, 0x64, 0xdd, 
	0x66, 0x41, 0x0f, 0x64, 0xef, 
	0x66, 0x0f, 0xdb, 0xeb, 
	0x66, 0x0f, 0xd7, 0xfd, 
	0x66, 0x0f, 0x6f, 0xda, 
	0x66, 0x0f, 0x64, 0xdf, 
	0x66, 0x41, 0x0f, 0x64, 0xff, 
	0x66, 0x0f, 0xdb, 0xfb, 
	0x66, 0x0f, 0xd7, 0xd7, 
	0x66, 0x0f, 0x6f, 0xda, 
	0x66, 0x0f, 0x64, 0xde, 
	0x66, 0x41, 0x0f, 0x64, 0xf7, 
	0x66, 0x0f, 0xdb, 0xf3, 
	0x66, 0x44, 0x0f, 0xd7, 0xc6, 
	0x49, 0xc1, 0xe3, 0x30, 
	0x49, 0xc1, 0xe4, 0x20, 
	0x4d, 0x09, 0xdc, 
	0x48, 0xc1, 0xe1, 0x10, 
	0x4c, 0x09, 0xe1, 
	0x49, 0x09, 0xcf, 
	0x49, 0xc1, 0xe2, 0x30, 
	0x48, 0xc1, 0xe6, 0x20, 
	0x4c, 0x09, 0xd6, 
	0x48, 0xc1, 0xe3, 0x10, 
	0x48, 0x09, 0xf3, 
	0x49, 0xc1, 0xe0, 0x30, 
	0x48, 0xc1, 0xe2, 0x20, 
	0x4c, 0x09, 0xc2, 
	0x48, 0xc1, 0xe7, 0x10, 
	0x48, 0x09, 0xd7, 
	0x49, 0x09, 0xdd, 
	0x0f, 0x85, 0x59, 0x00, 0x00, 0x00, 
	0x4d, 0x85, 0xc9, 
	0x4c, 0x8b, 0x55, 0xb8, 
	0x0f, 0x85, 0x73, 0x00, 0x00, 0x00, 
	0x45, 0x31, 0xc9, 
	0x4c, 0x8b, 0x45, 0xd0, 
	0x4c, 0x8b, 0x65, 0xc0, 
	
	0x66, 0x0f, 0x6f, 0xda, 
	0x66, 0x0f, 0x64, 0xdc, 
	0x66, 0x41, 0x0f, 0x64, 0xe7, 
	0x66, 0x0f, 0xdb, 0xe3, 
	0x66, 0x0f, 0xd7, 0xcc, 
	0x48, 0x09, 0xcf, 
	0x4d, 0x85, 0xff, 
	0x0f, 0x85, 0x9d, 0x00, 0x00, 0x00, 
	0x48, 0x85, 0xff, 
	0x0f, 0x85, 0x36, 0x26, 0x00, 0x00, 
	0x49, 0x83, 0xc6, 0xc0, 
	0x48, 0x83, 0xc0, 0x40, 
	0x49, 0x83, 0xfe, 0x3f, 
	0x0f, 0x87, 0xaa, 0xfe, 0xff, 0xff, 
	0xe9, 0x88, 0x0c, 0x00, 0x00, 
	
	0x48, 0x83, 0x7d, 0xc8, 0xff, 
	0x4c, 0x8b, 0x45, 0xd0, 
	0x4c, 0x8b, 0x65, 0xc0, 
	0x4c, 0x8b, 0x55, 0xb8, 
	0x0f, 0x85, 0x18, 0x00, 0x00, 0x00, 
	0x49, 0x0f, 0xbc, 0xcd, 
	0x48, 0x01, 0xc1, 
	0x48, 0x89, 0x4d, 0xc8, 
	0xe9, 0x08, 0x00, 0x00, 0x00, 
	
	0x4c, 0x8b, 0x45, 0xd0, 
	0x4c, 0x8b, 0x65, 0xc0, 
	
	0x4c, 0x89, 0xc9, 
	0x48, 0xf7, 0xd1, 
	0x4c, 0x21, 0xe9, 
	0x48, 0x8d, 0x14, 0x09, 
	0x4c, 0x09, 0xca, 
	0x48, 0x89, 0xd6, 
	0x48, 0xf7, 0xd6, 
	0x4c, 0x21, 0xee, 
	0x48, 0xbb, 0xaa, 0xaa, 0xaa, 0xaa, 0xaa, 0xaa, 0xaa, 0xaa, 
	0x48, 0x21, 0xde, 
	0x45, 0x31, 0xc9, 
	0x48, 0x01, 0xce, 
	0x41, 0x0f, 0x92, 0xc1, 
	0x48, 0x01, 0xf6, 
	0x48, 0xb9, 0x55, 0x55, 0x55, 0x55, 0x55, 0x55, 0x55, 0x55, 
	0x48, 0x31, 0xce, 
	0x48, 0x21, 0xd6, 
	0x48, 0xf7, 0xd6, 
	0x49, 0x21, 0xf7, 
	0xe9, 0x42, 0xff, 0xff, 0xff, 
	
	0x49, 0x0f, 0xbc, 0xcf, 
	0x48, 0x85, 0xff, 
	0x0f, 0x84, 0x28, 0x01, 0x00, 0x00, 
	0x48, 0x0f, 0xbc, 0xd7, 
	0xe9, 0x24, 0x01, 0x00, 0x00, 
	
	0x48, 0x01, 0xd1, 
	0x49, 0x89, 0xc8, 
	
	0x4d, 0x89, 0xd1, 
	
	0x49, 0xc7, 0xc5, 0xff, 0xff, 0xff, 0xff, 
	0x4d, 0x85, 0xe4, 
	0x0f, 0x84, 0x9d, 0x24, 0x00, 0x00, 
	0x4d, 0x85, 0xff, 
	0x0f, 0x84, 0x94, 0x24, 0x00, 0x00, 
	0x4d, 0x85, 0xf6, 
	0x0f, 0x84, 0x8b, 0x24, 0x00, 0x00, 
	0x4d, 0x29, 0xd8, 
	0x49, 0x8d, 0x48, 0xff, 
	0x49, 0x39, 0xcc, 
	0x0f, 0x84, 0x33, 0x00, 0x00, 0x00, 
	0x49, 0x39, 0xcf, 
	0x0f, 0x84, 0x2a, 0x00, 0x00, 0x00, 
	0x49, 0x39, 0xce, 
	0x0f, 0x84, 0x21, 0x00, 0x00, 0x00, 
	0x4d, 0x85, 0xff, 
	0x0f, 0x8e, 0xa6, 0x00, 0x00, 0x00, 
	0x49, 0x8d, 0x4f, 0xff, 
	0x49, 0x39, 0xce, 
	0x0f, 0x84, 0x99, 0x00, 0x00, 0x00, 
	0x49, 0xf7, 0xd7, 
	0x4d, 0x89, 0xfd, 
	0xe9, 0x06, 0x00, 0x00, 0x00, 
	
	0x49, 0xf7, 0xd8, 
	0x4d, 0x89, 0xc5, 
	
	0x4d, 0x85, 0xed, 
	0x0f, 0x88, 0x39, 0x24, 0x00, 0x00, 
	
	0x49, 0x01, 0xc5, 
	0x4c, 0x8b, 0x45, 0xd0, 
	0x4d, 0x89, 0x28, 
	0x48, 0x85, 0xc0, 
	0x48, 0x8b, 0x7d, 0xb0, 
	0x4c, 0x8b, 0x65, 0xc0, 
	0x4c, 0x8b, 0x5d, 0xa8, 
	0x49, 0xbe, 0x00, 0x26, 0x00, 0x00, 0x01, 0x00, 0x00, 0x00, 
	0x4c, 0x8b, 0x55, 0xb8, 
	0x0f, 0x89, 0x33, 0xf3, 0xff, 0xff, 
	0xe9, 0x3c, 0x24, 0x00, 0x00, 
	
	0xba, 0x40, 0x00, 0x00, 0x00, 
	
	0x4c, 0x8b, 0x45, 0xd0, 
	0x48, 0x8b, 0x7d, 0xb0, 
	0x4c, 0x8b, 0x5d, 0xa8, 
	0x49, 0xbe, 0x00, 0x26, 0x00, 0x00, 0x01, 0x00, 0x00, 0x00, 
	0x4c, 0x8b, 0x55, 0xb8, 
	0x48, 0x39, 0xca, 
	0x0f, 0x82, 0xf2, 0x25, 0x00, 0x00, 
	0x48, 0x01, 0xc8, 
	0x48, 0x83, 0xc0, 0x01, 
	
	0x48, 0x85, 0xc0, 
	0x0f, 0x88, 0x7a, 0x19, 0x00, 0x00, 
	0x49, 0x89, 0x00, 
	0x48, 0x8b, 0x45, 0x90, 
	0x48, 0x85, 0xc0, 
	0x0f, 0x8f, 0xe6, 0xf2, 0xff, 0xff, 
	0xe9, 0x5c, 0x19, 0x00, 0x00, 
	
	0x4c, 0x89, 0xe1, 
	0x4c, 0x09, 0xf1, 
	0x0f, 0x99, 0xc1, 
	0x0f, 0x88, 0x41, 0x05, 0x00, 0x00, 
	0x4d, 0x39, 0xf4, 
	0x0f, 0x8c, 0x38, 0x05, 0x00, 0x00, 
	0x49, 0xf7, 0xd4, 
	0x4d, 0x89, 0xe5, 
	0xe9, 0x55, 0xff, 0xff, 0xff, 
	
	0xba, 0x40, 0x00, 0x00, 0x00, 
	
	0x48, 0x8b, 0x7d, 0xb0, 
	0x4c, 0x8b, 0x5d, 0xa8, 
	0x49, 0xbe, 0x00, 0x26, 0x00, 0x00, 0x01, 0x00, 0x00, 0x00, 
	0x48, 0x39, 0xca, 
	0x0f, 0x82, 0x8a, 0x25, 0x00, 0x00, 
	0x48, 0x01, 0xc8, 
	0x48, 0x83, 0xc0, 0x01, 
	
	0x4c, 0x8b, 0x6d, 0xa0, 
	
	0x48, 0x85, 0xc0, 
	0x0f, 0x88, 0x7d, 0x23, 0x00, 0x00, 
	0x49, 0x89, 0x00, 
	0x48, 0x8b, 0x45, 0x90, 
	0x48, 0x85, 0xc0, 
	0x0f, 0x8e, 0xf5, 0x18, 0x00, 0x00, 
	0x49, 0x8b, 0x03, 
	0x48, 0x3d, 0xff, 0x0f, 0x00, 0x00, 
	0x0f, 0x8f, 0xda, 0x18, 0x00, 0x00, 
	0x48, 0x8d, 0x48, 0x01, 
	0x49, 0x89, 0x0b, 
	0x49, 0xc7, 0x44, 0xc3, 0x08, 0x04, 0x00, 0x00, 0x00, 
	0xe9, 0x56, 0xf2, 0xff, 0xff, 
	
	0x49, 0x8b, 0x08, 
	0x48, 0x8b, 0x47, 0x08, 
	0xf6, 0x85, 0x68, 0xff, 0xff, 0xff, 0x20, 
	0x48, 0x89, 0x45, 0xa0, 
	0x48, 0x89, 0x4d, 0x90, 
	0x0f, 0x85, 0xc5, 0x04, 0x00, 0x00, 
	0x49, 0x89, 0xc1, 
	0x49, 0x29, 0xc9, 
	0x0f, 0x84, 0x55, 0x25, 0x00, 0x00, 
	0x49, 0x83, 0xf9, 0x40, 
	0x0f, 0x82, 0xb7, 0x10, 0x00, 0x00, 
	0x49, 0x89, 0xce, 
	0x49, 0xf7, 0xd6, 
	0x48, 0xc7, 0x45, 0xc8, 0xff, 0xff, 0xff, 0xff, 
	0x48, 0x89, 0xc8, 
	0x45, 0x31, 0xc0, 
	0x90, 0x90, 0x90, 0x90, 0x90, 
	
	0xf3, 0x41, 0x0f, 0x6f, 0x1c, 0x04, 
	0xf3, 0x41, 0x0f, 0x6f, 0x64, 0x04, 0x10, 
	0xf3, 0x41, 0x0f, 0x6f, 0x6c, 0x04, 0x20, 
	0xf3, 0x41, 0x0f, 0x6f, 0x74, 0x04, 0x30, 
	0x66, 0x0f, 0x6f, 0xfb, 
	0x66, 0x0f, 0x74, 0xf8, 
	0x66, 0x44, 0x0f, 0xd7, 0xd7, 
	0x66, 0x0f, 0x6f, 0xfc, 
	0x66, 0x0f, 0x74, 0xf8, 
	0x66, 0x0f, 0xd7, 0xcf, 
	0x66, 0x0f, 0x6f, 0xfd, 
	0x66, 0x0f, 0x74, 0xf8, 
	0x66, 0x0f, 0xd7, 0xff, 
	0x66, 0x0f, 0x6f, 0xfe, 
	0x66, 0x0f, 0x74, 0xf8, 
	0x66, 0x0f, 0xd7, 0xd7, 
	0x66, 0x0f, 0x74, 0xd9, 
	0x66, 0x44, 0x0f, 0xd7, 0xdb, 
	0x66, 0x0f, 0x74, 0xe1, 
	0x66, 0x0f, 0xd7, 0xdc, 
	0x66, 0x0f, 0x74, 0xe9, 
	0x66, 0x0f, 0xd7, 0xf5, 
	0x66, 0x0f, 0x74, 0xf1, 
	0x66, 0x44, 0x0f, 0xd7, 0xfe, 
	0x48, 0xc1, 0xe2, 0x30, 
	0x48, 0xc1, 0xe7, 0x20, 
	0x48, 0x09, 0xd7, 
	0x48, 0xc1, 0xe1, 0x10, 
	0x48, 0x09, 0xf9, 
	0x49, 0x09, 0xca, 
	0x49, 0xc1, 0xe7, 0x30, 
	0x48, 0xc1, 0xe6, 0x20, 
	0x4c, 0x09, 0xfe, 
	0x48, 0xc1, 0xe3, 0x10, 
	0x48, 0x09, 0xf3, 
	0x49, 0x09, 0xdb, 
	0x0f, 0x85, 0x30, 0x00, 0x00, 0x00, 
	0x4d, 0x85, 0xc0, 
	0x0f, 0x85, 0x3d, 0x00, 0x00, 0x00, 
	0x45, 0x31, 0xc0, 
	0x4d, 0x85, 0xd2, 
	0x0f, 0x85, 0x83, 0x00, 0x00, 0x00, 
	
	0x49, 0x83, 0xc1, 0xc0, 
	0x49, 0x83, 0xc6, 0xc0, 
	0x48, 0x83, 0xc0, 0x40, 
	0x49, 0x83, 0xf9, 0x3f, 
	0x0f, 0x87, 0x37, 0xff, 0xff, 0xff, 
	0xe9, 0x1a, 0x0c, 0x00, 0x00, 
	
	0x48, 0x83, 0x7d, 0xc8, 0xff, 
	0x0f, 0x85, 0x0b, 0x00, 0x00, 0x00, 
	0x49, 0x0f, 0xbc, 0xcb, 
	0x48, 0x01, 0xc1, 
	0x48, 0x89, 0x4d, 0xc8, 
	
	0x4c, 0x89, 0xc1, 
	0x48, 0xf7, 0xd1, 
	0x4c, 0x21, 0xd9, 
	0x48, 0x8d, 0x14, 0x09, 
	0x4c, 0x09, 0xc2, 
	0x48, 0x89, 0xd6, 
	0x48, 0xf7, 0xd6, 
	0x4c, 0x21, 0xde, 
	0x48, 0xbf, 0xaa, 0xaa, 0xaa, 0xaa, 0xaa, 0xaa, 0xaa, 0xaa, 
	0x48, 0x21, 0xfe, 
	0x45, 0x31, 0xc0, 
	0x48, 0x01, 0xce, 
	0x41, 0x0f, 0x92, 0xc0, 
	0x48, 0x01, 0xf6, 
	0x48, 0xb9, 0x55, 0x55, 0x55, 0x55, 0x55, 0x55, 0x55, 0x55, 
	0x48, 0x31, 0xce, 
	0x48, 0x21, 0xd6, 
	0x48, 0xf7, 0xd6, 
	0x49, 0x21, 0xf2, 
	0x4d, 0x85, 0xd2, 
	0x0f, 0x84, 0x7d, 0xff, 0xff, 0xff, 
	
	0x49, 0x0f, 0xbc, 0xc2, 
	0x4c, 0x29, 0xf0, 
	
	0x4c, 0x8b, 0x45, 0xd0, 
	0x48, 0x8b, 0x7d, 0xb0, 
	
	0x4c, 0x8b, 0x5d, 0xa8, 
	0x49, 0xbe, 0x00, 0x26, 0x00, 0x00, 0x01, 0x00, 0x00, 0x00, 
	0x4c, 0x8b, 0x55, 0xb8, 
	0xe9, 0x2f, 0x06, 0x00, 0x00, 
	
	0x4c, 0x8b, 0x7f, 0x08, 
	0x49, 0x8b, 0x00, 
	0x49, 0x29, 0xc7, 
	0x0f, 0x84, 0x6b, 0x22, 0x00, 0x00, 
	0x4d, 0x8d, 0x14, 0x04, 
	0x41, 0x80, 0x3a, 0x30, 
	0x0f, 0x85, 0x37, 0x00, 0x00, 0x00, 
	0x41, 0xbe, 0x01, 0x00, 0x00, 0x00, 
	0x49, 0x83, 0xff, 0x01, 
	0x0f, 0x84, 0xa4, 0x05, 0x00, 0x00, 
	0x41, 0x8a, 0x4a, 0x01, 
	0x80, 0xc1, 0xd2, 
	0x80, 0xf9, 0x37, 
	0x0f, 0x87, 0x94, 0x05, 0x00, 0x00, 
	0x0f, 0xb6, 0xc9, 
	0x48, 0xba, 0x01, 0x00, 0x80, 0x00, 0x00, 0x00, 0x80, 0x00, 
	0x48, 0x0f, 0xa3, 0xca, 
	0x0f, 0x83, 0x7d, 0x05, 0x00, 0x00, 
	
	0x49, 0x83, 0xff, 0x10, 
	0x0f, 0x82, 0xc3, 0x0e, 0x00, 0x00, 
	0x49, 0xc7, 0xc5, 0xff, 0xff, 0xff, 0xff, 
	0x45, 0x31, 0xf6, 
	0x49, 0xc7, 0xc4, 0xff, 0xff, 0xff, 0xff, 
	0x49, 0xc7, 0xc3, 0xff, 0xff, 0xff, 0xff, 
	0x4c, 0x89, 0xff, 
	0x90, 0x90, 0x90, 0x90, 0x90, 0x90, 0x90, 0x90, 0x90, 0x90, 
	
	0xf3, 0x43, 0x0f, 0x6f, 0x1c, 0x32, 
	0x66, 0x0f, 0x6f, 0xe3, 
	0x66, 0x41, 0x0f, 0x64, 0xe0, 
	0x66, 0x41, 0x0f, 0x6f, 0xee, 
	0x66, 0x0f, 0x64, 0xeb, 
	0x66, 0x0f, 0xdb, 0xec, 
	0x66, 0x0f, 0x6f, 0xe3, 
	0x66, 0x41, 0x0f, 0x74, 0xe1, 
	0x66, 0x0f, 0x6f, 0xf3, 
	0x66, 0x41, 0x0f, 0x74, 0xf2, 
	0x66, 0x0f, 0xeb, 0xf4, 
	0x66, 0x0f, 0x6f, 0xe3, 
	0x66, 0x41, 0x0f, 0xdb, 0xe3, 
	0x66, 0x41, 0x0f, 0x74, 0xdc, 
	0x66, 0x41, 0x0f, 0x74, 0xe5, 
	0x66, 0x0f, 0xd7, 0xf4, 
	0x66, 0x0f, 0xeb, 0xe3, 
	0x66, 0x0f, 0xeb, 0xee, 
	0x66, 0x0f, 0xeb, 0xec, 
	0x66, 0x0f, 0xd7, 0xdb, 
	0x66, 0x44, 0x0f, 0xd7, 0xc6, 
	0x66, 0x0f, 0xd7, 0xcd, 
	0xf7, 0xd1, 
	0x0f, 0xbc, 0xc9, 
	0x83, 0xf9, 0x10, 
	0x0f, 0x84, 0x13, 0x00, 0x00, 0x00, 
	0xba, 0xff, 0xff, 0xff, 0xff, 
	0xd3, 0xe2, 
	0xf7, 0xd2, 
	0x21, 0xd3, 
	0x21, 0xd6, 
	0x44, 0x21, 0xc2, 
	0x41, 0x89, 0xd0, 
	
	0x8d, 0x53, 0xff, 
	0x21, 0xda, 
	0x0f, 0x85, 0x3b, 0x0a, 0x00, 0x00, 
	0x8d, 0x56, 0xff, 
	0x21, 0xf2, 
	0x0f, 0x85, 0x30, 0x0a, 0x00, 0x00, 
	0x41, 0x8d, 0x50, 0xff, 
	0x44, 0x21, 0xc2, 
	0x0f, 0x85, 0x23, 0x0a, 0x00, 0x00, 
	0x85, 0xdb, 
	0x0f, 0x84, 0x13, 0x00, 0x00, 0x00, 
	0x0f, 0xbc, 0xdb, 
	0x49, 0x83, 0xfb, 0xff, 
	0x0f, 0x85, 0xf1, 0x0b, 0x00, 0x00, 
	0x4c, 0x01, 0xf3, 
	0x49, 0x89, 0xdb, 
	
	0x85, 0xf6, 
	0x0f, 0x84, 0x13, 0x00, 0x00, 0x00, 
	0x0f, 0xbc, 0xf6, 
	0x49, 0x83, 0xfc, 0xff, 
	0x0f, 0x85, 0xdd, 0x0b, 0x00, 0x00, 
	0x4c, 0x01, 0xf6, 
	0x49, 0x89, 0xf4, 
	
	0x45, 0x85, 0xc0, 
	0x0f, 0x84, 0x14, 0x00, 0x00, 0x00, 
	0x41, 0x0f, 0xbc, 0xd0, 
	0x49, 0x83, 0xfd, 0xff, 
	0x0f, 0x85, 0xc7, 0x0b, 0x00, 0x00, 
	0x4c, 0x01, 0xf2, 
	0x49, 0x89, 0xd5, 
	
	0x83, 0xf9, 0x10, 
	0x0f, 0x85, 0xc4, 0x03, 0x00, 0x00, 
	0x48, 0x83, 0xc7, 0xf0, 
	0x49, 0x83, 0xc6, 0x10, 
	0x48, 0x83, 0xff, 0x0f, 
	0x0f, 0x87, 0xec, 0xfe, 0xff, 0xff, 
	0x4b, 0x8d, 0x0c, 0x32, 
	0x49, 0x89, 0xc8, 
	0x4d, 0x39, 0xf7, 
	0x0f, 0x84, 0xb6, 0x03, 0x00, 0x00, 
	
	0x4c, 0x8d, 0x04, 0x39, 
	0x49, 0x89, 0xc9, 
	0x4d, 0x29, 0xd1, 
	0x31, 0xd2, 
	0x4c, 0x8d, 0x35, 0x09, 0x27, 0x00, 0x00, 
	0xe9, 0x21, 0x00, 0x00, 0x00, 
	
	0x49, 0x83, 0xfd, 0xff, 
	0x0f, 0x85, 0xac, 0x09, 0x00, 0x00, 
	0x4d, 0x8d, 0x2c, 0x11, 
	0x90, 0x90, 0x90, 0x90, 0x90, 0x90, 
	
	0x48, 0x83, 0xc2, 0x01, 
	0x48, 0x39, 0xd7, 
	0x0f, 0x84, 0x7d, 0x03, 0x00, 0x00, 
	
	0x0f, 0xbe, 0x1c, 0x11, 
	0x8d, 0x73, 0xd0, 
	0x83, 0xfe, 0x0a, 
	0x0f, 0x82, 0xe3, 0xff, 0xff, 0xff, 
	0x8d, 0x73, 0xd5, 
	0x83, 0xfe, 0x1a, 
	0x0f, 0x87, 0x1c, 0x00, 0x00, 0x00, 
	0x49, 0x63, 0x34, 0xb6, 
	0x4c, 0x01, 0xf6, 
	0xff, 0xe6, 
	
	0x49, 0x83, 0xfb, 0xff, 
	0x0f, 0x85, 0x66, 0x09, 0x00, 0x00, 
	0x4d, 0x8d, 0x1c, 0x11, 
	0xe9, 0xbb, 0xff, 0xff, 0xff, 
	
	0x83, 0xfb, 0x65, 
	0x0f, 0x85, 0x36, 0x03, 0x00, 0x00, 
	
	0x49, 0x83, 0xfc, 0xff, 
	0x0f, 0x85, 0x4a, 0x09, 0x00, 0x00, 
	0x4d, 0x8d, 0x24, 0x11, 
	0xe9, 0x9f, 0xff, 0xff, 0xff, 
	
	0x49, 0x8b, 0x03, 
	0x48, 0x3d, 0xff, 0x0f, 0x00, 0x00, 
	0x0f, 0x8f, 0xda, 0x14, 0x00, 0x00, 
	0x48, 0x8d, 0x48, 0x01, 
	0x49, 0x89, 0x0b, 
	0x49, 0xc7, 0x44, 0xc3, 0x08, 0x05, 0x00, 0x00, 0x00, 
	0xe9, 0x56, 0xee, 0xff, 0xff, 
	
	0x49, 0x8b, 0x08, 
	0x48, 0x8b, 0x57, 0x08, 
	0x48, 0x8d, 0x72, 0xfc, 
	0x48, 0x39, 0xf1, 
	0x0f, 0x87, 0x4d, 0x1f, 0x00, 0x00, 
	0x41, 0x8b, 0x14, 0x0c, 
	0x81, 0xfa, 0x61, 0x6c, 0x73, 0x65, 
	0x0f, 0x85, 0x17, 0x20, 0x00, 0x00, 
	0x48, 0x8d, 0x41, 0x04, 
	0x49, 0x89, 0x00, 
	0x48, 0x85, 0xc9, 
	0x0f, 0x8f, 0x22, 0xee, 0xff, 0xff, 
	0xe9, 0xf9, 0x20, 0x00, 0x00, 
	
	0x49, 0x8b, 0x08, 
	0x48, 0x8b, 0x57, 0x08, 
	0x48, 0x8d, 0x72, 0xfd, 
	0x48, 0x39, 0xf1, 
	0x0f, 0x87, 0x14, 0x1f, 0x00, 0x00, 
	0x48, 0x8d, 0x41, 0xff, 
	0x41, 0x81, 0x7c, 0x0c, 0xff, 0x6e, 0x75, 0x6c, 0x6c, 
	0x0f, 0x84, 0x2c, 0x00, 0x00, 0x00, 
	0xe9, 0x2b, 0x20, 0x00, 0x00, 
	
	0x49, 0x8b, 0x08, 
	0x48, 0x8b, 0x57, 0x08, 
	0x48, 0x8d, 0x72, 0xfd, 
	0x48, 0x39, 0xf1, 
	0x0f, 0x87, 0xe8, 0x1e, 0x00, 0x00, 
	0x48, 0x8d, 0x41, 0xff, 
	0x41, 0x81, 0x7c, 0x0c, 0xff, 0x74, 0x72, 0x75, 0x65, 
	0x0f, 0x85, 0x4b, 0x20, 0x00, 0x00, 
	
	0x48, 0x8d, 0x51, 0x03, 
	0x49, 0x89, 0x10, 
	0x48, 0x85, 0xc9, 
	0x0f, 0x8f, 0xba, 0xed, 0xff, 0xff, 
	0xe9, 0xc3, 0x1e, 0x00, 0x00, 
	
	0x49, 0x8b, 0x03, 
	0x48, 0x3d, 0xff, 0x0f, 0x00, 0x00, 
	0x0f, 0x8f, 0x15, 0x14, 0x00, 0x00, 
	0x48, 0x8d, 0x48, 0x01, 
	0x49, 0x89, 0x0b, 
	0x49, 0xc7, 0x44, 0xc3, 0x08, 0x06, 0x00, 0x00, 0x00, 
	0xe9, 0x91, 0xed, 0xff, 0xff, 
	
	0x49, 0x8d, 0x56, 0xff, 
	0x49, 0x39, 0xd4, 
	0x49, 0xf7, 0xd6, 
	0x4d, 0x0f, 0x45, 0xf0, 
	0x84, 0xc9, 
	0x4d, 0x0f, 0x44, 0xf0, 
	0x4d, 0x89, 0xf5, 
	0xe9, 0x0c, 0xfa, 0xff, 0xff, 
	
	0x49, 0x89, 0xc6, 
	0x49, 0x29, 0xce, 
	0x0f, 0x84, 0x90, 0x20, 0x00, 0x00, 
	0x49, 0x83, 0xfe, 0x40, 
	0x0f, 0x82, 0x06, 0x0c, 0x00, 0x00, 
	0x48, 0xc7, 0x45, 0xc8, 0xff, 0xff, 0xff, 0xff, 
	0x48, 0x89, 0xc8, 
	0x45, 0x31, 0xc0, 
	0x90, 0x90, 0x90, 0x90, 0x90, 0x90, 
	
	0xf3, 0x41, 0x0f, 0x6f, 0x24, 0x04, 
	0xf3, 0x41, 0x0f, 0x6f, 0x6c, 0x04, 0x10, 
	0xf3, 0x41, 0x0f, 0x6f, 0x7c, 0x04, 0x20, 
	0xf3, 0x41, 0x0f, 0x6f, 0x74, 0x04, 0x30, 
	0x66, 0x0f, 0x6f, 0xdc, 
	0x66, 0x0f, 0x74, 0xd8, 
	0x66, 0x44, 0x0f, 0xd7, 0xfb, 
	0x66, 0x0f, 0x6f, 0xdd, 
	0x66, 0x0f, 0x74, 0xd8, 
	0x66, 0x0f, 0xd7, 0xcb, 
	0x66, 0x0f, 0x6f, 0xdf, 
	0x66, 0x0f, 0x74, 0xd8, 
	0x66, 0x44, 0x0f, 0xd7, 0xe3, 
	0x66, 0x0f, 0x6f, 0xde, 
	0x66, 0x0f, 0x74, 0xd8, 
	0x66, 0x44, 0x0f, 0xd7, 0xdb, 
	0x66, 0x0f, 0x6f, 0xdc, 
	0x66, 0x0f, 0x74, 0xd9, 
	0x66, 0x44, 0x0f, 0xd7, 0xeb, 
	0x66, 0x0f, 0x6f, 0xdd, 
	0x66, 0x0f, 0x74, 0xd9, 
	0x66, 0x44, 0x0f, 0xd7, 0xcb, 
	0x66, 0x0f, 0x6f, 0xdf, 
	0x66, 0x0f, 0x74, 0xd9, 
	0x66, 0x0f, 0xd7, 0xf3, 
	0x66, 0x0f, 0x6f, 0xde, 
	0x66, 0x0f, 0x74, 0xd9, 
	0x66, 0x44, 0x0f, 0xd7, 0xd3, 
	0x66, 0x0f, 0x6f, 0xda, 
	0x66, 0x0f, 0x64, 0xdd, 
	0x66, 0x41, 0x0f, 0x64, 0xef, 
	0x66, 0x0f, 0xdb, 0xeb, 
	0x66, 0x0f, 0xd7, 0xfd, 
	0x66, 0x0f, 0x6f, 0xda, 
	0x66, 0x0f, 0x64, 0xdf, 
	0x66, 0x41, 0x0f, 0x64, 0xff, 
	0x66, 0x0f, 0xdb, 0xfb, 
	0x66, 0x0f, 0xd7, 0xd7, 
	0x66, 0x0f, 0x6f, 0xda, 
	0x66, 0x0f, 0x64, 0xde, 
	0x66, 0x41, 0x0f, 0x64, 0xf7, 
	0x66, 0x0f, 0xdb, 0xf3, 
	0x66, 0x0f, 0xd7, 0xde, 
	0x49, 0xc1, 0xe3, 0x30, 
	0x49, 0xc1, 0xe4, 0x20, 
	0x4d, 0x09, 0xdc, 
	0x48, 0xc1, 0xe1, 0x10, 
	0x4c, 0x09, 0xe1, 
	0x49, 0x09, 0xcf, 
	0x49, 0xc1, 0xe2, 0x30, 
	0x48, 0xc1, 0xe6, 0x20, 
	0x4c, 0x09, 0xd6, 
	0x49, 0xc1, 0xe1, 0x10, 
	0x49, 0x09, 0xf1, 
	0x48, 0xc1, 0xe3, 0x30, 
	0x48, 0xc1, 0xe2, 0x20, 
	0x48, 0x09, 0xda, 
	0x48, 0xc1, 0xe7, 0x10, 
	0x48, 0x09, 0xd7, 
	0x4d, 0x09, 0xcd, 
	0x0f, 0x85, 0x55, 0x00, 0x00, 0x00, 
	0x4d, 0x85, 0xc0, 
	0x0f, 0x85, 0x6f, 0x00, 0x00, 0x00, 
	0x45, 0x31, 0xc0, 
	0x4c, 0x8b, 0x65, 0xc0, 
	0x4c, 0x8b, 0x55, 0xb8, 
	
	0x66, 0x0f, 0x6f, 0xda, 
	0x66, 0x0f, 0x64, 0xdc, 
	0x66, 0x41, 0x0f, 0x64, 0xe7, 
	0x66, 0x0f, 0xdb, 0xe3, 
	0x66, 0x0f, 0xd7, 0xcc, 
	0x48, 0x09, 0xcf, 
	0x4d, 0x85, 0xff, 
	0x0f, 0x85, 0x99, 0x00, 0x00, 0x00, 
	0x48, 0x85, 0xff, 
	0x0f, 0x85, 0x09, 0x1f, 0x00, 0x00, 
	0x49, 0x83, 0xc6, 0xc0, 
	0x48, 0x83, 0xc0, 0x40, 
	0x49, 0x83, 0xfe, 0x3f, 
	0x0f, 0x87, 0xae, 0xfe, 0xff, 0xff, 
	0xe9, 0x62, 0x07, 0x00, 0x00, 
	
	0x48, 0x83, 0x7d, 0xc8, 0xff, 
	0x4c, 0x8b, 0x65, 0xc0, 
	0x4c, 0x8b, 0x55, 0xb8, 
	0x0f, 0x85, 0x18, 0x00, 0x00, 0x00, 
	0x49, 0x0f, 0xbc, 0xcd, 
	0x48, 0x01, 0xc1, 
	0x48, 0x89, 0x4d, 0xc8, 
	0xe9, 0x08, 0x00, 0x00, 0x00, 
	
	0x4c, 0x8b, 0x65, 0xc0, 
	0x4c, 0x8b, 0x55, 0xb8, 
	
	0x4c, 0x89, 0xc1, 
	0x48, 0xf7, 0xd1, 
	0x4c, 0x21, 0xe9, 
	0x48, 0x8d, 0x14, 0x09, 
	0x4c, 0x09, 0xc2, 
	0x48, 0x89, 0xd6, 
	0x48, 0xf7, 0xd6, 
	0x4c, 0x21, 0xee, 
	0x48, 0xbb, 0xaa, 0xaa, 0xaa, 0xaa, 0xaa, 0xaa, 0xaa, 0xaa, 
	0x48, 0x21, 0xde, 
	0x45, 0x31, 0xc0, 
	0x48, 0x01, 0xce, 
	0x41, 0x0f, 0x92, 0xc0, 
	0x48, 0x01, 0xf6, 
	0x48, 0xb9, 0x55, 0x55, 0x55, 0x55, 0x55, 0x55, 0x55, 0x55, 
	0x48, 0x31, 0xce, 
	0x48, 0x21, 0xd6, 
	0x48, 0xf7, 0xd6, 
	0x49, 0x21, 0xf7, 
	0xe9, 0x46, 0xff, 0xff, 0xff, 
	
	0x49, 0x0f, 0xbc, 0xcf, 
	0x48, 0x85, 0xff, 
	0x0f, 0x84, 0xc3, 0x00, 0x00, 0x00, 
	0x48, 0x0f, 0xbc, 0xd7, 
	0xe9, 0xbf, 0x00, 0x00, 0x00, 
	
	0x41, 0x89, 0xc8, 
	0x4d, 0x01, 0xd0, 
	0x4d, 0x01, 0xf0, 
	0xe9, 0x06, 0x00, 0x00, 0x00, 
	
	0x48, 0x01, 0xd1, 
	0x49, 0x89, 0xc8, 
	
	0x49, 0xc7, 0xc6, 0xff, 0xff, 0xff, 0xff, 
	0x4d, 0x85, 0xdb, 
	0x0f, 0x84, 0x14, 0x1d, 0x00, 0x00, 
	0x4d, 0x85, 0xed, 
	0x0f, 0x84, 0x0b, 0x1d, 0x00, 0x00, 
	0x4d, 0x85, 0xe4, 
	0x0f, 0x84, 0x02, 0x1d, 0x00, 0x00, 
	0x4d, 0x29, 0xd0, 
	0x49, 0x8d, 0x48, 0xff, 
	0x49, 0x39, 0xcb, 
	0x0f, 0x84, 0x33, 0x00, 0x00, 0x00, 
	0x49, 0x39, 0xcd, 
	0x0f, 0x84, 0x2a, 0x00, 0x00, 0x00, 
	0x49, 0x39, 0xcc, 
	0x0f, 0x84, 0x21, 0x00, 0x00, 0x00, 
	0x4d, 0x85, 0xed, 
	0x0f, 0x8e, 0xae, 0x00, 0x00, 0x00, 
	0x49, 0x8d, 0x4d, 0xff, 
	0x49, 0x39, 0xcc, 
	0x0f, 0x84, 0xa1, 0x00, 0x00, 0x00, 
	0x49, 0xf7, 0xd5, 
	0x4d, 0x89, 0xee, 
	0xe9, 0x06, 0x00, 0x00, 0x00, 
	
	0x49, 0xf7, 0xd8, 
	0x4d, 0x89, 0xc6, 
	
	0x4d, 0x85, 0xf6, 
	0x0f, 0x88, 0xb0, 0x1c, 0x00, 0x00, 
	
	0x49, 0x01, 0xc6, 
	0x4c, 0x8b, 0x45, 0xd0, 
	0x4d, 0x89, 0x30, 
	0x48, 0x85, 0xc0, 
	0x48, 0x8b, 0x7d, 0xb0, 
	0x4c, 0x8b, 0x65, 0xc0, 
	0x4c, 0x8b, 0x5d, 0xa8, 
	0x49, 0xbe, 0x00, 0x26, 0x00, 0x00, 0x01, 0x00, 0x00, 0x00, 
	0x4c, 0x8b, 0x55, 0xb8, 
	0x0f, 0x8f, 0xb0, 0xea, 0xff, 0xff, 
	0xe9, 0x26, 0x11, 0x00, 0x00, 
	
	0xba, 0x40, 0x00, 0x00, 0x00, 
	
	0x4c, 0x8b, 0x45, 0xd0, 
	0x48, 0x8b, 0x7d, 0xb0, 
	0x4c, 0x8b, 0x5d, 0xa8, 
	0x49, 0xbe, 0x00, 0x26, 0x00, 0x00, 0x01, 0x00, 0x00, 0x00, 
	0x48, 0x39, 0xca, 
	0x0f, 0x82, 0x73, 0x1d, 0x00, 0x00, 
	0x48, 0x01, 0xc8, 
	0x48, 0x83, 0xc0, 0x01, 
	
	0x48, 0x85, 0xc0, 
	0x0f, 0x88, 0xfb, 0x10, 0x00, 0x00, 
	0x49, 0x89, 0x00, 
	0x48, 0x83, 0x7d, 0x90, 0x00, 
	0x0f, 0x8f, 0x69, 0xea, 0xff, 0xff, 
	0xe9, 0x33, 0x1d, 0x00, 0x00, 
	
	0x0f, 0xbc, 0xca, 
	
	0x49, 0xf7, 0xd5, 
	0x49, 0x29, 0xcd, 
	0xe9, 0xed, 0xf6, 0xff, 0xff, 
	
	0x4c, 0x89, 0xd9, 
	0x4c, 0x09, 0xe1, 
	0x0f, 0x99, 0xc1, 
	0x0f, 0x88, 0xb1, 0x01, 0x00, 0x00, 
	0x4d, 0x39, 0xe3, 
	0x0f, 0x8c, 0xa8, 0x01, 0x00, 0x00, 
	0x49, 0xf7, 0xd3, 
	0x4d, 0x89, 0xde, 
	0xe9, 0x4d, 0xff, 0xff, 0xff, 
	
	0x48, 0x8b, 0xb5, 0x70, 0xff, 0xff, 0xff, 
	0x4d, 0x89, 0xd1, 
	0x4e, 0x8d, 0x2c, 0x16, 
	0x49, 0x29, 0xcd, 
	0x49, 0x29, 0xd5, 
	0xe9, 0xb1, 0xf6, 0xff, 0xff, 
	
	0x4c, 0x01, 0xe0, 
	0x48, 0x8b, 0x7d, 0xb0, 
	0x4c, 0x8b, 0x5d, 0xa8, 
	0x49, 0xbe, 0x00, 0x26, 0x00, 0x00, 0x01, 0x00, 0x00, 0x00, 
	0x49, 0x83, 0xf9, 0x20, 
	0x4c, 0x8b, 0x55, 0xb8, 
	0x0f, 0x82, 0x33, 0x09, 0x00, 0x00, 
	
	0xf3, 0x0f, 0x6f, 0x18, 
	0xf3, 0x0f, 0x6f, 0x60, 0x10, 
	0x66, 0x0f, 0x6f, 0xeb, 
	0x66, 0x0f, 0x74, 0xe8, 
	0x66, 0x0f, 0xd7, 0xd5, 
	0x66, 0x0f, 0x6f, 0xec, 
	0x66, 0x0f, 0x74, 0xe8, 
	0x66, 0x0f, 0xd7, 0xcd, 
	0x66, 0x0f, 0x74, 0xd9, 
	0x66, 0x0f, 0xd7, 0xf3, 
	0x66, 0x0f, 0x74, 0xe1, 
	0x66, 0x0f, 0xd7, 0xdc, 
	0x48, 0xc1, 0xe1, 0x10, 
	0x48, 0x09, 0xca, 
	0x48, 0xc1, 0xe3, 0x10, 
	0x48, 0x09, 0xde, 
	0x0f, 0x85, 0x77, 0x08, 0x00, 0x00, 
	0x4d, 0x85, 0xc0, 
	0x0f, 0x85, 0x8b, 0x08, 0x00, 0x00, 
	0x45, 0x31, 0xc0, 
	0x48, 0x85, 0xd2, 
	0x0f, 0x84, 0xd1, 0x08, 0x00, 0x00, 
	
	0x48, 0x0f, 0xbc, 0xca, 
	0x48, 0x03, 0x45, 0x98, 
	0x48, 0x01, 0xc8, 
	0x4c, 0x8b, 0x45, 0xd0, 
	0xe9, 0x8a, 0xf6, 0xff, 0xff, 
	
	0x4c, 0x01, 0xe0, 
	0x49, 0x83, 0xfa, 0x20, 
	0x0f, 0x82, 0xe2, 0x06, 0x00, 0x00, 
	
	0xf3, 0x0f, 0x6f, 0x20, 
	0xf3, 0x0f, 0x6f, 0x58, 0x10, 
	0x66, 0x0f, 0x6f, 0xec, 
	0x66, 0x0f, 0x74, 0xe8, 
	0x66, 0x0f, 0xd7, 0xcd, 
	0x66, 0x0f, 0x6f, 0xeb, 
	0x66, 0x0f, 0x74, 0xe8, 
	0x66, 0x0f, 0xd7, 0xfd, 
	0x66, 0x0f, 0x6f, 0xec, 
	0x66, 0x0f, 0x74, 0xe9, 
	0x66, 0x0f, 0xd7, 0xd5, 
	0x66, 0x0f, 0x6f, 0xeb, 
	0x66, 0x0f, 0x74, 0xe9, 
	0x66, 0x0f, 0xd7, 0xdd, 
	0x66, 0x0f, 0x6f, 0xea, 
	0x66, 0x0f, 0x64, 0xeb, 
	0x66, 0x41, 0x0f, 0x64, 0xdf, 
	0x66, 0x0f, 0xdb, 0xdd, 
	0x66, 0x0f, 0xd7, 0xf3, 
	0x48, 0xc1, 0xe7, 0x10, 
	0x48, 0x09, 0xf9, 
	0x48, 0xc1, 0xe3, 0x10, 
	0x48, 0xc1, 0xe6, 0x10, 
	0x48, 0x09, 0xda, 
	0x0f, 0x85, 0x43, 0x09, 0x00, 0x00, 
	0x4d, 0x85, 0xc0, 
	0x48, 0x8b, 0x7d, 0xb0, 
	0x4c, 0x8b, 0x5d, 0xa8, 
	0x49, 0xbe, 0x00, 0x26, 0x00, 0x00, 0x01, 0x00, 0x00, 0x00, 
	0x0f, 0x85, 0x45, 0x09, 0x00, 0x00, 
	0x45, 0x31, 0xc0, 
	
	0x66, 0x0f, 0x6f, 0xda, 
	0x66, 0x0f, 0x64, 0xdc, 
	0x66, 0x41, 0x0f, 0x64, 0xe7, 
	0x66, 0x0f, 0xdb, 0xe3, 
	0x66, 0x0f, 0xd7, 0xd4, 
	0x48, 0x09, 0xd6, 
	0xba, 0x40, 0x00, 0x00, 0x00, 
	0xbb, 0x40, 0x00, 0x00, 0x00, 
	0x48, 0x85, 0xc9, 
	0x0f, 0x84, 0x04, 0x00, 0x00, 0x00, 
	0x48, 0x0f, 0xbc, 0xd9, 
	
	0x48, 0x85, 0xf6, 
	0x0f, 0x84, 0x04, 0x00, 0x00, 0x00, 
	0x48, 0x0f, 0xbc, 0xd6, 
	
	0x48, 0x85, 0xc9, 
	0x0f, 0x84, 0xbe, 0x01, 0x00, 0x00, 
	0x48, 0x39, 0xda, 
	0x0f, 0x82, 0x11, 0x1c, 0x00, 0x00, 
	0x48, 0x03, 0x45, 0x98, 
	0x48, 0x01, 0xd8, 
	0x4c, 0x8b, 0x45, 0xd0, 
	0x4c, 0x8b, 0x55, 0xb8, 
	0xe9, 0x97, 0xf5, 0xff, 0xff, 
	
	0x49, 0x8d, 0x54, 0x24, 0xff, 
	0x49, 0x39, 0xd3, 
	0x49, 0xf7, 0xd4, 
	0x4d, 0x0f, 0x45, 0xe0, 
	0x84, 0xc9, 
	0x4d, 0x0f, 0x44, 0xe0, 
	0x4d, 0x89, 0xe6, 
	0xe9, 0x93, 0xfd, 0xff, 0xff, 
	
	0x4c, 0x01, 0xe0, 
	
	0x49, 0x83, 0xf9, 0x20, 
	0x48, 0x8b, 0x7d, 0xb0, 
	0x4c, 0x8b, 0x5d, 0xa8, 
	0x49, 0xbe, 0x00, 0x26, 0x00, 0x00, 0x01, 0x00, 0x00, 0x00, 
	0x4c, 0x8b, 0x55, 0xb8, 
	0x0f, 0x82, 0x62, 0x09, 0x00, 0x00, 
	0xf3, 0x0f, 0x6f, 0x18, 
	0xf3, 0x0f, 0x6f, 0x60, 0x10, 
	0x66, 0x0f, 0x6f, 0xeb, 
	0x66, 0x0f, 0x74, 0xe8, 
	0x66, 0x0f, 0xd7, 0xd5, 
	0x66, 0x0f, 0x6f, 0xec, 
	0x66, 0x0f, 0x74, 0xe8, 
	0x66, 0x0f, 0xd7, 0xcd, 
	0x66, 0x0f, 0x74, 0xd9, 
	0x66, 0x0f, 0xd7, 0xf3, 
	0x66, 0x0f, 0x74, 0xe1, 
	0x66, 0x0f, 0xd7, 0xdc, 
	0x48, 0xc1, 0xe1, 0x10, 
	0x48, 0x09, 0xca, 
	0x48, 0xc1, 0xe3, 0x10, 
	0x48, 0x09, 0xde, 
	0x0f, 0x85, 0xa6, 0x08, 0x00, 0x00, 
	0x4d, 0x85, 0xc0, 
	0x0f, 0x85, 0xba, 0x08, 0x00, 0x00, 
	0x45, 0x31, 0xc0, 
	0x48, 0x85, 0xd2, 
	0x0f, 0x84, 0x00, 0x09, 0x00, 0x00, 
	
	0x48, 0x0f, 0xbc, 0xca, 
	0x48, 0x03, 0x45, 0x98, 
	0x48, 0x01, 0xc8, 
	0x4c, 0x8b, 0x45, 0xd0, 
	0xe9, 0x55, 0xf5, 0xff, 0xff, 
	
	0x4c, 0x01, 0xe0, 
	0x49, 0x83, 0xfe, 0x20, 
	0x0f, 0x82, 0xf4, 0x05, 0x00, 0x00, 
	
	0xf3, 0x0f, 0x6f, 0x20, 
	0xf3, 0x0f, 0x6f, 0x58, 0x10, 
	0x66, 0x0f, 0x6f, 0xec, 
	0x66, 0x0f, 0x74, 0xe8, 
	0x66, 0x0f, 0xd7, 0xf5, 
	0x66, 0x0f, 0x6f, 0xeb, 
	0x66, 0x0f, 0x74, 0xe8, 
	0x66, 0x0f, 0xd7, 0xcd, 
	0x66, 0x0f, 0x6f, 0xec, 
	0x66, 0x0f, 0x74, 0xe9, 
	0x66, 0x44, 0x0f, 0xd7, 0xdd, 
	0x66, 0x0f, 0x6f, 0xeb, 
	0x66, 0x0f, 0x74, 0xe9, 
	0x66, 0x0f, 0xd7, 0xd5, 
	0x66, 0x0f, 0x6f, 0xea, 
	0x66, 0x0f, 0x64, 0xeb, 
	0x66, 0x41, 0x0f, 0x64, 0xdf, 
	0x66, 0x0f, 0xdb, 0xdd, 
	0x66, 0x0f, 0xd7, 0xfb, 
	0x48, 0xc1, 0xe1, 0x10, 
	0x48, 0x09, 0xce, 
	0x48, 0xc1, 0xe2, 0x10, 
	0x48, 0xc1, 0xe7, 0x10, 
	0x49, 0x09, 0xd3, 
	0x4c, 0x8b, 0x55, 0xb8, 
	0x0f, 0x85, 0x6d, 0x09, 0x00, 0x00, 
	0x4d, 0x85, 0xc9, 
	0x0f, 0x85, 0x81, 0x09, 0x00, 0x00, 
	0x45, 0x31, 0xc9, 
	
	0x66, 0x0f, 0x6f, 0xda, 
	0x66, 0x0f, 0x64, 0xdc, 
	0x66, 0x41, 0x0f, 0x64, 0xe7, 
	0x66, 0x0f, 0xdb, 0xe3, 
	0x66, 0x0f, 0xd7, 0xcc, 
	0x48, 0x09, 0xcf, 
	0xb9, 0x40, 0x00, 0x00, 0x00, 
	0xba, 0x40, 0x00, 0x00, 0x00, 
	0x48, 0x85, 0xf6, 
	0x0f, 0x84, 0x04, 0x00, 0x00, 0x00, 
	0x48, 0x0f, 0xbc, 0xd6, 
	
	0x48, 0x85, 0xff, 
	0x0f, 0x84, 0x04, 0x00, 0x00, 0x00, 
	0x48, 0x0f, 0xbc, 0xcf, 
	
	0x48, 0x85, 0xf6, 
	0x0f, 0x84, 0x03, 0x01, 0x00, 0x00, 
	0x48, 0x39, 0xd1, 
	0x0f, 0x82, 0x9f, 0x1a, 0x00, 0x00, 
	0x48, 0x03, 0x45, 0x98, 
	0x48, 0x01, 0xd0, 
	0xe9, 0xba, 0x01, 0x00, 0x00, 
	
	0x89, 0xd9, 
	0xe9, 0xa2, 0xfc, 0xff, 0xff, 
	
	0x89, 0xf1, 
	0xe9, 0x9b, 0xfc, 0xff, 0xff, 
	
	0x89, 0xd1, 
	0xe9, 0x94, 0xfc, 0xff, 0xff, 
	
	0x48, 0x85, 0xf6, 
	0x0f, 0x85, 0x53, 0x1a, 0x00, 0x00, 
	0x48, 0x83, 0xc0, 0x20, 
	0x49, 0x83, 0xc2, 0xe0, 
	0x4d, 0x85, 0xc0, 
	0x0f, 0x85, 0x5c, 0x04, 0x00, 0x00, 
	
	0x48, 0x8b, 0x4d, 0xc8, 
	0x4c, 0x8b, 0x45, 0xd0, 
	0x4d, 0x85, 0xd2, 
	0x0f, 0x84, 0x5c, 0x0d, 0x00, 0x00, 
	
	0x0f, 0xb6, 0x10, 
	0x80, 0xfa, 0x22, 
	0x0f, 0x84, 0x95, 0x00, 0x00, 0x00, 
	0x80, 0xfa, 0x5c, 
	0x0f, 0x84, 0x26, 0x00, 0x00, 0x00, 
	0x80, 0xfa, 0x1f, 
	0x0f, 0x86, 0x40, 0x1a, 0x00, 0x00, 
	0x48, 0xc7, 0xc2, 0xff, 0xff, 0xff, 0xff, 
	0xbe, 0x01, 0x00, 0x00, 0x00, 
	0x48, 0x01, 0xf0, 
	0x49, 0x01, 0xd2, 
	0x0f, 0x85, 0xca, 0xff, 0xff, 0xff, 
	0xe9, 0x21, 0x0d, 0x00, 0x00, 
	
	0x49, 0x83, 0xfa, 0x01, 
	0x0f, 0x84, 0x94, 0x0b, 0x00, 0x00, 
	0x48, 0xc7, 0xc2, 0xfe, 0xff, 0xff, 0xff, 
	0xbe, 0x02, 0x00, 0x00, 0x00, 
	0x48, 0x83, 0xf9, 0xff, 
	0x0f, 0x84, 0x11, 0x00, 0x00, 0x00, 
	0x4c, 0x8b, 0x45, 0xd0, 
	0x48, 0x8b, 0x7d, 0xb0, 
	0x4c, 0x8b, 0x65, 0xc0, 
	0xe9, 0x16, 0x00, 0x00, 0x00, 
	
	0x48, 0x89, 0xc1, 
	0x4c, 0x8b, 0x65, 0xc0, 
	0x4c, 0x29, 0xe1, 
	0x48, 0x89, 0x4d, 0xc8, 
	0x4c, 0x8b, 0x45, 0xd0, 
	0x48, 0x8b, 0x7d, 0xb0, 
	
	0x4c, 0x8b, 0x5d, 0xa8, 
	0x49, 0xbe, 0x00, 0x26, 0x00, 0x00, 0x01, 0x00, 0x00, 0x00, 
	0x48, 0x01, 0xf0, 
	0x49, 0x01, 0xd2, 
	0x0f, 0x85, 0x64, 0xff, 0xff, 0xff, 
	0xe9, 0xbb, 0x0c, 0x00, 0x00, 
	
	0x48, 0x03, 0x45, 0x98, 
	0x4c, 0x8b, 0x55, 0xb8, 
	0xe9, 0x1d, 0xf3, 0xff, 0xff, 
	
	0x48, 0x85, 0xff, 
	0x0f, 0x85, 0x9c, 0x19, 0x00, 0x00, 
	0x48, 0x83, 0xc0, 0x20, 
	0x49, 0x83, 0xc6, 0xe0, 
	0x4d, 0x85, 0xc9, 
	0x0f, 0x85, 0x28, 0x04, 0x00, 0x00, 
	
	0x48, 0x8b, 0x55, 0xc8, 
	0x4d, 0x85, 0xf6, 
	0x0f, 0x84, 0x4b, 0x19, 0x00, 0x00, 
	
	0x0f, 0xb6, 0x08, 
	0x80, 0xf9, 0x22, 
	0x0f, 0x84, 0x95, 0x00, 0x00, 0x00, 
	0x80, 0xf9, 0x5c, 
	0x0f, 0x84, 0x26, 0x00, 0x00, 0x00, 
	0x80, 0xf9, 0x1f, 
	0x0f, 0x86, 0x89, 0x19, 0x00, 0x00, 
	0x48, 0xc7, 0xc1, 0xff, 0xff, 0xff, 0xff, 
	0xbe, 0x01, 0x00, 0x00, 0x00, 
	0x48, 0x01, 0xf0, 
	0x49, 0x01, 0xce, 
	0x0f, 0x85, 0xca, 0xff, 0xff, 0xff, 
	0xe9, 0x10, 0x19, 0x00, 0x00, 
	
	0x48, 0x8b, 0x4d, 0xa0, 
	0x49, 0x83, 0xfe, 0x01, 
	0x0f, 0x84, 0xba, 0x19, 0x00, 0x00, 
	0x48, 0xc7, 0xc1, 0xfe, 0xff, 0xff, 0xff, 
	0xbe, 0x02, 0x00, 0x00, 0x00, 
	0x48, 0x83, 0xfa, 0xff, 
	0x0f, 0x84, 0x0d, 0x00, 0x00, 0x00, 
	0x4c, 0x8b, 0x45, 0xd0, 
	0x4c, 0x8b, 0x65, 0xc0, 
	0xe9, 0x12, 0x00, 0x00, 0x00, 
	
	0x48, 0x89, 0xc2, 
	0x4c, 0x8b, 0x65, 0xc0, 
	0x4c, 0x29, 0xe2, 
	0x48, 0x89, 0x55, 0xc8, 
	0x4c, 0x8b, 0x45, 0xd0, 
	
	0x4c, 0x8b, 0x55, 0xb8, 
	0x48, 0x01, 0xf0, 
	0x49, 0x01, 0xce, 
	0x0f, 0x85, 0x72, 0xff, 0xff, 0xff, 
	0xe9, 0xb8, 0x18, 0x00, 0x00, 
	
	0x0f, 0xbc, 0xca, 
	
	0x49, 0xf7, 0xd6, 
	0x49, 0x29, 0xce, 
	0xe9, 0x6e, 0xfa, 0xff, 0xff, 
	
	0x48, 0x03, 0x45, 0x98, 
	
	0x48, 0x8b, 0x7d, 0xb0, 
	0x4c, 0x8b, 0x5d, 0xa8, 
	0x49, 0xbe, 0x00, 0x26, 0x00, 0x00, 0x01, 0x00, 0x00, 0x00, 
	0xe9, 0xa2, 0xf2, 0xff, 0xff, 
	
	0x48, 0x8b, 0xb5, 0x78, 0xff, 0xff, 0xff, 
	0x4c, 0x8d, 0x34, 0x06, 
	0x49, 0x29, 0xce, 
	0x49, 0x29, 0xd6, 
	0xe9, 0x3d, 0xfa, 0xff, 0xff, 
	
	0x4c, 0x01, 0xe0, 
	
	0x49, 0x83, 0xf9, 0x20, 
	0x48, 0x8b, 0x7d, 0xb0, 
	0x4c, 0x8b, 0x5d, 0xa8, 
	0x49, 0xbe, 0x00, 0x26, 0x00, 0x00, 0x01, 0x00, 0x00, 0x00, 
	0x0f, 0x82, 0x8f, 0x08, 0x00, 0x00, 
	0xf3, 0x0f, 0x6f, 0x18, 
	0xf3, 0x0f, 0x6f, 0x60, 0x10, 
	0x66, 0x0f, 0x6f, 0xeb, 
	0x66, 0x0f, 0x74, 0xe8, 
	0x66, 0x0f, 0xd7, 0xd5, 
	0x66, 0x0f, 0x6f, 0xec, 
	0x66, 0x0f, 0x74, 0xe8, 
	0x66, 0x0f, 0xd7, 0xcd, 
	0x66, 0x0f, 0x74, 0xd9, 
	0x66, 0x0f, 0xd7, 0xf3, 
	0x66, 0x0f, 0x74, 0xe1, 
	0x66, 0x0f, 0xd7, 0xdc, 
	0x48, 0xc1, 0xe1, 0x10, 
	0x48, 0x09, 0xca, 
	0x48, 0xc1, 0xe3, 0x10, 
	0x48, 0x09, 0xde, 
	0x0f, 0x85, 0xd3, 0x07, 0x00, 0x00, 
	0x4d, 0x85, 0xc0, 
	0x4c, 0x8b, 0x55, 0xb8, 
	0x0f, 0x85, 0xe3, 0x07, 0x00, 0x00, 
	0x45, 0x31, 0xc0, 
	0x48, 0x85, 0xd2, 
	0x0f, 0x84, 0x29, 0x08, 0x00, 0x00, 
	
	0x48, 0x0f, 0xbc, 0xca, 
	0x48, 0x03, 0x45, 0x98, 
	0x48, 0x01, 0xc8, 
	0x4c, 0x8b, 0x45, 0xd0, 
	0xe9, 0x12, 0xfa, 0xff, 0xff, 
	
	0x4c, 0x01, 0xe0, 
	0x49, 0x83, 0xfe, 0x20, 
	0x0f, 0x82, 0x2c, 0x01, 0x00, 0x00, 
	
	0xf3, 0x0f, 0x6f, 0x20, 
	0xf3, 0x0f, 0x6f, 0x58, 0x10, 
	0x66, 0x0f, 0x6f, 0xec, 
	0x66, 0x0f, 0x74, 0xe8, 
	0x66, 0x0f, 0xd7, 0xf5, 
	0x66, 0x0f, 0x6f, 0xeb, 
	0x66, 0x0f, 0x74, 0xe8, 
	0x66, 0x0f, 0xd7, 0xcd, 
	0x66, 0x0f, 0x6f, 0xec, 
	0x66, 0x0f, 0x74, 0xe9, 
	0x66, 0x0f, 0xd7, 0xd5, 
	0x66, 0x0f, 0x6f, 0xeb, 
	0x66, 0x0f, 0x74, 0xe9, 
	0x66, 0x0f, 0xd7, 0xdd, 
	0x66, 0x0f, 0x6f, 0xea, 
	0x66, 0x0f, 0x64, 0xeb, 
	0x66, 0x41, 0x0f, 0x64, 0xdf, 
	0x66, 0x0f, 0xdb, 0xdd, 
	0x66, 0x0f, 0xd7, 0xfb, 
	0x48, 0xc1, 0xe1, 0x10, 
	0x48, 0x09, 0xce, 
	0x48, 0xc1, 0xe3, 0x10, 
	0x48, 0xc1, 0xe7, 0x10, 
	0x48, 0x09, 0xda, 
	0x0f, 0x85, 0x5f, 0x08, 0x00, 0x00, 
	0x4d, 0x85, 0xc0, 
	0x4c, 0x8b, 0x55, 0xb8, 
	0x0f, 0x85, 0x6f, 0x08, 0x00, 0x00, 
	0x45, 0x31, 0xc0, 
	
	0x66, 0x0f, 0x6f, 0xda, 
	0x66, 0x0f, 0x64, 0xdc, 
	0x66, 0x41, 0x0f, 0x64, 0xe7, 
	0x66, 0x0f, 0xdb, 0xe3, 
	0x66, 0x0f, 0xd7, 0xcc, 
	0x48, 0x09, 0xcf, 
	0xb9, 0x40, 0x00, 0x00, 0x00, 
	0xba, 0x40, 0x00, 0x00, 0x00, 
	0x48, 0x85, 0xf6, 
	0x0f, 0x84, 0x04, 0x00, 0x00, 0x00, 
	0x48, 0x0f, 0xbc, 0xd6, 
	
	0x48, 0x85, 0xff, 
	0x0f, 0x84, 0x04, 0x00, 0x00, 0x00, 
	0x48, 0x0f, 0xbc, 0xcf, 
	
	0x48, 0x85, 0xf6, 
	0x0f, 0x84, 0x60, 0x00, 0x00, 0x00, 
	0x48, 0x39, 0xd1, 
	0x0f, 0x82, 0xac, 0x17, 0x00, 0x00, 
	0x48, 0x03, 0x45, 0x98, 
	0x48, 0x01, 0xd0, 
	0x4c, 0x8b, 0x45, 0xd0, 
	0x48, 0x8b, 0x7d, 0xb0, 
	0x4c, 0x8b, 0x5d, 0xa8, 
	0x49, 0xbe, 0x00, 0x26, 0x00, 0x00, 0x01, 0x00, 0x00, 0x00, 
	0xe9, 0x1f, 0xf9, 0xff, 0xff, 
	
	0x49, 0xc7, 0xc4, 0xff, 0xff, 0xff, 0xff, 
	0x4c, 0x89, 0xd9, 
	0x4c, 0x89, 0xd7, 
	0x49, 0xc7, 0xc6, 0xff, 0xff, 0xff, 0xff, 
	0x49, 0xc7, 0xc7, 0xff, 0xff, 0xff, 0xff, 
	0xe9, 0x38, 0xe9, 0xff, 0xff, 
	
	0x89, 0xd9, 
	0xe9, 0x19, 0xfe, 0xff, 0xff, 
	
	0x89, 0xf1, 
	0xe9, 0x12, 0xfe, 0xff, 0xff, 
	
	0x89, 0xd1, 
	0xe9, 0x0b, 0xfe, 0xff, 0xff, 
	
	0x48, 0x85, 0xff, 
	0x0f, 0x85, 0x54, 0x17, 0x00, 0x00, 
	0x48, 0x83, 0xc0, 0x20, 
	0x49, 0x83, 0xc6, 0xe0, 
	
	0x4d, 0x85, 0xc0, 
	0x0f, 0x85, 0x27, 0x08, 0x00, 0x00, 
	0x48, 0x8b, 0x55, 0xc8, 
	0x4d, 0x85, 0xf6, 
	0x0f, 0x84, 0x52, 0x08, 0x00, 0x00, 
	
	0x0f, 0xb6, 0x08, 
	0x80, 0xf9, 0x22, 
	0x0f, 0x84, 0x10, 0x01, 0x00, 0x00, 
	0x80, 0xf9, 0x5c, 
	0x0f, 0x84, 0x26, 0x00, 0x00, 0x00, 
	0x80, 0xf9, 0x1f, 
	0x0f, 0x86, 0x27, 0x17, 0x00, 0x00, 
	0x48, 0xc7, 0xc1, 0xff, 0xff, 0xff, 0xff, 
	0xbe, 0x01, 0x00, 0x00, 0x00, 
	
	0x48, 0x01, 0xf0, 
	0x49, 0x01, 0xce, 
	0x0f, 0x85, 0xca, 0xff, 0xff, 0xff, 
	0xe9, 0x17, 0x08, 0x00, 0x00, 
	
	0x49, 0x83, 0xfe, 0x01, 
	0x0f, 0x84, 0x0d, 0x08, 0x00, 0x00, 
	0x48, 0xc7, 0xc1, 0xfe, 0xff, 0xff, 0xff, 
	0xbe, 0x02, 0x00, 0x00, 0x00, 
	0x48, 0x83, 0xfa, 0xff, 
	0x0f, 0x85, 0xcf, 0xff, 0xff, 0xff, 
	0x48, 0x89, 0xc2, 
	0x48, 0x2b, 0x55, 0xc0, 
	0x48, 0x89, 0x55, 0xc8, 
	0xe9, 0xbf, 0xff, 0xff, 0xff, 
	
	0x49, 0x8d, 0x04, 0x0c, 
	0x48, 0xc7, 0x45, 0xc8, 0xff, 0xff, 0xff, 0xff, 
	0x45, 0x31, 0xc0, 
	0x49, 0x83, 0xf9, 0x20, 
	0x4c, 0x8b, 0x55, 0xb8, 
	0x0f, 0x83, 0xc4, 0xf8, 0xff, 0xff, 
	0xe9, 0xf2, 0x01, 0x00, 0x00, 
	
	0x48, 0x8b, 0x45, 0x90, 
	0x4c, 0x01, 0xe0, 
	0x48, 0xc7, 0x45, 0xc8, 0xff, 0xff, 0xff, 0xff, 
	0x45, 0x31, 0xc0, 
	0x49, 0x83, 0xfa, 0x20, 
	0x0f, 0x83, 0x1e, 0xf9, 0xff, 0xff, 
	
	0x48, 0x8b, 0x7d, 0xb0, 
	0x4c, 0x8b, 0x5d, 0xa8, 
	0x49, 0xbe, 0x00, 0x26, 0x00, 0x00, 0x01, 0x00, 0x00, 0x00, 
	0x4d, 0x85, 0xc0, 
	0x0f, 0x84, 0xa4, 0xfb, 0xff, 0xff, 
	
	0x4d, 0x85, 0xd2, 
	0x0f, 0x84, 0x85, 0x07, 0x00, 0x00, 
	0x48, 0x8b, 0x4d, 0x88, 
	0x48, 0x8d, 0x14, 0x08, 
	0x48, 0x8b, 0x75, 0xc8, 
	0x48, 0x83, 0xfe, 0xff, 
	0x48, 0x89, 0xf1, 
	0x48, 0x0f, 0x44, 0xf2, 
	0x48, 0x0f, 0x44, 0xca, 
	0x48, 0x83, 0xc0, 0x01, 
	0x49, 0x83, 0xc2, 0xff, 
	0x48, 0x89, 0x75, 0xc8, 
	0x4c, 0x8b, 0x45, 0xd0, 
	0x48, 0x8b, 0x7d, 0xb0, 
	0x4c, 0x8b, 0x65, 0xc0, 
	0x4c, 0x8b, 0x5d, 0xa8, 
	0x49, 0xbe, 0x00, 0x26, 0x00, 0x00, 0x01, 0x00, 0x00, 0x00, 
	0x4d, 0x85, 0xd2, 
	0x0f, 0x85, 0x62, 0xfb, 0xff, 0xff, 
	0xe9, 0xb9, 0x08, 0x00, 0x00, 
	
	0x48, 0x03, 0x45, 0x98, 
	0x4c, 0x8b, 0x45, 0xd0, 
	0x48, 0x8b, 0x7d, 0xb0, 
	0x4c, 0x8b, 0x65, 0xc0, 
	0xe9, 0x4c, 0xf1, 0xff, 0xff, 
	
	0x4c, 0x01, 0xe0, 
	0x48, 0xc7, 0x45, 0xc8, 0xff, 0xff, 0xff, 0xff, 
	0x45, 0x31, 0xc0, 
	0xe9, 0x89, 0xf9, 0xff, 0xff, 
	
	0x4c, 0x01, 0xe0, 
	0x48, 0xc7, 0x45, 0xc8, 0xff, 0xff, 0xff, 0xff, 
	0x45, 0x31, 0xc9, 
	0x49, 0x83, 0xfe, 0x20, 
	0x0f, 0x83, 0x0c, 0xfa, 0xff, 0xff, 
	
	0x4c, 0x8b, 0x55, 0xb8, 
	0x4d, 0x85, 0xc9, 
	0x0f, 0x84, 0xd8, 0xfb, 0xff, 0xff, 
	
	0x48, 0x8b, 0x4d, 0xa0, 
	0x4d, 0x85, 0xf6, 
	0x0f, 0x84, 0xdb, 0x15, 0x00, 0x00, 
	0x48, 0x8b, 0x4d, 0x88, 
	0x48, 0x01, 0xc1, 
	0x48, 0x8b, 0x75, 0xc8, 
	0x48, 0x83, 0xfe, 0xff, 
	0x48, 0x89, 0xf2, 
	0x48, 0x0f, 0x44, 0xf1, 
	0x48, 0x0f, 0x44, 0xd1, 
	0x48, 0x83, 0xc0, 0x01, 
	0x49, 0x83, 0xc6, 0xff, 
	0x48, 0x89, 0x75, 0xc8, 
	0x4c, 0x8b, 0x45, 0xd0, 
	0x4c, 0x8b, 0x65, 0xc0, 
	0x4c, 0x8b, 0x55, 0xb8, 
	0x4d, 0x85, 0xf6, 
	0x0f, 0x85, 0x9d, 0xfb, 0xff, 0xff, 
	0xe9, 0xe3, 0x14, 0x00, 0x00, 
	
	0x49, 0xc7, 0xc3, 0xff, 0xff, 0xff, 0xff, 
	0x4c, 0x89, 0xd1, 
	0x4c, 0x89, 0xff, 
	0x49, 0xc7, 0xc4, 0xff, 0xff, 0xff, 0xff, 
	0x49, 0xc7, 0xc5, 0xff, 0xff, 0xff, 0xff, 
	0xe9, 0x66, 0xf2, 0xff, 0xff, 
	
	0x49, 0x8d, 0x04, 0x0c, 
	0x48, 0xc7, 0x45, 0xc8, 0xff, 0xff, 0xff, 0xff, 
	0x45, 0x31, 0xc0, 
	0xe9, 0x39, 0xfc, 0xff, 0xff, 
	
	0x49, 0x8d, 0x04, 0x0c, 
	0x48, 0xc7, 0x45, 0xc8, 0xff, 0xff, 0xff, 0xff, 
	0x45, 0x31, 0xc0, 
	0x49, 0x83, 0xfe, 0x20, 
	0x0f, 0x83, 0xbb, 0xfc, 0xff, 0xff, 
	0xe9, 0xe2, 0xfd, 0xff, 0xff, 
	
	0x48, 0x83, 0x7d, 0xc8, 0xff, 
	0x0f, 0x85, 0x12, 0x00, 0x00, 0x00, 
	0x48, 0x89, 0xc1, 
	0x48, 0x2b, 0x4d, 0xc0, 
	0x48, 0x0f, 0xbc, 0xfe, 
	0x48, 0x01, 0xcf, 
	0x48, 0x89, 0x7d, 0xc8, 
	
	0x44, 0x89, 0xc1, 
	0xf7, 0xd1, 
	0x21, 0xf1, 
	0x41, 0x8d, 0x3c, 0x48, 
	0x8d, 0x1c, 0x09, 
	0xf7, 0xd3, 
	0x21, 0xf3, 
	0x81, 0xe3, 0xaa, 0xaa, 0xaa, 0xaa, 
	0x45, 0x31, 0xc0, 
	0x01, 0xcb, 
	0x41, 0x0f, 0x92, 0xc0, 
	0x01, 0xdb, 
	0x81, 0xf3, 0x55, 0x55, 0x55, 0x55, 
	0x21, 0xfb, 
	0xf7, 0xd3, 
	0x21, 0xda, 
	0x48, 0x8b, 0x7d, 0xb0, 
	0x4c, 0x8b, 0x65, 0xc0, 
	0x4c, 0x8b, 0x5d, 0xa8, 
	0x49, 0xbe, 0x00, 0x26, 0x00, 0x00, 0x01, 0x00, 0x00, 0x00, 
	0x4c, 0x8b, 0x55, 0xb8, 
	0x48, 0x85, 0xd2, 
	0x0f, 0x85, 0x2f, 0xf7, 0xff, 0xff, 
	
	0x48, 0x83, 0xc0, 0x20, 
	0x49, 0x83, 0xc1, 0xe0, 
	
	0x4d, 0x85, 0xc0, 
	0x0f, 0x85, 0x18, 0x03, 0x00, 0x00, 
	0x48, 0x8b, 0x4d, 0xc8, 
	0x4c, 0x8b, 0x45, 0xd0, 
	0x4d, 0x85, 0xc9, 
	0x0f, 0x84, 0xa0, 0x00, 0x00, 0x00, 
	
	0x31, 0xd2, 
	
	0x0f, 0xb6, 0x1c, 0x10, 
	0x80, 0xfb, 0x22, 
	0x0f, 0x84, 0x8a, 0x00, 0x00, 0x00, 
	0x80, 0xfb, 0x5c, 
	0x0f, 0x84, 0x12, 0x00, 0x00, 0x00, 
	0x48, 0x83, 0xc2, 0x01, 
	0x49, 0x39, 0xd1, 
	0x0f, 0x85, 0xdd, 0xff, 0xff, 0xff, 
	0xe9, 0x7e, 0x00, 0x00, 0x00, 
	
	0x49, 0x8d, 0x71, 0xff, 
	0x48, 0x39, 0xd6, 
	0x0f, 0x84, 0x82, 0x05, 0x00, 0x00, 
	0x48, 0x8b, 0x75, 0x80, 
	0x48, 0x01, 0xc6, 
	0x48, 0x01, 0xd6, 
	0x48, 0x83, 0xf9, 0xff, 
	0x48, 0x8b, 0x7d, 0xc8, 
	0x48, 0x0f, 0x44, 0xfe, 
	0x48, 0x89, 0x7d, 0xc8, 
	0x48, 0x0f, 0x44, 0xce, 
	0x48, 0x01, 0xd0, 
	0x48, 0x83, 0xc0, 0x02, 
	0x4c, 0x89, 0xce, 
	0x48, 0x29, 0xd6, 
	0x48, 0x83, 0xc6, 0xfe, 
	0x49, 0x83, 0xc1, 0xfe, 
	0x49, 0x39, 0xd1, 
	0x49, 0x89, 0xf1, 
	0x4c, 0x8b, 0x45, 0xd0, 
	0x48, 0x8b, 0x7d, 0xb0, 
	0x4c, 0x8b, 0x65, 0xc0, 
	0x4c, 0x8b, 0x5d, 0xa8, 
	0x49, 0xbe, 0x00, 0x26, 0x00, 0x00, 0x01, 0x00, 0x00, 0x00, 
	0x4c, 0x8b, 0x55, 0xb8, 
	0x0f, 0x85, 0x6c, 0xff, 0xff, 0xff, 
	0xe9, 0xa3, 0x06, 0x00, 0x00, 
	
	0x48, 0x01, 0xd0, 
	0x48, 0x83, 0xc0, 0x01, 
	
	0x4c, 0x29, 0xe0, 
	0xe9, 0x03, 0xed, 0xff, 0xff, 
	
	0x80, 0xfb, 0x22, 
	0x0f, 0x85, 0x08, 0x05, 0x00, 0x00, 
	0x4c, 0x01, 0xc8, 
	0x4c, 0x8b, 0x45, 0xd0, 
	0x48, 0x8b, 0x7d, 0xb0, 
	0x4c, 0x8b, 0x65, 0xc0, 
	0x4c, 0x8b, 0x5d, 0xa8, 
	0x49, 0xbe, 0x00, 0x26, 0x00, 0x00, 0x01, 0x00, 0x00, 0x00, 
	0x4c, 0x8b, 0x55, 0xb8, 
	0xe9, 0xc9, 0xff, 0xff, 0xff, 
	
	0x48, 0x83, 0x7d, 0xc8, 0xff, 
	0x0f, 0x85, 0x12, 0x00, 0x00, 0x00, 
	0x48, 0x89, 0xc7, 
	0x48, 0x2b, 0x7d, 0xc0, 
	0x48, 0x0f, 0xbc, 0xda, 
	0x48, 0x01, 0xfb, 
	0x48, 0x89, 0x5d, 0xc8, 
	
	0x44, 0x89, 0xc7, 
	0xf7, 0xd7, 
	0x21, 0xd7, 
	0x45, 0x8d, 0x0c, 0x78, 
	0x8d, 0x1c, 0x3f, 
	0xf7, 0xd3, 
	0x21, 0xd3, 
	0x81, 0xe3, 0xaa, 0xaa, 0xaa, 0xaa, 
	0x45, 0x31, 0xc0, 
	0x01, 0xfb, 
	0x41, 0x0f, 0x92, 0xc0, 
	0x01, 0xdb, 
	0x81, 0xf3, 0x55, 0x55, 0x55, 0x55, 
	0x44, 0x21, 0xcb, 
	0xf7, 0xd3, 
	0x21, 0xd9, 
	0x48, 0x8b, 0x7d, 0xb0, 
	0x4c, 0x8b, 0x65, 0xc0, 
	0x4c, 0x8b, 0x5d, 0xa8, 
	0x49, 0xbe, 0x00, 0x26, 0x00, 0x00, 0x01, 0x00, 0x00, 0x00, 
	0xe9, 0x73, 0xf6, 0xff, 0xff, 
	
	0x48, 0x83, 0x7d, 0xc8, 0xff, 
	0x0f, 0x85, 0x12, 0x00, 0x00, 0x00, 
	0x48, 0x89, 0xc1, 
	0x48, 0x2b, 0x4d, 0xc0, 
	0x48, 0x0f, 0xbc, 0xfe, 
	0x48, 0x01, 0xcf, 
	0x48, 0x89, 0x7d, 0xc8, 
	
	0x44, 0x89, 0xc1, 
	0xf7, 0xd1, 
	0x21, 0xf1, 
	0x41, 0x8d, 0x3c, 0x48, 
	0x8d, 0x1c, 0x09, 
	0xf7, 0xd3, 
	0x21, 0xf3, 
	0x81, 0xe3, 0xaa, 0xaa, 0xaa, 0xaa, 
	0x45, 0x31, 0xc0, 
	0x01, 0xcb, 
	0x41, 0x0f, 0x92, 0xc0, 
	0x01, 0xdb, 
	0x81, 0xf3, 0x55, 0x55, 0x55, 0x55, 
	0x21, 0xfb, 
	0xf7, 0xd3, 
	0x21, 0xda, 
	0x48, 0x8b, 0x7d, 0xb0, 
	0x4c, 0x8b, 0x65, 0xc0, 
	0x4c, 0x8b, 0x5d, 0xa8, 
	0x49, 0xbe, 0x00, 0x26, 0x00, 0x00, 0x01, 0x00, 0x00, 0x00, 
	0x4c, 0x8b, 0x55, 0xb8, 
	0x48, 0x85, 0xd2, 
	0x0f, 0x85, 0x00, 0xf7, 0xff, 0xff, 
	
	0x48, 0x83, 0xc0, 0x20, 
	0x49, 0x83, 0xc1, 0xe0, 
	
	0x4d, 0x85, 0xc0, 
	0x0f, 0x85, 0xa4, 0x01, 0x00, 0x00, 
	0x48, 0x8b, 0x55, 0xc8, 
	0x4c, 0x8b, 0x45, 0xd0, 
	0x4d, 0x85, 0xc9, 
	0x0f, 0x84, 0xa0, 0x00, 0x00, 0x00, 
	
	0x31, 0xf6, 
	
	0x0f, 0xb6, 0x0c, 0x30, 
	0x80, 0xf9, 0x22, 
	0x0f, 0x84, 0x8a, 0x00, 0x00, 0x00, 
	0x80, 0xf9, 0x5c, 
	0x0f, 0x84, 0x12, 0x00, 0x00, 0x00, 
	0x48, 0x83, 0xc6, 0x01, 
	0x49, 0x39, 0xf1, 
	0x0f, 0x85, 0xdd, 0xff, 0xff, 0xff, 
	0xe9, 0x7e, 0x00, 0x00, 0x00, 
	
	0x49, 0x8d, 0x49, 0xff, 
	0x48, 0x39, 0xf1, 
	0x0f, 0x84, 0x4c, 0x12, 0x00, 0x00, 
	0x48, 0x8b, 0x4d, 0x80, 
	0x48, 0x01, 0xc1, 
	0x48, 0x01, 0xf1, 
	0x48, 0x83, 0xfa, 0xff, 
	0x48, 0x8b, 0x7d, 0xc8, 
	0x48, 0x0f, 0x44, 0xf9, 
	0x48, 0x89, 0x7d, 0xc8, 
	0x48, 0x0f, 0x44, 0xd1, 
	0x48, 0x01, 0xf0, 
	0x48, 0x83, 0xc0, 0x02, 
	0x4c, 0x89, 0xc9, 
	0x48, 0x29, 0xf1, 
	0x48, 0x83, 0xc1, 0xfe, 
	0x49, 0x83, 0xc1, 0xfe, 
	0x49, 0x39, 0xf1, 
	0x49, 0x89, 0xc9, 
	0x4c, 0x8b, 0x45, 0xd0, 
	0x48, 0x8b, 0x7d, 0xb0, 
	0x4c, 0x8b, 0x65, 0xc0, 
	0x4c, 0x8b, 0x5d, 0xa8, 
	0x49, 0xbe, 0x00, 0x26, 0x00, 0x00, 0x01, 0x00, 0x00, 0x00, 
	0x4c, 0x8b, 0x55, 0xb8, 
	0x0f, 0x85, 0x6c, 0xff, 0xff, 0xff, 
	0xe9, 0x42, 0x0f, 0x00, 0x00, 
	
	0x48, 0x01, 0xf0, 
	0x48, 0x83, 0xc0, 0x01, 
	
	0x4c, 0x29, 0xe0, 
	0xe9, 0x9f, 0xeb, 0xff, 0xff, 
	
	0x80, 0xf9, 0x22, 
	0x0f, 0x85, 0xd2, 0x11, 0x00, 0x00, 
	0x4c, 0x01, 0xc8, 
	0x4c, 0x8b, 0x45, 0xd0, 
	0x48, 0x8b, 0x7d, 0xb0, 
	0x4c, 0x8b, 0x65, 0xc0, 
	0x4c, 0x8b, 0x5d, 0xa8, 
	0x49, 0xbe, 0x00, 0x26, 0x00, 0x00, 0x01, 0x00, 0x00, 0x00, 
	0x4c, 0x8b, 0x55, 0xb8, 
	0xe9, 0xc9, 0xff, 0xff, 0xff, 
	
	0x48, 0x83, 0x7d, 0xc8, 0xff, 
	0x0f, 0x85, 0x12, 0x00, 0x00, 0x00, 
	0x49, 0x89, 0xc0, 
	0x4c, 0x2b, 0x45, 0xc0, 
	0x49, 0x0f, 0xbc, 0xdb, 
	0x4c, 0x01, 0xc3, 
	0x48, 0x89, 0x5d, 0xc8, 
	
	0x44, 0x89, 0xc9, 
	0xf7, 0xd1, 
	0x44, 0x21, 0xd9, 
	0x45, 0x8d, 0x04, 0x49, 
	0x8d, 0x14, 0x09, 
	0xf7, 0xd2, 
	0x44, 0x21, 0xda, 
	0x81, 0xe2, 0xaa, 0xaa, 0xaa, 0xaa, 
	0x45, 0x31, 0xc9, 
	0x01, 0xca, 
	0x41, 0x0f, 0x92, 0xc1, 
	0x01, 0xd2, 
	0x81, 0xf2, 0x55, 0x55, 0x55, 0x55, 
	0x44, 0x21, 0xc2, 
	0xf7, 0xd2, 
	0x21, 0xd6, 
	0x4c, 0x8b, 0x45, 0xd0, 
	0x4c, 0x8b, 0x65, 0xc0, 
	0x4c, 0x8b, 0x55, 0xb8, 
	0xe9, 0x3f, 0xf6, 0xff, 0xff, 
	
	0x4d, 0x85, 0xc9, 
	0x0f, 0x84, 0xa9, 0x02, 0x00, 0x00, 
	0x48, 0x8b, 0x4d, 0x88, 
	0x48, 0x8d, 0x14, 0x08, 
	0x48, 0x8b, 0x75, 0xc8, 
	0x48, 0x83, 0xfe, 0xff, 
	0x48, 0x89, 0xf1, 
	0x48, 0x0f, 0x44, 0xf2, 
	0x48, 0x0f, 0x44, 0xca, 
	0x48, 0x83, 0xc0, 0x01, 
	0x49, 0x83, 0xc1, 0xff, 
	0x48, 0x89, 0x75, 0xc8, 
	0x4c, 0x8b, 0x45, 0xd0, 
	0x48, 0x8b, 0x7d, 0xb0, 
	0x4c, 0x8b, 0x65, 0xc0, 
	0x4c, 0x8b, 0x5d, 0xa8, 
	0x49, 0xbe, 0x00, 0x26, 0x00, 0x00, 0x01, 0x00, 0x00, 0x00, 
	0x4c, 0x8b, 0x55, 0xb8, 
	0x4d, 0x85, 0xc9, 
	0x0f, 0x85, 0xa2, 0xfc, 0xff, 0xff, 
	0xe9, 0x3d, 0xfd, 0xff, 0xff, 
	
	0x4d, 0x85, 0xc9, 
	0x0f, 0x84, 0xe7, 0x10, 0x00, 0x00, 
	0x48, 0x8b, 0x4d, 0x88, 
	0x48, 0x01, 0xc1, 
	0x48, 0x8b, 0x75, 0xc8, 
	0x48, 0x83, 0xfe, 0xff, 
	0x48, 0x89, 0xf2, 
	0x48, 0x0f, 0x44, 0xf1, 
	0x48, 0x0f, 0x44, 0xd1, 
	0x48, 0x83, 0xc0, 0x01, 
	0x49, 0x83, 0xc1, 0xff, 
	0x48, 0x89, 0x75, 0xc8, 
	0x4c, 0x8b, 0x45, 0xd0, 
	0x48, 0x8b, 0x7d, 0xb0, 
	0x4c, 0x8b, 0x65, 0xc0, 
	0x4c, 0x8b, 0x5d, 0xa8, 
	0x49, 0xbe, 0x00, 0x26, 0x00, 0x00, 0x01, 0x00, 0x00, 0x00, 
	0x4c, 0x8b, 0x55, 0xb8, 
	0x4d, 0x85, 0xc9, 
	0x0f, 0x85, 0x17, 0xfe, 0xff, 0xff, 
	0xe9, 0xb2, 0xfe, 0xff, 0xff, 
	
	0x48, 0x83, 0x7d, 0xc8, 0xff, 
	0x0f, 0x85, 0x12, 0x00, 0x00, 0x00, 
	0x48, 0x89, 0xc1, 
	0x48, 0x2b, 0x4d, 0xc0, 
	0x48, 0x0f, 0xbc, 0xfe, 
	0x48, 0x01, 0xcf, 
	0x48, 0x89, 0x7d, 0xc8, 
	
	0x44, 0x89, 0xc1, 
	0xf7, 0xd1, 
	0x21, 0xf1, 
	0x41, 0x8d, 0x3c, 0x48, 
	0x8d, 0x1c, 0x09, 
	0xf7, 0xd3, 
	0x21, 0xf3, 
	0x81, 0xe3, 0xaa, 0xaa, 0xaa, 0xaa, 
	0x45, 0x31, 0xc0, 
	0x01, 0xcb, 
	0x41, 0x0f, 0x92, 0xc0, 
	0x01, 0xdb, 
	0x81, 0xf3, 0x55, 0x55, 0x55, 0x55, 
	0x21, 0xfb, 
	0xf7, 0xd3, 
	0x21, 0xda, 
	0x48, 0x8b, 0x7d, 0xb0, 
	0x4c, 0x8b, 0x65, 0xc0, 
	0x4c, 0x8b, 0x5d, 0xa8, 
	0x49, 0xbe, 0x00, 0x26, 0x00, 0x00, 0x01, 0x00, 0x00, 0x00, 
	0x4c, 0x8b, 0x55, 0xb8, 
	0x48, 0x85, 0xd2, 
	0x0f, 0x85, 0xd7, 0xf7, 0xff, 0xff, 
	
	0x48, 0x83, 0xc0, 0x20, 
	0x49, 0x83, 0xc1, 0xe0, 
	
	0x4d, 0x85, 0xc0, 
	0x0f, 0x85, 0x06, 0x01, 0x00, 0x00, 
	0x48, 0x8b, 0x55, 0xc8, 
	0x4d, 0x85, 0xc9, 
	0x0f, 0x84, 0x82, 0x00, 0x00, 0x00, 
	
	0x31, 0xf6, 
	
	0x0f, 0xb6, 0x0c, 0x30, 
	0x80, 0xf9, 0x22, 
	0x0f, 0x84, 0x6c, 0x00, 0x00, 0x00, 
	0x80, 0xf9, 0x5c, 
	0x0f, 0x84, 0x12, 0x00, 0x00, 0x00, 
	0x48, 0x83, 0xc6, 0x01, 
	0x49, 0x39, 0xf1, 
	0x0f, 0x85, 0xdd, 0xff, 0xff, 0xff, 
	0xe9, 0x64, 0x00, 0x00, 0x00, 
	
	0x49, 0x8d, 0x49, 0xff, 
	0x48, 0x39, 0xf1, 
	0x0f, 0x84, 0x37, 0x01, 0x00, 0x00, 
	0x48, 0x8b, 0x4d, 0x80, 
	0x48, 0x01, 0xc1, 
	0x48, 0x01, 0xf1, 
	0x48, 0x83, 0xfa, 0xff, 
	0x48, 0x8b, 0x7d, 0xc8, 
	0x48, 0x0f, 0x44, 0xf9, 
	0x48, 0x89, 0x7d, 0xc8, 
	0x48, 0x0f, 0x44, 0xd1, 
	0x48, 0x01, 0xf0, 
	0x48, 0x83, 0xc0, 0x02, 
	0x4c, 0x89, 0xc9, 
	0x48, 0x29, 0xf1, 
	0x48, 0x83, 0xc1, 0xfe, 
	0x49, 0x83, 0xc1, 0xfe, 
	0x49, 0x39, 0xf1, 
	0x49, 0x89, 0xc9, 
	0x0f, 0x85, 0x8a, 0xff, 0xff, 0xff, 
	0xe9, 0xf3, 0x00, 0x00, 0x00, 
	
	0x48, 0x01, 0xf0, 
	0x48, 0x83, 0xc0, 0x01, 
	
	0x4c, 0x8b, 0x65, 0xc0, 
	0x4c, 0x29, 0xe0, 
	0xe9, 0x03, 0xeb, 0xff, 0xff, 
	
	0x80, 0xf9, 0x22, 
	0x0f, 0x85, 0xd7, 0x00, 0x00, 0x00, 
	0x4c, 0x01, 0xc8, 
	0xe9, 0xe3, 0xff, 0xff, 0xff, 
	
	0x48, 0x83, 0x7d, 0xc8, 0xff, 
	0x0f, 0x85, 0x12, 0x00, 0x00, 0x00, 
	0x48, 0x89, 0xc1, 
	0x48, 0x2b, 0x4d, 0xc0, 
	0x48, 0x0f, 0xbc, 0xda, 
	0x48, 0x01, 0xcb, 
	0x48, 0x89, 0x5d, 0xc8, 
	
	0x44, 0x89, 0xc1, 
	0xf7, 0xd1, 
	0x21, 0xd1, 
	0x45, 0x8d, 0x0c, 0x48, 
	0x8d, 0x1c, 0x09, 
	0xf7, 0xd3, 
	0x21, 0xd3, 
	0x81, 0xe3, 0xaa, 0xaa, 0xaa, 0xaa, 
	0x45, 0x31, 0xc0, 
	0x01, 0xcb, 
	0x41, 0x0f, 0x92, 0xc0, 
	0x01, 0xdb, 
	0x81, 0xf3, 0x55, 0x55, 0x55, 0x55, 
	0x44, 0x21, 0xcb, 
	0xf7, 0xd3, 
	0x21, 0xde, 
	0x4c, 0x8b, 0x65, 0xc0, 
	0x4c, 0x8b, 0x55, 0xb8, 
	0xe9, 0x57, 0xf7, 0xff, 0xff, 
	
	0x4d, 0x85, 0xc9, 
	0x0f, 0x84, 0x6c, 0x00, 0x00, 0x00, 
	0x48, 0x8b, 0x4d, 0x88, 
	0x48, 0x01, 0xc1, 
	0x48, 0x8b, 0x75, 0xc8, 
	0x48, 0x83, 0xfe, 0xff, 
	0x48, 0x89, 0xf2, 
	0x48, 0x0f, 0x44, 0xf1, 
	0x48, 0x0f, 0x44, 0xd1, 
	0x48, 0x83, 0xc0, 0x01, 
	0x49, 0x83, 0xc1, 0xff, 
	0x48, 0x89, 0x75, 0xc8, 
	0x4d, 0x85, 0xc9, 
	0x0f, 0x85, 0xcf, 0xfe, 0xff, 0xff, 
	0xe9, 0x4c, 0xff, 0xff, 0xff, 
	
	0x4d, 0x85, 0xf6, 
	0x0f, 0x84, 0x2f, 0x00, 0x00, 0x00, 
	0x48, 0x8b, 0x4d, 0x88, 
	0x48, 0x01, 0xc1, 
	0x48, 0x8b, 0x75, 0xc8, 
	0x48, 0x83, 0xfe, 0xff, 
	0x48, 0x89, 0xf2, 
	0x48, 0x0f, 0x44, 0xf1, 
	0x48, 0x0f, 0x44, 0xd1, 
	0x48, 0x83, 0xc0, 0x01, 
	0x49, 0x83, 0xc6, 0xff, 
	0x48, 0x89, 0x75, 0xc8, 
	0x4d, 0x85, 0xf6, 
	0x0f, 0x85, 0xae, 0xf7, 0xff, 0xff, 
	
	0x4c, 0x8b, 0x45, 0xd0, 
	0xe9, 0x7a, 0x01, 0x00, 0x00, 
	
	0x49, 0x89, 0x18, 
	0x48, 0xc7, 0xc0, 0xff, 0xff, 0xff, 0xff, 
	0xe9, 0xe7, 0x0b, 0x00, 0x00, 
	
	0x49, 0x89, 0x30, 
	
	0x48, 0xc7, 0xc0, 0xff, 0xff, 0xff, 0xff, 
	0xe9, 0xd8, 0x0b, 0x00, 0x00, 
	
	0x4c, 0x01, 0xe3, 
	0x48, 0x89, 0xd8, 
	
	0x4c, 0x29, 0xe0, 
	0x48, 0x89, 0xc3, 
	
	0x48, 0xc7, 0xc0, 0xff, 0xff, 0xff, 0xff, 
	0x49, 0x89, 0xd9, 
	0x48, 0x39, 0xf3, 
	0x0f, 0x83, 0xb9, 0x0b, 0x00, 0x00, 
	
	0x49, 0x8d, 0x71, 0x01, 
	0x49, 0x89, 0x30, 
	0x43, 0x0f, 0xbe, 0x0c, 0x0c, 
	0x83, 0xf9, 0x7b, 
	0x0f, 0x87, 0x38, 0x01, 0x00, 0x00, 
	0x48, 0xc7, 0xc0, 0xff, 0xff, 0xff, 0xff, 
	0x48, 0x8d, 0x15, 0xa5, 0x0e, 0x00, 0x00, 
	0x48, 0x63, 0x0c, 0x8a, 
	0x48, 0x01, 0xd1, 
	0xff, 0xe1, 
	
	0x48, 0x8b, 0x47, 0x08, 
	0x48, 0x89, 0xc1, 
	0x48, 0x29, 0xf1, 
	0x48, 0x83, 0xf9, 0x10, 
	0x0f, 0x82, 0xb0, 0x0d, 0x00, 0x00, 
	0x4c, 0x89, 0xc9, 
	0x48, 0xf7, 0xd1, 
	0xf3, 0x0f, 0x6f, 0x05, 0x42, 0xd7, 0xff, 0xff, 
	0xf3, 0x0f, 0x6f, 0x0d, 0x4a, 0xd7, 0xff, 0xff, 
	0xf3, 0x0f, 0x6f, 0x15, 0x52, 0xd7, 0xff, 0xff, 
	0x90, 0x90, 
	
	0xf3, 0x41, 0x0f, 0x6f, 0x1c, 0x34, 
	0x66, 0x0f, 0x6f, 0xe3, 
	0x66, 0x0f, 0x74, 0xe0, 
	0x66, 0x0f, 0xdb, 0xd9, 
	0x66, 0x0f, 0x74, 0xda, 
	0x66, 0x0f, 0xeb, 0xdc, 
	0x66, 0x0f, 0xd7, 0xd3, 
	0x85, 0xd2, 
	0x0f, 0x85, 0x76, 0x00, 0x00, 0x00, 
	0x48, 0x83, 0xc6, 0x10, 
	0x48, 0x8d, 0x14, 0x08, 
	0x48, 0x83, 0xc2, 0xf0, 
	0x48, 0x83, 0xc1, 0xf0, 
	0x48, 0x83, 0xfa, 0x0f, 
	0x0f, 0x87, 0xc0, 0xff, 0xff, 0xff, 
	0x4c, 0x89, 0xe6, 
	0x48, 0x29, 0xce, 
	0x48, 0x01, 0xc8, 
	0x48, 0x89, 0xc1, 
	0x48, 0x85, 0xc9, 
	0x0f, 0x84, 0x35, 0x00, 0x00, 0x00, 
	
	0x48, 0x8d, 0x3c, 0x0e, 
	0x31, 0xc0, 
	
	0x0f, 0xb6, 0x14, 0x06, 
	0x80, 0xfa, 0x2c, 
	0x0f, 0x84, 0x81, 0x0b, 0x00, 0x00, 
	0x80, 0xfa, 0x7d, 
	0x0f, 0x84, 0x78, 0x0b, 0x00, 0x00, 
	0x80, 0xfa, 0x5d, 
	0x0f, 0x84, 0x6f, 0x0b, 0x00, 0x00, 
	0x48, 0x83, 0xc0, 0x01, 
	0x48, 0x39, 0xc1, 
	0x0f, 0x85, 0xd4, 0xff, 0xff, 0xff, 
	0x48, 0x89, 0xfe, 
	
	0x4c, 0x29, 0xe6, 
	0x48, 0x8b, 0x45, 0xd0, 
	0x48, 0x89, 0x30, 
	0x4c, 0x89, 0xc8, 
	0xe9, 0xbd, 0x0a, 0x00, 0x00, 
	
	0x66, 0x0f, 0xbc, 0xc2, 
	0x0f, 0xb7, 0xc0, 
	0x48, 0x29, 0xc8, 
	0x49, 0x89, 0x00, 
	0x4c, 0x89, 0xc8, 
	0xe9, 0xa8, 0x0a, 0x00, 0x00, 
	
	0x49, 0x8d, 0x49, 0x04, 
	0xe9, 0x9c, 0x05, 0x00, 0x00, 
	
	0x48, 0xc7, 0xc0, 0xf9, 0xff, 0xff, 0xff, 
	0xe9, 0x93, 0x0a, 0x00, 0x00, 
	
	0x48, 0x83, 0xc0, 0xff, 
	0xe9, 0x8a, 0x0a, 0x00, 0x00, 
	
	0x48, 0x83, 0xf8, 0xff, 
	0x48, 0x8b, 0x55, 0xc8, 
	0x0f, 0x85, 0x79, 0x0a, 0x00, 0x00, 
	
	0x48, 0xc7, 0xc0, 0xff, 0xff, 0xff, 0xff, 
	0x48, 0x8b, 0x55, 0xa0, 
	0xe9, 0x69, 0x0a, 0x00, 0x00, 
	
	0x4d, 0x89, 0x08, 
	0xe9, 0x3d, 0x0a, 0x00, 0x00, 
	
	0x4c, 0x8b, 0x47, 0x08, 
	0x4d, 0x89, 0xc6, 
	0x49, 0x29, 0xf6, 
	0x49, 0x83, 0xfe, 0x20, 
	0x0f, 0x8c, 0xa1, 0x0c, 0x00, 0x00, 
	0x4f, 0x8d, 0x14, 0x0c, 
	0x4d, 0x29, 0xc8, 
	0x41, 0xbf, 0x1f, 0x00, 0x00, 0x00, 
	0x45, 0x31, 0xf6, 
	0xf3, 0x0f, 0x6f, 0x05, 0x3f, 0xd6, 0xff, 0xff, 
	0xf3, 0x0f, 0x6f, 0x0d, 0x47, 0xd6, 0xff, 0xff, 
	0x45, 0x31, 0xdb, 
	0x90, 0x90, 0x90, 0x90, 
	
	0xf3, 0x43, 0x0f, 0x6f, 0x54, 0x32, 0x01, 
	0xf3, 0x43, 0x0f, 0x6f, 0x5c, 0x32, 0x11, 
	0x66, 0x0f, 0x6f, 0xe2, 
	0x66, 0x0f, 0x74, 0xe0, 
	0x66, 0x0f, 0xd7, 0xd4, 
	0x66, 0x0f, 0x6f, 0xe3, 
	0x66, 0x0f, 0x74, 0xe0, 
	0x66, 0x0f, 0xd7, 0xf4, 
	0x48, 0xc1, 0xe6, 0x10, 
	0x48, 0x09, 0xd6, 
	0x66, 0x0f, 0x74, 0xd1, 
	0x66, 0x0f, 0xd7, 0xca, 
	0x66, 0x0f, 0x74, 0xd9, 
	0x66, 0x0f, 0xd7, 0xd3, 
	0x48, 0xc1, 0xe2, 0x10, 
	0x48, 0x09, 0xca, 
	0x48, 0x89, 0xd1, 
	0x4c, 0x09, 0xd9, 
	0x0f, 0x84, 0x35, 0x00, 0x00, 0x00, 
	0x44, 0x89, 0xd9, 
	0xf7, 0xd1, 
	0x21, 0xd1, 
	0x8d, 0x1c, 0x09, 
	0x44, 0x09, 0xdb, 
	0x89, 0xdf, 
	0xf7, 0xd7, 
	0x21, 0xd7, 
	0x81, 0xe7, 0xaa, 0xaa, 0xaa, 0xaa, 
	0x45, 0x31, 0xdb, 
	0x01, 0xcf, 
	0x41, 0x0f, 0x92, 0xc3, 
	0x01, 0xff, 
	0x81, 0xf7, 0x55, 0x55, 0x55, 0x55, 
	0x21, 0xdf, 
	0xf7, 0xd7, 
	0x21, 0xfe, 
	0xe9, 0x03, 0x00, 0x00, 0x00, 
	
	0x45, 0x31, 0xdb, 
	
	0x48, 0x85, 0xf6, 
	0x0f, 0x85, 0x40, 0x09, 0x00, 0x00, 
	0x49, 0x83, 0xc6, 0x20, 
	0x4b, 0x8d, 0x0c, 0x38, 
	0x48, 0x83, 0xc1, 0xe0, 
	0x49, 0x83, 0xc7, 0xe0, 
	0x48, 0x83, 0xf9, 0x3f, 
	0x0f, 0x8f, 0x55, 0xff, 0xff, 0xff, 
	0x4d, 0x85, 0xdb, 
	0x0f, 0x85, 0x2e, 0x0c, 0x00, 0x00, 
	0x4b, 0x8d, 0x34, 0x16, 
	0x48, 0x83, 0xc6, 0x01, 
	0x49, 0xf7, 0xd6, 
	0x4d, 0x01, 0xc6, 
	
	0x4d, 0x85, 0xf6, 
	0x48, 0x8b, 0x55, 0xd0, 
	0x0f, 0x8f, 0x8b, 0x09, 0x00, 0x00, 
	0xe9, 0x55, 0x09, 0x00, 0x00, 
	
	0x49, 0xbf, 0x55, 0x55, 0x55, 0x55, 0x55, 0x55, 0x55, 0x55, 
	0x48, 0x8b, 0x4f, 0x08, 
	0x48, 0x29, 0xf1, 
	0x49, 0x01, 0xf4, 
	0x31, 0xdb, 
	0xf3, 0x44, 0x0f, 0x6f, 0x15, 0x4d, 0xd5, 0xff, 0xff, 
	0xf3, 0x0f, 0x6f, 0x0d, 0x35, 0xd5, 0xff, 0xff, 
	0x66, 0x45, 0x0f, 0x76, 0xc9, 
	0xf3, 0x0f, 0x6f, 0x1d, 0x68, 0xd5, 0xff, 0xff, 
	0xf3, 0x0f, 0x6f, 0x25, 0x10, 0xd5, 0xff, 0xff, 
	0x49, 0xbd, 0x33, 0x33, 0x33, 0x33, 0x33, 0x33, 0x33, 0x33, 
	0x66, 0x45, 0x0f, 0xef, 0xc0, 
	0x31, 0xd2, 
	0x45, 0x31, 0xf6, 
	0x45, 0x31, 0xd2, 
	0x48, 0x83, 0xf9, 0x40, 
	0x48, 0x89, 0x4d, 0xc0, 
	0x0f, 0x8c, 0x8c, 0x02, 0x00, 0x00, 
	
	0xf3, 0x41, 0x0f, 0x6f, 0x04, 0x24, 
	0xf3, 0x41, 0x0f, 0x6f, 0x6c, 0x24, 0x10, 
	0xf3, 0x41, 0x0f, 0x6f, 0x7c, 0x24, 0x20, 
	0xf3, 0x41, 0x0f, 0x6f, 0x74, 0x24, 0x30, 
	0x66, 0x0f, 0x6f, 0xd0, 
	0x66, 0x41, 0x0f, 0x74, 0xd2, 
	0x66, 0x0f, 0xd7, 0xf2, 
	0x66, 0x0f, 0x6f, 0xd5, 
	0x66, 0x41, 0x0f, 0x74, 0xd2, 
	0x66, 0x0f, 0xd7, 0xca, 
	0x66, 0x0f, 0x6f, 0xd7, 
	0x66, 0x41, 0x0f, 0x74, 0xd2, 
	0x66, 0x0f, 0xd7, 0xfa, 
	0x66, 0x0f, 0x6f, 0xd6, 
	0x66, 0x41, 0x0f, 0x74, 0xd2, 
	0x66, 0x44, 0x0f, 0xd7, 0xc2, 
	0x49, 0xc1, 0xe0, 0x30, 
	0x48, 0xc1, 0xe7, 0x20, 
	0x4c, 0x09, 0xc7, 
	0x48, 0xc1, 0xe1, 0x10, 
	0x48, 0x09, 0xf9, 
	0x48, 0x09, 0xce, 
	0x48, 0x89, 0xf1, 
	0x48, 0x09, 0xd1, 
	0x0f, 0x85, 0x12, 0x00, 0x00, 0x00, 
	0x48, 0xc7, 0xc6, 0xff, 0xff, 0xff, 0xff, 
	0x31, 0xc9, 
	0x48, 0x89, 0x4d, 0xb8, 
	0xe9, 0x44, 0x00, 0x00, 0x00, 
	
	0x48, 0x89, 0xd1, 
	0x48, 0xf7, 0xd1, 
	0x48, 0x21, 0xf1, 
	0x48, 0x8d, 0x3c, 0x09, 
	0x48, 0x09, 0xd7, 
	0x48, 0x89, 0xfa, 
	0x48, 0xf7, 0xd2, 
	0x49, 0x89, 0xd8, 
	0x48, 0xbb, 0xaa, 0xaa, 0xaa, 0xaa, 0xaa, 0xaa, 0xaa, 0xaa, 
	0x48, 0x21, 0xde, 
	0x4c, 0x89, 0xc3, 
	0x48, 0x21, 0xd6, 
	0x31, 0xd2, 
	0x48, 0x01, 0xce, 
	0x0f, 0x92, 0xc2, 
	0x48, 0x89, 0x55, 0xb8, 
	0x48, 0x01, 0xf6, 
	0x4c, 0x31, 0xfe, 
	0x48, 0x21, 0xfe, 
	0x48, 0xf7, 0xd6, 
	
	0x66, 0x0f, 0x6f, 0xd6, 
	0x66, 0x0f, 0x74, 0xd1, 
	0x66, 0x0f, 0xd7, 0xca, 
	0x48, 0xc1, 0xe1, 0x30, 
	0x66, 0x0f, 0x6f, 0xd7, 
	0x66, 0x0f, 0x74, 0xd1, 
	0x66, 0x0f, 0xd7, 0xfa, 
	0x48, 0xc1, 0xe7, 0x20, 
	0x48, 0x09, 0xcf, 
	0x66, 0x0f, 0x6f, 0xd5, 
	0x66, 0x0f, 0x74, 0xd1, 
	0x66, 0x0f, 0xd7, 0xca, 
	0x48, 0xc1, 0xe1, 0x10, 
	0x48, 0x09, 0xf9, 
	0x66, 0x0f, 0x6f, 0xd0, 
	0x66, 0x0f, 0x74, 0xd1, 
	0x66, 0x0f, 0xd7, 0xfa, 
	0x48, 0x09, 0xcf, 
	0x48, 0x21, 0xf7, 
	0x66, 0x48, 0x0f, 0x6e, 0xd7, 
	0x66, 0x41, 0x0f, 0x3a, 0x44, 0xd1, 0x00, 
	0x66, 0x49, 0x0f, 0x7e, 0xd3, 
	0x49, 0x31, 0xdb, 
	0x66, 0x0f, 0x6f, 0xd0, 
	0x66, 0x0f, 0x74, 0xd3, 
	0x66, 0x0f, 0xd7, 0xfa, 
	0x66, 0x0f, 0x6f, 0xd5, 
	0x66, 0x0f, 0x74, 0xd3, 
	0x66, 0x0f, 0xd7, 0xca, 
	0x66, 0x0f, 0x6f, 0xd7, 
	0x66, 0x0f, 0x74, 0xd3, 
	0x66, 0x0f, 0xd7, 0xd2, 
	0x66, 0x0f, 0x6f, 0xd6, 
	0x66, 0x0f, 0x74, 0xd3, 
	0x66, 0x0f, 0xd7, 0xda, 
	0x48, 0xc1, 0xe3, 0x30, 
	0x48, 0xc1, 0xe2, 0x20, 
	0x48, 0x09, 0xda, 
	0x48, 0xc1, 0xe1, 0x10, 
	0x48, 0x09, 0xd1, 
	0x48, 0x09, 0xcf, 
	0x4c, 0x89, 0xd9, 
	0x48, 0xf7, 0xd1, 
	0x48, 0x21, 0xcf, 
	0x66, 0x0f, 0x74, 0xc4, 
	0x66, 0x44, 0x0f, 0xd7, 0xc0, 
	0x66, 0x0f, 0x74, 0xec, 
	0x66, 0x0f, 0xd7, 0xd5, 
	0x66, 0x0f, 0x74, 0xfc, 
	0x66, 0x0f, 0xd7, 0xdf, 
	0x66, 0x0f, 0x74, 0xf4, 
	0x66, 0x44, 0x0f, 0xd7, 0xfe, 
	0x49, 0xc1, 0xe7, 0x30, 
	0x48, 0xc1, 0xe3, 0x20, 
	0x4c, 0x09, 0xfb, 
	0x48, 0xc1, 0xe2, 0x10, 
	0x48, 0x09, 0xda, 
	0x49, 0x09, 0xd0, 
	0x48, 0xbe, 0x0f, 0x0f, 0x0f, 0x0f, 0x0f, 0x0f, 0x0f, 0x0f, 
	0x49, 0xbf, 0x55, 0x55, 0x55, 0x55, 0x55, 0x55, 0x55, 0x55, 
	0x49, 0x21, 0xc8, 
	0x0f, 0x84, 0x64, 0x00, 0x00, 0x00, 
	0x90, 0x90, 0x90, 0x90, 0x90, 0x90, 
	
	0x49, 0x8d, 0x48, 0xff, 
	0x48, 0x89, 0xca, 
	0x48, 0x21, 0xfa, 
	0x48, 0x89, 0xd3, 
	0x48, 0xd1, 0xeb, 
	0x4c, 0x21, 0xfb, 
	0x48, 0x29, 0xda, 
	0x48, 0x89, 0xd3, 
	0x4c, 0x21, 0xeb, 
	0x48, 0xc1, 0xea, 0x02, 
	0x4c, 0x21, 0xea, 
	0x48, 0x01, 0xda, 
	0x48, 0x89, 0xd3, 
	0x48, 0xc1, 0xeb, 0x04, 
	0x48, 0x01, 0xd3, 
	0x48, 0x21, 0xf3, 
	0x48, 0xba, 0x01, 0x01, 0x01, 0x01, 0x01, 0x01, 0x01, 0x01, 
	0x48, 0x0f, 0xaf, 0xda, 
	0x48, 0xc1, 0xeb, 0x38, 
	0x4c, 0x01, 0xf3, 
	0x4c, 0x39, 0xd3, 
	0x0f, 0x86, 0x41, 0x06, 0x00, 0x00, 
	0x49, 0x83, 0xc2, 0x01, 
	0x49, 0x21, 0xc8, 
	0x0f, 0x85, 0xa2, 0xff, 0xff, 0xff, 
	
	0x49, 0xc1, 0xfb, 0x3f, 
	0x48, 0x89, 0xf9, 
	0x48, 0xd1, 0xe9, 
	0x4c, 0x21, 0xf9, 
	0x48, 0x29, 0xcf, 
	0x48, 0x89, 0xf9, 
	0x4c, 0x21, 0xe9, 
	0x48, 0xc1, 0xef, 0x02, 
	0x4c, 0x21, 0xef, 
	0x48, 0x01, 0xcf, 
	0x48, 0x89, 0xf9, 
	0x48, 0xc1, 0xe9, 0x04, 
	0x48, 0x01, 0xf9, 
	0x48, 0x21, 0xf1, 
	0x48, 0xba, 0x01, 0x01, 0x01, 0x01, 0x01, 0x01, 0x01, 0x01, 
	0x48, 0x0f, 0xaf, 0xca, 
	0x48, 0xc1, 0xe9, 0x38, 
	0x49, 0x01, 0xce, 
	0x49, 0x83, 0xc4, 0x40, 
	0x48, 0x8b, 0x4d, 0xc0, 
	0x48, 0x83, 0xc1, 0xc0, 
	0x4c, 0x89, 0xdb, 
	0x48, 0x8b, 0x55, 0xb8, 
	0x48, 0x83, 0xf9, 0x40, 
	0x48, 0x89, 0x4d, 0xc0, 
	0x0f, 0x8d, 0x74, 0xfd, 0xff, 0xff, 
	
	0x48, 0x85, 0xc9, 
	0x0f, 0x8e, 0xc6, 0x08, 0x00, 0x00, 
	0xf3, 0x44, 0x0f, 0x7f, 0x85, 0x50, 0xff, 0xff, 0xff, 
	0xf3, 0x44, 0x0f, 0x7f, 0x85, 0x40, 0xff, 0xff, 0xff, 
	0xf3, 0x44, 0x0f, 0x7f, 0x85, 0x30, 0xff, 0xff, 0xff, 
	0xf3, 0x44, 0x0f, 0x7f, 0x85, 0x20, 0xff, 0xff, 0xff, 
	0x44, 0x89, 0xe1, 
	0x81, 0xe1, 0xff, 0x0f, 0x00, 0x00, 
	0x81, 0xf9, 0xc1, 0x0f, 0x00, 0x00, 
	0x0f, 0x82, 0x3e, 0x00, 0x00, 0x00, 
	0x48, 0x83, 0x7d, 0xc0, 0x20, 
	0x0f, 0x82, 0x42, 0x00, 0x00, 0x00, 
	0x41, 0x0f, 0x10, 0x04, 0x24, 
	0x0f, 0x11, 0x85, 0x20, 0xff, 0xff, 0xff, 
	0xf3, 0x41, 0x0f, 0x6f, 0x44, 0x24, 0x10, 
	0xf3, 0x0f, 0x7f, 0x85, 0x30, 0xff, 0xff, 0xff, 
	0x49, 0x83, 0xc4, 0x20, 
	0x48, 0x8b, 0x4d, 0xc0, 
	0x48, 0x8d, 0x71, 0xe0, 
	0x48, 0x8d, 0xbd, 0x40, 0xff, 0xff, 0xff, 
	0xe9, 0x1a, 0x00, 0x00, 0x00, 
	
	0x49, 0xbf, 0x55, 0x55, 0x55, 0x55, 0x55, 0x55, 0x55, 0x55, 
	0xe9, 0xe5, 0xfc, 0xff, 0xff, 
	
	0x48, 0x8d, 0xbd, 0x20, 0xff, 0xff, 0xff, 
	0x48, 0x8b, 0x75, 0xc0, 
	
	0x48, 0x83, 0xfe, 0x10, 
	0x0f, 0x82, 0x4b, 0x00, 0x00, 0x00, 
	0xf3, 0x41, 0x0f, 0x6f, 0x04, 0x24, 
	0xf3, 0x0f, 0x7f, 0x07, 
	0x49, 0x83, 0xc4, 0x10, 
	0x48, 0x83, 0xc7, 0x10, 
	0x48, 0x83, 0xc6, 0xf0, 
	0x48, 0x83, 0xfe, 0x08, 
	0x0f, 0x83, 0x35, 0x00, 0x00, 0x00, 
	
	0x48, 0x83, 0xfe, 0x04, 
	0x0f, 0x8c, 0x48, 0x00, 0x00, 0x00, 
	
	0x41, 0x8b, 0x0c, 0x24, 
	0x89, 0x0f, 
	0x49, 0x83, 0xc4, 0x04, 
	0x48, 0x83, 0xc7, 0x04, 
	0x48, 0x83, 0xc6, 0xfc, 
	0x48, 0x83, 0xfe, 0x02, 
	0x0f, 0x83, 0x36, 0x00, 0x00, 0x00, 
	0xe9, 0x45, 0x00, 0x00, 0x00, 
	
	0x48, 0x83, 0xfe, 0x08, 
	0x0f, 0x82, 0xcb, 0xff, 0xff, 0xff, 
	
	0x49, 0x8b, 0x0c, 0x24, 
	0x48, 0x89, 0x0f, 
	0x49, 0x83, 0xc4, 0x08, 
	0x48, 0x83, 0xc7, 0x08, 
	0x48, 0x83, 0xc6, 0xf8, 
	0x48, 0x83, 0xfe, 0x04, 
	0x0f, 0x8d, 0xb8, 0xff, 0xff, 0xff, 
	
	0x48, 0x83, 0xfe, 0x02, 
	0x0f, 0x82, 0x14, 0x00, 0x00, 0x00, 
	
	0x41, 0x0f, 0xb7, 0x0c, 0x24, 
	0x66, 0x89, 0x0f, 
	0x49, 0x83, 0xc4, 0x02, 
	0x48, 0x83, 0xc7, 0x02, 
	0x48, 0x83, 0xc6, 0xfe, 
	
	0x4c, 0x89, 0xe1, 
	0x4c, 0x8d, 0xa5, 0x20, 0xff, 0xff, 0xff, 
	0x48, 0x85, 0xf6, 
	0x49, 0xbf, 0x55, 0x55, 0x55, 0x55, 0x55, 0x55, 0x55, 0x55, 
	0x0f, 0x84, 0x23, 0xfc, 0xff, 0xff, 
	0x8a, 0x09, 
	0x88, 0x0f, 
	0x4c, 0x8d, 0xa5, 0x20, 0xff, 0xff, 0xff, 
	0xe9, 0x13, 0xfc, 0xff, 0xff, 
	
	0x49, 0x8d, 0x49, 0x05, 
	
	0x48, 0x3b, 0x4f, 0x08, 
	0x0f, 0x87, 0xf9, 0x04, 0x00, 0x00, 
	0x49, 0x89, 0x08, 
	0x4c, 0x89, 0xc8, 
	0xe9, 0xee, 0x04, 0x00, 0x00, 
	
	0x49, 0xbf, 0x55, 0x55, 0x55, 0x55, 0x55, 0x55, 0x55, 0x55, 
	0x48, 0x8b, 0x4f, 0x08, 
	0x48, 0x29, 0xf1, 
	0x49, 0x01, 0xf4, 
	0x31, 0xdb, 
	0xf3, 0x44, 0x0f, 0x6f, 0x15, 0xe6, 0xd0, 0xff, 0xff, 
	0xf3, 0x0f, 0x6f, 0x0d, 0xce, 0xd0, 0xff, 0xff, 
	0x66, 0x45, 0x0f, 0x76, 0xc9, 
	0xf3, 0x0f, 0x6f, 0x1d, 0xe1, 0xd0, 0xff, 0xff, 
	0xf3, 0x0f, 0x6f, 0x25, 0xe9, 0xd0, 0xff, 0xff, 
	0x49, 0xbd, 0x33, 0x33, 0x33, 0x33, 0x33, 0x33, 0x33, 0x33, 
	0x66, 0x45, 0x0f, 0xef, 0xc0, 
	0x31, 0xd2, 
	0x45, 0x31, 0xf6, 
	0x45, 0x31, 0xd2, 
	0x48, 0x83, 0xf9, 0x40, 
	0x48, 0x89, 0x4d, 0xc0, 
	0x0f, 0x8c, 0x95, 0x02, 0x00, 0x00, 
	
	0xf3, 0x41, 0x0f, 0x6f, 0x04, 0x24, 
	0xf3, 0x41, 0x0f, 0x6f, 0x6c, 0x24, 0x10, 
	0xf3, 0x41, 0x0f, 0x6f, 0x7c, 0x24, 0x20, 
	0xf3, 0x41, 0x0f, 0x6f, 0x74, 0x24, 0x30, 
	0x66, 0x0f, 0x6f, 0xd0, 
	0x66, 0x41, 0x0f, 0x74, 0xd2, 
	0x66, 0x0f, 0xd7, 0xf2, 
	0x66, 0x0f, 0x6f, 0xd5, 
	0x66, 0x41, 0x0f, 0x74, 0xd2, 
	0x66, 0x0f, 0xd7, 0xca, 
	0x66, 0x0f, 0x6f, 0xd7, 
	0x66, 0x41, 0x0f, 0x74, 0xd2, 
	0x66, 0x0f, 0xd7, 0xfa, 
	0x66, 0x0f, 0x6f, 0xd6, 
	0x66, 0x41, 0x0f, 0x74, 0xd2, 
	0x66, 0x44, 0x0f, 0xd7, 0xc2, 
	0x49, 0xc1, 0xe0, 0x30, 
	0x48, 0xc1, 0xe7, 0x20, 
	0x4c, 0x09, 0xc7, 
	0x48, 0xc1, 0xe1, 0x10, 
	0x48, 0x09, 0xf9, 
	0x48, 0x09, 0xce, 
	0x48, 0x89, 0xf1, 
	0x48, 0x09, 0xd1, 
	0x0f, 0x85, 0x12, 0x00, 0x00, 0x00, 
	0x48, 0xc7, 0xc6, 0xff, 0xff, 0xff, 0xff, 
	0x31, 0xc9, 
	0x48, 0x89, 0x4d, 0xb8, 
	0xe9, 0x44, 0x00, 0x00, 0x00, 
	
	0x48, 0x89, 0xd1, 
	0x48, 0xf7, 0xd1, 
	0x48, 0x21, 0xf1, 
	0x48, 0x8d, 0x3c, 0x09, 
	0x48, 0x09, 0xd7, 
	0x48, 0x89, 0xfa, 
	0x48, 0xf7, 0xd2, 
	0x49, 0x89, 0xd8, 
	0x48, 0xbb, 0xaa, 0xaa, 0xaa, 0xaa, 0xaa, 0xaa, 0xaa, 0xaa, 
	0x48, 0x21, 0xde, 
	0x4c, 0x89, 0xc3, 
	0x48, 0x21, 0xd6, 
	0x31, 0xd2, 
	0x48, 0x01, 0xce, 
	0x0f, 0x92, 0xc2, 
	0x48, 0x89, 0x55, 0xb8, 
	0x48, 0x01, 0xf6, 
	0x4c, 0x31, 0xfe, 
	0x48, 0x21, 0xfe, 
	0x48, 0xf7, 0xd6, 
	
	0x66, 0x0f, 0x6f, 0xd6, 
	0x66, 0x0f, 0x74, 0xd1, 
	0x66, 0x0f, 0xd7, 0xca, 
	0x48, 0xc1, 0xe1, 0x30, 
	0x66, 0x0f, 0x6f, 0xd7, 
	0x66, 0x0f, 0x74, 0xd1, 
	0x66, 0x0f, 0xd7, 0xfa, 
	0x48, 0xc1, 0xe7, 0x20, 
	0x48, 0x09, 0xcf, 
	0x66, 0x0f, 0x6f, 0xd5, 
	0x66, 0x0f, 0x74, 0xd1, 
	0x66, 0x0f, 0xd7, 0xca, 
	0x48, 0xc1, 0xe1, 0x10, 
	0x48, 0x09, 0xf9, 
	0x66, 0x0f, 0x6f, 0xd0, 
	0x66, 0x0f, 0x74, 0xd1, 
	0x66, 0x0f, 0xd7, 0xfa, 
	0x48, 0x09, 0xcf, 
	0x48, 0x21, 0xf7, 
	0x66, 0x48, 0x0f, 0x6e, 0xd7, 
	0x66, 0x41, 0x0f, 0x3a, 0x44, 0xd1, 0x00, 
	0x66, 0x49, 0x0f, 0x7e, 0xd3, 
	0x49, 0x31, 0xdb, 
	0x66, 0x0f, 0x6f, 0xd0, 
	0x66, 0x0f, 0x74, 0xd3, 
	0x66, 0x0f, 0xd7, 0xfa, 
	0x66, 0x0f, 0x6f, 0xd5, 
	0x66, 0x0f, 0x74, 0xd3, 
	0x66, 0x0f, 0xd7, 0xca, 
	0x66, 0x0f, 0x6f, 0xd7, 
	0x66, 0x0f, 0x74, 0xd3, 
	0x66, 0x0f, 0xd7, 0xd2, 
	0x66, 0x0f, 0x6f, 0xd6, 
	0x66, 0x0f, 0x74, 0xd3, 
	0x66, 0x0f, 0xd7, 0xda, 
	0x48, 0xc1, 0xe3, 0x30, 
	0x48, 0xc1, 0xe2, 0x20, 
	0x48, 0x09, 0xda, 
	0x48, 0xc1, 0xe1, 0x10, 
	0x48, 0x09, 0xd1, 
	0x48, 0x09, 0xcf, 
	0x4c, 0x89, 0xd9, 
	0x48, 0xf7, 0xd1, 
	0x48, 0x21, 0xcf, 
	0x66, 0x0f, 0x74, 0xc4, 
	0x66, 0x44, 0x0f, 0xd7, 0xc0, 
	0x66, 0x0f, 0x74, 0xec, 
	0x66, 0x0f, 0xd7, 0xd5, 
	0x66, 0x0f, 0x74, 0xfc, 
	0x66, 0x0f, 0xd7, 0xdf, 
	0x66, 0x0f, 0x74, 0xf4, 
	0x66, 0x44, 0x0f, 0xd7, 0xfe, 
	0x49, 0xc1, 0xe7, 0x30, 
	0x48, 0xc1, 0xe3, 0x20, 
	0x4c, 0x09, 0xfb, 
	0x48, 0xc1, 0xe2, 0x10, 
	0x48, 0x09, 0xda, 
	0x49, 0x09, 0xd0, 
	0x48, 0xbe, 0x0f, 0x0f, 0x0f, 0x0f, 0x0f, 0x0f, 0x0f, 0x0f, 
	0x49, 0xbf, 0x55, 0x55, 0x55, 0x55, 0x55, 0x55, 0x55, 0x55, 
	0x49, 0x21, 0xc8, 
	0x0f, 0x84, 0x6d, 0x00, 0x00, 0x00, 
	0x90, 0x90, 0x90, 0x90, 0x90, 0x90, 0x90, 0x90, 0x90, 0x90, 0x90, 0x90, 0x90, 0x90, 0x90, 
	
	0x49, 0x8d, 0x48, 0xff, 
	0x48, 0x89, 0xca, 
	0x48, 0x21, 0xfa, 
	0x48, 0x89, 0xd3, 
	0x48, 0xd1, 0xeb, 
	0x4c, 0x21, 0xfb, 
	0x48, 0x29, 0xda, 
	0x48, 0x89, 0xd3, 
	0x4c, 0x21, 0xeb, 
	0x48, 0xc1, 0xea, 0x02, 
	0x4c, 0x21, 0xea, 
	0x48, 0x01, 0xda, 
	0x48, 0x89, 0xd3, 
	0x48, 0xc1, 0xeb, 0x04, 
	0x48, 0x01, 0xd3, 
	0x48, 0x21, 0xf3, 
	0x48, 0xba, 0x01, 0x01, 0x01, 0x01, 0x01, 0x01, 0x01, 0x01, 
	0x48, 0x0f, 0xaf, 0xda, 
	0x48, 0xc1, 0xeb, 0x38, 
	0x4c, 0x01, 0xf3, 
	0x4c, 0x39, 0xd3, 
	0x0f, 0x86, 0xd1, 0x01, 0x00, 0x00, 
	0x49, 0x83, 0xc2, 0x01, 
	0x49, 0x21, 0xc8, 
	0x0f, 0x85, 0xa2, 0xff, 0xff, 0xff, 
	
	0x49, 0xc1, 0xfb, 0x3f, 
	0x48, 0x89, 0xf9, 
	0x48, 0xd1, 0xe9, 
	0x4c, 0x21, 0xf9, 
	0x48, 0x29, 0xcf, 
	0x48, 0x89, 0xf9, 
	0x4c, 0x21, 0xe9, 
	0x48, 0xc1, 0xef, 0x02, 
	0x4c, 0x21, 0xef, 
	0x48, 0x01, 0xcf, 
	0x48, 0x89, 0xf9, 
	0x48, 0xc1, 0xe9, 0x04, 
	0x48, 0x01, 0xf9, 
	0x48, 0x21, 0xf1, 
	0x48, 0xba, 0x01, 0x01, 0x01, 0x01, 0x01, 0x01, 0x01, 0x01, 
	0x48, 0x0f, 0xaf, 0xca, 
	0x48, 0xc1, 0xe9, 0x38, 
	0x49, 0x01, 0xce, 
	0x49, 0x83, 0xc4, 0x40, 
	0x48, 0x8b, 0x4d, 0xc0, 
	0x48, 0x83, 0xc1, 0xc0, 
	0x4c, 0x89, 0xdb, 
	0x48, 0x8b, 0x55, 0xb8, 
	0x48, 0x83, 0xf9, 0x40, 
	0x48, 0x89, 0x4d, 0xc0, 
	0x0f, 0x8d, 0x6b, 0xfd, 0xff, 0xff, 
	
	0x48, 0x85, 0xc9, 
	0x0f, 0x8e, 0x56, 0x04, 0x00, 0x00, 
	0xf3, 0x44, 0x0f, 0x7f, 0x85, 0x50, 0xff, 0xff, 0xff, 
	0xf3, 0x44, 0x0f, 0x7f, 0x85, 0x40, 0xff, 0xff, 0xff, 
	0xf3, 0x44, 0x0f, 0x7f, 0x85, 0x30, 0xff, 0xff, 0xff, 
	0xf3, 0x44, 0x0f, 0x7f, 0x85, 0x20, 0xff, 0xff, 0xff, 
	0x44, 0x89, 0xe1, 
	0x81, 0xe1, 0xff, 0x0f, 0x00, 0x00, 
	0x81, 0xf9, 0xc1, 0x0f, 0x00, 0x00, 
	0x0f, 0x82, 0x3e, 0x00, 0x00, 0x00, 
	0x48, 0x83, 0x7d, 0xc0, 0x20, 
	0x0f, 0x82, 0x42, 0x00, 0x00, 0x00, 
	0x41, 0x0f, 0x10, 0x04, 0x24, 
	0x0f, 0x11, 0x85, 0x20, 0xff, 0xff, 0xff, 
	0xf3, 0x41, 0x0f, 0x6f, 0x44, 0x24, 0x10, 
	0xf3, 0x0f, 0x7f, 0x85, 0x30, 0xff, 0xff, 0xff, 
	0x49, 0x83, 0xc4, 0x20, 
	0x48, 0x8b, 0x4d, 0xc0, 
	0x48, 0x8d, 0x71, 0xe0, 
	0x48, 0x8d, 0xbd, 0x40, 0xff, 0xff, 0xff, 
	0xe9, 0x1a, 0x00, 0x00, 0x00, 
	
	0x49, 0xbf, 0x55, 0x55, 0x55, 0x55, 0x55, 0x55, 0x55, 0x55, 
	0xe9, 0xdc, 0xfc, 0xff, 0xff, 
	
	0x48, 0x8d, 0xbd, 0x20, 0xff, 0xff, 0xff, 
	0x48, 0x8b, 0x75, 0xc0, 
	
	0x48, 0x83, 0xfe, 0x10, 
	0x0f, 0x82, 0x4b, 0x00, 0x00, 0x00, 
	0xf3, 0x41, 0x0f, 0x6f, 0x04, 0x24, 
	0xf3, 0x0f, 0x7f, 0x07, 
	0x49, 0x83, 0xc4, 0x10, 
	0x48, 0x83, 0xc7, 0x10, 
	0x48, 0x83, 0xc6, 0xf0, 
	0x48, 0x83, 0xfe, 0x08, 
	0x0f, 0x83, 0x35, 0x00, 0x00, 0x00, 
	
	0x48, 0x83, 0xfe, 0x04, 
	0x0f, 0x8c, 0x48, 0x00, 0x00, 0x00, 
	
	0x41, 0x8b, 0x0c, 0x24, 
	0x89, 0x0f, 
	0x49, 0x83, 0xc4, 0x04, 
	0x48, 0x83, 0xc7, 0x04, 
	0x48, 0x83, 0xc6, 0xfc, 
	0x48, 0x83, 0xfe, 0x02, 
	0x0f, 0x83, 0x36, 0x00, 0x00, 0x00, 
	0xe9, 0x45, 0x00, 0x00, 0x00, 
	
	0x48, 0x83, 0xfe, 0x08, 
	0x0f, 0x82, 0xcb, 0xff, 0xff, 0xff, 
	
	0x49, 0x8b, 0x0c, 0x24, 
	0x48, 0x89, 0x0f, 
	0x49, 0x83, 0xc4, 0x08, 
	0x48, 0x83, 0xc7, 0x08, 
	0x48, 0x83, 0xc6, 0xf8, 
	0x48, 0x83, 0xfe, 0x04, 
	0x0f, 0x8d, 0xb8, 0xff, 0xff, 0xff, 
	
	0x48, 0x83, 0xfe, 0x02, 
	0x0f, 0x82, 0x14, 0x00, 0x00, 0x00, 
	
	0x41, 0x0f, 0xb7, 0x0c, 0x24, 
	0x66, 0x89, 0x0f, 
	0x49, 0x83, 0xc4, 0x02, 
	0x48, 0x83, 0xc7, 0x02, 
	0x48, 0x83, 0xc6, 0xfe, 
	
	0x4c, 0x89, 0xe1, 
	0x4c, 0x8d, 0xa5, 0x20, 0xff, 0xff, 0xff, 
	0x48, 0x85, 0xf6, 
	0x49, 0xbf, 0x55, 0x55, 0x55, 0x55, 0x55, 0x55, 0x55, 0x55, 
	0x0f, 0x84, 0x1a, 0xfc, 0xff, 0xff, 
	0x8a, 0x09, 
	0x88, 0x0f, 
	0x4c, 0x8d, 0xa5, 0x20, 0xff, 0xff, 0xff, 
	0xe9, 0x0a, 0xfc, 0xff, 0xff, 
	
	0x48, 0x8b, 0x75, 0xb0, 
	0x48, 0x8b, 0x46, 0x08, 
	0x49, 0x0f, 0xbc, 0xc8, 
	0x48, 0x2b, 0x4d, 0xc0, 
	0x48, 0x01, 0xc8, 
	0x48, 0x83, 0xc0, 0x01, 
	0x48, 0x8b, 0x55, 0xd0, 
	0x48, 0x89, 0x02, 
	0x48, 0x8b, 0x4e, 0x08, 
	0x48, 0x39, 0xc8, 
	0x48, 0x0f, 0x47, 0xc1, 
	0x48, 0x89, 0x02, 
	0x48, 0xc7, 0xc0, 0xff, 0xff, 0xff, 0xff, 
	0x4c, 0x0f, 0x47, 0xc8, 
	0x4c, 0x89, 0xc8, 
	0xe9, 0x58, 0x00, 0x00, 0x00, 
	
	0x0f, 0xbc, 0xc6, 
	0x4c, 0x01, 0xc8, 
	0x4c, 0x01, 0xf0, 
	0x48, 0x83, 0xc0, 0x02, 
	0x48, 0x8b, 0x4d, 0xd0, 
	0x48, 0x89, 0x01, 
	0x4c, 0x89, 0xc8, 
	0xe9, 0x3c, 0x00, 0x00, 0x00, 
	
	0x49, 0xc7, 0xc5, 0xff, 0xff, 0xff, 0xff, 
	
	0x4d, 0x29, 0xe9, 
	0x49, 0x83, 0xc1, 0xfe, 
	0x48, 0x8b, 0x45, 0xd0, 
	0x4c, 0x89, 0x08, 
	
	0x48, 0xc7, 0xc0, 0xfe, 0xff, 0xff, 0xff, 
	0xe9, 0x1b, 0x00, 0x00, 0x00, 
	
	0x48, 0x83, 0xf8, 0xff, 
	0x48, 0x8b, 0x55, 0xc8, 
	0x0f, 0x85, 0x0a, 0x00, 0x00, 0x00, 
	
	0x48, 0xc7, 0xc0, 0xff, 0xff, 0xff, 0xff, 
	0x4c, 0x89, 0xea, 
	
	0x49, 0x89, 0x10, 
	
	0x48, 0x81, 0xc4, 0xb8, 0x00, 0x00, 0x00, 
	0x5b, 
	0x41, 0x5c, 
	0x41, 0x5d, 
	0x41, 0x5e, 
	0x41, 0x5f, 
	0x5d, 
	0xc3, 
	
	0x48, 0xc7, 0xc1, 0xfe, 0xff, 0xff, 0xff, 
	0xb8, 0x02, 0x00, 0x00, 0x00, 
	0x48, 0x01, 0xc6, 
	0x48, 0xc7, 0xc0, 0xff, 0xff, 0xff, 0xff, 
	0x49, 0x01, 0xce, 
	0x0f, 0x8e, 0xcf, 0xff, 0xff, 0xff, 
	
	0x0f, 0xb6, 0x06, 
	0x3c, 0x5c, 
	0x0f, 0x84, 0xd6, 0xff, 0xff, 0xff, 
	0x3c, 0x22, 
	0x0f, 0x84, 0xc3, 0x01, 0x00, 0x00, 
	0x48, 0xc7, 0xc1, 0xff, 0xff, 0xff, 0xff, 
	0xb8, 0x01, 0x00, 0x00, 0x00, 
	0x48, 0x01, 0xc6, 
	0x48, 0xc7, 0xc0, 0xff, 0xff, 0xff, 0xff, 
	0x49, 0x01, 0xce, 
	0x0f, 0x8f, 0xce, 0xff, 0xff, 0xff, 
	0xe9, 0x98, 0xff, 0xff, 0xff, 
	
	0x48, 0x8b, 0x55, 0xc8, 
	0x48, 0x83, 0xfa, 0xff, 
	0x0f, 0x85, 0x07, 0x00, 0x00, 0x00, 
	0x48, 0x0f, 0xbc, 0xd6, 
	
	0x48, 0x01, 0xc2, 
	
	0x48, 0xc7, 0xc0, 0xfe, 0xff, 0xff, 0xff, 
	0x4c, 0x8b, 0x45, 0xd0, 
	0x49, 0x89, 0x10, 
	0xe9, 0x70, 0xff, 0xff, 0xff, 
	
	0x4c, 0x29, 0xe6, 
	0x48, 0x01, 0xc6, 
	0x49, 0x89, 0x30, 
	0x4c, 0x89, 0xc8, 
	0xe9, 0x5f, 0xff, 0xff, 0xff, 
	
	0x48, 0x8b, 0x55, 0xc8, 
	0x48, 0x83, 0xfa, 0xff, 
	0x0f, 0x84, 0x2b, 0x01, 0x00, 0x00, 
	0x48, 0xc7, 0xc0, 0xfe, 0xff, 0xff, 0xff, 
	0x49, 0x89, 0x10, 
	0xe9, 0x42, 0xff, 0xff, 0xff, 
	
	0x49, 0xc7, 0xc6, 0xff, 0xff, 0xff, 0xff, 
	
	0x49, 0xf7, 0xd6, 
	0x4c, 0x01, 0xf0, 
	0x48, 0x8b, 0x4d, 0xd0, 
	0x48, 0x89, 0x01, 
	0xe9, 0x02, 0xff, 0xff, 0xff, 
	
	0x48, 0xc7, 0xc0, 0xfe, 0xff, 0xff, 0xff, 
	0x80, 0xfa, 0x61, 
	0x0f, 0x85, 0x19, 0xff, 0xff, 0xff, 
	0x48, 0x8d, 0x51, 0x01, 
	0x49, 0x89, 0x10, 
	0x41, 0x80, 0x7c, 0x0c, 0x01, 0x6c, 
	0x0f, 0x85, 0x06, 0xff, 0xff, 0xff, 
	0x48, 0x8d, 0x51, 0x02, 
	0x49, 0x89, 0x10, 
	0x41, 0x80, 0x7c, 0x0c, 0x02, 0x73, 
	0x0f, 0x85, 0xf3, 0xfe, 0xff, 0xff, 
	0x48, 0x8d, 0x51, 0x03, 
	0x49, 0x89, 0x10, 
	0x41, 0x80, 0x7c, 0x0c, 0x03, 0x65, 
	0x0f, 0x85, 0xe0, 0xfe, 0xff, 0xff, 
	0x48, 0x83, 0xc1, 0x04, 
	0x49, 0x89, 0x08, 
	0xe9, 0xd4, 0xfe, 0xff, 0xff, 
	
	0x49, 0x89, 0x00, 
	0x41, 0x80, 0x3c, 0x04, 0x6e, 
	0x0f, 0x85, 0x9f, 0xfe, 0xff, 0xff, 
	0x49, 0x89, 0x08, 
	0x41, 0x80, 0x3c, 0x0c, 0x75, 
	0x0f, 0x85, 0x91, 0xfe, 0xff, 0xff, 
	0x48, 0x8d, 0x41, 0x01, 
	0x49, 0x89, 0x00, 
	0x41, 0x80, 0x7c, 0x0c, 0x01, 0x6c, 
	0x0f, 0x85, 0x7e, 0xfe, 0xff, 0xff, 
	0x48, 0x8d, 0x41, 0x02, 
	0x49, 0x89, 0x00, 
	0x41, 0x80, 0x7c, 0x0c, 0x02, 0x6c, 
	0x0f, 0x85, 0x6b, 0xfe, 0xff, 0xff, 
	0xe9, 0x42, 0x00, 0x00, 0x00, 
	
	0x49, 0x89, 0x00, 
	0x41, 0x80, 0x3c, 0x04, 0x74, 
	0x0f, 0x85, 0x58, 0xfe, 0xff, 0xff, 
	0x49, 0x89, 0x08, 
	0x41, 0x80, 0x3c, 0x0c, 0x72, 
	0x0f, 0x85, 0x4a, 0xfe, 0xff, 0xff, 
	0x48, 0x8d, 0x41, 0x01, 
	0x49, 0x89, 0x00, 
	0x41, 0x80, 0x7c, 0x0c, 0x01, 0x75, 
	0x0f, 0x85, 0x37, 0xfe, 0xff, 0xff, 
	0x48, 0x8d, 0x41, 0x02, 
	0x49, 0x89, 0x00, 
	0x41, 0x80, 0x7c, 0x0c, 0x02, 0x65, 
	0x0f, 0x85, 0x24, 0xfe, 0xff, 0xff, 
	
	0x48, 0x83, 0xc1, 0x03, 
	0x49, 0x89, 0x08, 
	0xe9, 0x18, 0xfe, 0xff, 0xff, 
	
	0x48, 0x8b, 0x45, 0x90, 
	0x48, 0x83, 0xc0, 0xff, 
	0xe9, 0x32, 0xfe, 0xff, 0xff, 
	
	0x48, 0x83, 0xc1, 0xff, 
	0x48, 0x89, 0xc8, 
	0xe9, 0x26, 0xfe, 0xff, 0xff, 
	
	0x48, 0x0f, 0xbc, 0xd7, 
	
	0x48, 0x01, 0xc2, 
	0x48, 0xc7, 0xc0, 0xfe, 0xff, 0xff, 0xff, 
	0x49, 0x89, 0x10, 
	0xe9, 0x10, 0xfe, 0xff, 0xff, 
	
	0x48, 0x8b, 0x55, 0xc8, 
	0x48, 0x83, 0xfa, 0xff, 
	0x0f, 0x85, 0x7f, 0xfe, 0xff, 0xff, 
	0x48, 0x0f, 0xbc, 0xd7, 
	0xe9, 0x73, 0xfe, 0xff, 0xff, 
	
	0x4c, 0x29, 0xe6, 
	0x48, 0x83, 0xc6, 0x01, 
	0x48, 0x89, 0x32, 
	0x4c, 0x89, 0xc8, 
	0xe9, 0xe7, 0xfd, 0xff, 0xff, 
	
	0x48, 0x89, 0x4d, 0xa0, 
	0xe9, 0x62, 0xf3, 0xff, 0xff, 
	
	0x49, 0x89, 0xc5, 
	0xe9, 0xc9, 0xfd, 0xff, 0xff, 
	
	0x48, 0x8b, 0x45, 0x90, 
	0x48, 0x89, 0x45, 0xa0, 
	0xe9, 0x4d, 0xf3, 0xff, 0xff, 
	
	0x4c, 0x01, 0xe6, 
	0x48, 0x85, 0xc9, 
	0x0f, 0x85, 0xb9, 0xf2, 0xff, 0xff, 
	0xe9, 0xe9, 0xf2, 0xff, 0xff, 
	
	0x4c, 0x8b, 0x6d, 0xa0, 
	0xe9, 0xa2, 0xfd, 0xff, 0xff, 
	
	0x4c, 0x01, 0xe6, 
	0xe9, 0x40, 0xf4, 0xff, 0xff, 
	
	0x4c, 0x29, 0xe0, 
	0x48, 0x01, 0xd0, 
	0x48, 0x89, 0xc2, 
	0xe9, 0x16, 0xfe, 0xff, 0xff, 
	
	0x48, 0x8b, 0x4d, 0xb0, 
	0x48, 0x8b, 0x49, 0x08, 
	0x48, 0x8b, 0x55, 0xd0, 
	0x48, 0x89, 0x0a, 
	0xe9, 0x85, 0xfd, 0xff, 0xff, 
	
	0x4c, 0x29, 0xe0, 
	0x48, 0x01, 0xc8, 
	0xe9, 0x21, 0x00, 0x00, 0x00, 
	
	0x4c, 0x29, 0xe0, 
	0x48, 0x89, 0xc2, 
	0x48, 0xc7, 0xc0, 0xfe, 0xff, 0xff, 0xff, 
	0x49, 0x89, 0x10, 
	0xe9, 0x65, 0xfd, 0xff, 0xff, 
	
	0x4c, 0x8b, 0x45, 0xd0, 
	0xe9, 0x4f, 0xfd, 0xff, 0xff, 
	
	0x4c, 0x29, 0xe0, 
	
	0x48, 0x89, 0xc2, 
	0x48, 0xc7, 0xc0, 0xfe, 0xff, 0xff, 0xff, 
	0x49, 0x89, 0x10, 
	0xe9, 0x47, 0xfd, 0xff, 0xff, 
	
	0x49, 0x8d, 0x48, 0xff, 
	0x4c, 0x39, 0xf1, 
	0x0f, 0x84, 0x3a, 0xfd, 0xff, 0xff, 
	0x4b, 0x8d, 0x34, 0x16, 
	0x48, 0x83, 0xc6, 0x02, 
	0x4d, 0x29, 0xf0, 
	0x49, 0x83, 0xc0, 0xfe, 
	0x4d, 0x89, 0xc6, 
	0xe9, 0xbc, 0xf3, 0xff, 0xff, 
	
	0x4c, 0x29, 0xe0, 
	0xe9, 0x04, 0x00, 0x00, 0x00, 
	
	0x48, 0x2b, 0x45, 0xc0, 
	
	0x48, 0x01, 0xc8, 
	0x48, 0x89, 0xc2, 
	0xe9, 0x89, 0xfd, 0xff, 0xff, 
	
	0x48, 0x2b, 0x45, 0xc0, 
	0x48, 0x89, 0xc2, 
	0xe9, 0x7d, 0xfd, 0xff, 0xff, 
	
	0x4c, 0x8b, 0x45, 0xd0, 
	0x49, 0x89, 0xcd, 
	0xe9, 0xe7, 0xfc, 0xff, 0xff, 
	0x90, 0x90, 0x90, 
	
	
	
	
	
	
	
	
	
	0xf1, 0xfc, 0xff, 0xff, 
	0x85, 0xf2, 0xff, 0xff, 
	0x85, 0xf2, 0xff, 0xff, 
	0x85, 0xf2, 0xff, 0xff, 
	0x85, 0xf2, 0xff, 0xff, 
	0x85, 0xf2, 0xff, 0xff, 
	0x85, 0xf2, 0xff, 0xff, 
	0x85, 0xf2, 0xff, 0xff, 
	0x85, 0xf2, 0xff, 0xff, 
	0x85, 0xf2, 0xff, 0xff, 
	0x85, 0xf2, 0xff, 0xff, 
	0x85, 0xf2, 0xff, 0xff, 
	0x85, 0xf2, 0xff, 0xff, 
	0x85, 0xf2, 0xff, 0xff, 
	0x85, 0xf2, 0xff, 0xff, 
	0x85, 0xf2, 0xff, 0xff, 
	0x85, 0xf2, 0xff, 0xff, 
	0x85, 0xf2, 0xff, 0xff, 
	0x85, 0xf2, 0xff, 0xff, 
	0x85, 0xf2, 0xff, 0xff, 
	0x85, 0xf2, 0xff, 0xff, 
	0x85, 0xf2, 0xff, 0xff, 
	0x85, 0xf2, 0xff, 0xff, 
	0x85, 0xf2, 0xff, 0xff, 
	0x85, 0xf2, 0xff, 0xff, 
	0x85, 0xf2, 0xff, 0xff, 
	0x85, 0xf2, 0xff, 0xff, 
	0x85, 0xf2, 0xff, 0xff, 
	0x85, 0xf2, 0xff, 0xff, 
	0x85, 0xf2, 0xff, 0xff, 
	0x85, 0xf2, 0xff, 0xff, 
	0x85, 0xf2, 0xff, 0xff, 
	0x85, 0xf2, 0xff, 0xff, 
	0x85, 0xf2, 0xff, 0xff, 
	0x8d, 0xf2, 0xff, 0xff, 
	0x85, 0xf2, 0xff, 0xff, 
	0x85, 0xf2, 0xff, 0xff, 
	0x85, 0xf2, 0xff, 0xff, 
	0x85, 0xf2, 0xff, 0xff, 
	0x85, 0xf2, 0xff, 0xff, 
	0x85, 0xf2, 0xff, 0xff, 
	0x85, 0xf2, 0xff, 0xff, 
	0x85, 0xf2, 0xff, 0xff, 
	0x85, 0xf2, 0xff, 0xff, 
	0x85, 0xf2, 0xff, 0xff, 
	0x64, 0xf1, 0xff, 0xff, 
	0x85, 0xf2, 0xff, 0xff, 
	0x85, 0xf2, 0xff, 0xff, 
	0x64, 0xf1, 0xff, 0xff, 
	0x64, 0xf1, 0xff, 0xff, 
	0x64, 0xf1, 0xff, 0xff, 
	0x64, 0xf1, 0xff, 0xff, 
	0x64, 0xf1, 0xff, 0xff, 
	0x64, 0xf1, 0xff, 0xff, 
	0x64, 0xf1, 0xff, 0xff, 
	0x64, 0xf1, 0xff, 0xff, 
	0x64, 0xf1, 0xff, 0xff, 
	0x64, 0xf1, 0xff, 0xff, 
	0x85, 0xf2, 0xff, 0xff, 
	0x85, 0xf2, 0xff, 0xff, 
	0x85, 0xf2, 0xff, 0xff, 
	0x85, 0xf2, 0xff, 0xff, 
	0x85, 0xf2, 0xff, 0xff, 
	0x85, 0xf2, 0xff, 0xff, 
	0x85, 0xf2, 0xff, 0xff, 
	0x85, 0xf2, 0xff, 0xff, 
	0x85, 0xf2, 0xff, 0xff, 
	0x85, 0xf2, 0xff, 0xff, 
	0x85, 0xf2, 0xff, 0xff, 
	0x85, 0xf2, 0xff, 0xff, 
	0x85, 0xf2, 0xff, 0xff, 
	0x85, 0xf2, 0xff, 0xff, 
	0x85, 0xf2, 0xff, 0xff, 
	0x85, 0xf2, 0xff, 0xff, 
	0x85, 0xf2, 0xff, 0xff, 
	0x85, 0xf2, 0xff, 0xff, 
	0x85, 0xf2, 0xff, 0xff, 
	0x85, 0xf2, 0xff, 0xff, 
	0x85, 0xf2, 0xff, 0xff, 
	0x85, 0xf2, 0xff, 0xff, 
	0x85, 0xf2, 0xff, 0xff, 
	0x85, 0xf2, 0xff, 0xff, 
	0x85, 0xf2, 0xff, 0xff, 
	0x85, 0xf2, 0xff, 0xff, 
	0x85, 0xf2, 0xff, 0xff, 
	0x85, 0xf2, 0xff, 0xff, 
	0x85, 0xf2, 0xff, 0xff, 
	0x85, 0xf2, 0xff, 0xff, 
	0x85, 0xf2, 0xff, 0xff, 
	0x85, 0xf2, 0xff, 0xff, 
	0x85, 0xf2, 0xff, 0xff, 
	0x9c, 0xf3, 0xff, 0xff, 
	0x85, 0xf2, 0xff, 0xff, 
	0x85, 0xf2, 0xff, 0xff, 
	0x85, 0xf2, 0xff, 0xff, 
	0x85, 0xf2, 0xff, 0xff, 
	0x85, 0xf2, 0xff, 0xff, 
	0x85, 0xf2, 0xff, 0xff, 
	0x85, 0xf2, 0xff, 0xff, 
	0x85, 0xf2, 0xff, 0xff, 
	0x85, 0xf2, 0xff, 0xff, 
	0x85, 0xf2, 0xff, 0xff, 
	0xea, 0xf7, 0xff, 0xff, 
	0x85, 0xf2, 0xff, 0xff, 
	0x85, 0xf2, 0xff, 0xff, 
	0x85, 0xf2, 0xff, 0xff, 
	0x85, 0xf2, 0xff, 0xff, 
	0x85, 0xf2, 0xff, 0xff, 
	0x85, 0xf2, 0xff, 0xff, 
	0x85, 0xf2, 0xff, 0xff, 
	0x49, 0xf2, 0xff, 0xff, 
	0x85, 0xf2, 0xff, 0xff, 
	0x85, 0xf2, 0xff, 0xff, 
	0x85, 0xf2, 0xff, 0xff, 
	0x85, 0xf2, 0xff, 0xff, 
	0x85, 0xf2, 0xff, 0xff, 
	0x49, 0xf2, 0xff, 0xff, 
	0x85, 0xf2, 0xff, 0xff, 
	0x85, 0xf2, 0xff, 0xff, 
	0x85, 0xf2, 0xff, 0xff, 
	0x85, 0xf2, 0xff, 0xff, 
	0x85, 0xf2, 0xff, 0xff, 
	0x85, 0xf2, 0xff, 0xff, 
	0x03, 0xf8, 0xff, 0xff, 
	
	
	
	
	
	
	
	0x91, 0xcb, 0xff, 0xff, 
	0x74, 0xcd, 0xff, 0xff, 
	0xbe, 0xcb, 0xff, 0xff, 
	0x9f, 0xcd, 0xff, 0xff, 
	0xa8, 0xcb, 0xff, 0xff, 
	0xb5, 0xcd, 0xff, 0xff, 
	
	
	
	
	
	
	
	
	
	
	
	0xe9, 0xfa, 0xff, 0xff, 
	0xc2, 0xfa, 0xff, 0xff, 
	0xc2, 0xfa, 0xff, 0xff, 
	0xc2, 0xfa, 0xff, 0xff, 
	0xc2, 0xfa, 0xff, 0xff, 
	0xc2, 0xfa, 0xff, 0xff, 
	0xc2, 0xfa, 0xff, 0xff, 
	0xc2, 0xfa, 0xff, 0xff, 
	0xc2, 0xfa, 0xff, 0xff, 
	0xc2, 0xfa, 0xff, 0xff, 
	0xc2, 0xfa, 0xff, 0xff, 
	0xc2, 0xfa, 0xff, 0xff, 
	0xc2, 0xfa, 0xff, 0xff, 
	0xc2, 0xfa, 0xff, 0xff, 
	0xc2, 0xfa, 0xff, 0xff, 
	0xc2, 0xfa, 0xff, 0xff, 
	0xc2, 0xfa, 0xff, 0xff, 
	0xc2, 0xfa, 0xff, 0xff, 
	0xc2, 0xfa, 0xff, 0xff, 
	0xc2, 0xfa, 0xff, 0xff, 
	0xc2, 0xfa, 0xff, 0xff, 
	0xc2, 0xfa, 0xff, 0xff, 
	0xc2, 0xfa, 0xff, 0xff, 
	0xc2, 0xfa, 0xff, 0xff, 
	0xc2, 0xfa, 0xff, 0xff, 
	0xc2, 0xfa, 0xff, 0xff, 
	0xc2, 0xfa, 0xff, 0xff, 
	0xc2, 0xfa, 0xff, 0xff, 
	0xc2, 0xfa, 0xff, 0xff, 
	0xc2, 0xfa, 0xff, 0xff, 
	0xc2, 0xfa, 0xff, 0xff, 
	0xc2, 0xfa, 0xff, 0xff, 
	0xc2, 0xfa, 0xff, 0xff, 
	0xc2, 0xfa, 0xff, 0xff, 
	0x85, 0xd7, 0xff, 0xff, 
	0xc2, 0xfa, 0xff, 0xff, 
	0xc2, 0xfa, 0xff, 0xff, 
	0xc2, 0xfa, 0xff, 0xff, 
	0xc2, 0xfa, 0xff, 0xff, 
	0xc2, 0xfa, 0xff, 0xff, 
	0xc2, 0xfa, 0xff, 0xff, 
	0xc2, 0xfa, 0xff, 0xff, 
	0xc2, 0xfa, 0xff, 0xff, 
	0xc2, 0xfa, 0xff, 0xff, 
	0xc2, 0xfa, 0xff, 0xff, 
	0x2c, 0xd9, 0xff, 0xff, 
	0xc2, 0xfa, 0xff, 0xff, 
	0xc2, 0xfa, 0xff, 0xff, 
	0xe9, 0xcd, 0xff, 0xff, 
	0xe9, 0xcd, 0xff, 0xff, 
	0xe9, 0xcd, 0xff, 0xff, 
	0xe9, 0xcd, 0xff, 0xff, 
	0xe9, 0xcd, 0xff, 0xff, 
	0xe9, 0xcd, 0xff, 0xff, 
	0xe9, 0xcd, 0xff, 0xff, 
	0xe9, 0xcd, 0xff, 0xff, 
	0xe9, 0xcd, 0xff, 0xff, 
	0xe9, 0xcd, 0xff, 0xff, 
	0xc2, 0xfa, 0xff, 0xff, 
	0xc2, 0xfa, 0xff, 0xff, 
	0xc2, 0xfa, 0xff, 0xff, 
	0xc2, 0xfa, 0xff, 0xff, 
	0xc2, 0xfa, 0xff, 0xff, 
	0xc2, 0xfa, 0xff, 0xff, 
	0xc2, 0xfa, 0xff, 0xff, 
	0xc2, 0xfa, 0xff, 0xff, 
	0xc2, 0xfa, 0xff, 0xff, 
	0xc2, 0xfa, 0xff, 0xff, 
	0xc2, 0xfa, 0xff, 0xff, 
	0xc2, 0xfa, 0xff, 0xff, 
	0xc2, 0xfa, 0xff, 0xff, 
	0xc2, 0xfa, 0xff, 0xff, 
	0xc2, 0xfa, 0xff, 0xff, 
	0xc2, 0xfa, 0xff, 0xff, 
	0xc2, 0xfa, 0xff, 0xff, 
	0xc2, 0xfa, 0xff, 0xff, 
	0xc2, 0xfa, 0xff, 0xff, 
	0xc2, 0xfa, 0xff, 0xff, 
	0xc2, 0xfa, 0xff, 0xff, 
	0xc2, 0xfa, 0xff, 0xff, 
	0xc2, 0xfa, 0xff, 0xff, 
	0xc2, 0xfa, 0xff, 0xff, 
	0xc2, 0xfa, 0xff, 0xff, 
	0xc2, 0xfa, 0xff, 0xff, 
	0xc2, 0xfa, 0xff, 0xff, 
	0xc2, 0xfa, 0xff, 0xff, 
	0xc2, 0xfa, 0xff, 0xff, 
	0xc2, 0xfa, 0xff, 0xff, 
	0xc2, 0xfa, 0xff, 0xff, 
	0xc2, 0xfa, 0xff, 0xff, 
	0xc2, 0xfa, 0xff, 0xff, 
	0x61, 0xdb, 0xff, 0xff, 
	0xc2, 0xfa, 0xff, 0xff, 
	0xc2, 0xfa, 0xff, 0xff, 
	0xc2, 0xfa, 0xff, 0xff, 
	0xc2, 0xfa, 0xff, 0xff, 
	0xc2, 0xfa, 0xff, 0xff, 
	0xc2, 0xfa, 0xff, 0xff, 
	0xc2, 0xfa, 0xff, 0xff, 
	0xc2, 0xfa, 0xff, 0xff, 
	0xc2, 0xfa, 0xff, 0xff, 
	0xc2, 0xfa, 0xff, 0xff, 
	0x85, 0xdb, 0xff, 0xff, 
	0xc2, 0xfa, 0xff, 0xff, 
	0xc2, 0xfa, 0xff, 0xff, 
	0xc2, 0xfa, 0xff, 0xff, 
	0xc2, 0xfa, 0xff, 0xff, 
	0xc2, 0xfa, 0xff, 0xff, 
	0xc2, 0xfa, 0xff, 0xff, 
	0xc2, 0xfa, 0xff, 0xff, 
	0xbe, 0xdb, 0xff, 0xff, 
	0xc2, 0xfa, 0xff, 0xff, 
	0xc2, 0xfa, 0xff, 0xff, 
	0xc2, 0xfa, 0xff, 0xff, 
	0xc2, 0xfa, 0xff, 0xff, 
	0xc2, 0xfa, 0xff, 0xff, 
	0xea, 0xdb, 0xff, 0xff, 
	0xc2, 0xfa, 0xff, 0xff, 
	0xc2, 0xfa, 0xff, 0xff, 
	0xc2, 0xfa, 0xff, 0xff, 
	0xc2, 0xfa, 0xff, 0xff, 
	0xc2, 0xfa, 0xff, 0xff, 
	0xc2, 0xfa, 0xff, 0xff, 
	0x26, 0xdc, 0xff, 0xff, 
	
	
	
	
	
	0xfc, 0xd8, 0xff, 0xff, 
	0x94, 0xdc, 0xff, 0xff, 
	0xfc, 0xd8, 0xff, 0xff, 
	0x42, 0xd9, 0xff, 0xff, 
	0x94, 0xdc, 0xff, 0xff, 
	0x94, 0xdc, 0xff, 0xff, 
	0x94, 0xdc, 0xff, 0xff, 
	0x94, 0xdc, 0xff, 0xff, 
	0x94, 0xdc, 0xff, 0xff, 
	0x94, 0xdc, 0xff, 0xff, 
	0x94, 0xdc, 0xff, 0xff, 
	0x94, 0xdc, 0xff, 0xff, 
	0x94, 0xdc, 0xff, 0xff, 
	0x94, 0xdc, 0xff, 0xff, 
	0x94, 0xdc, 0xff, 0xff, 
	0x94, 0xdc, 0xff, 0xff, 
	0x94, 0xdc, 0xff, 0xff, 
	0x94, 0xdc, 0xff, 0xff, 
	0x94, 0xdc, 0xff, 0xff, 
	0x94, 0xdc, 0xff, 0xff, 
	0x94, 0xdc, 0xff, 0xff, 
	0x94, 0xdc, 0xff, 0xff, 
	0x94, 0xdc, 0xff, 0xff, 
	0x94, 0xdc, 0xff, 0xff, 
	0x94, 0xdc, 0xff, 0xff, 
	0x94, 0xdc, 0xff, 0xff, 
	0x5e, 0xd9, 0xff, 0xff, 
	
	
	
	
	
	0x54, 0xcd, 0xff, 0xff, 
	0xa2, 0xd3, 0xff, 0xff, 
	0x54, 0xcd, 0xff, 0xff, 
	0x9d, 0xcd, 0xff, 0xff, 
	0xa2, 0xd3, 0xff, 0xff, 
	0xa2, 0xd3, 0xff, 0xff, 
	0xa2, 0xd3, 0xff, 0xff, 
	0xa2, 0xd3, 0xff, 0xff, 
	0xa2, 0xd3, 0xff, 0xff, 
	0xa2, 0xd3, 0xff, 0xff, 
	0xa2, 0xd3, 0xff, 0xff, 
	0xa2, 0xd3, 0xff, 0xff, 
	0xa2, 0xd3, 0xff, 0xff, 
	0xa2, 0xd3, 0xff, 0xff, 
	0xa2, 0xd3, 0xff, 0xff, 
	0xa2, 0xd3, 0xff, 0xff, 
	0xa2, 0xd3, 0xff, 0xff, 
	0xa2, 0xd3, 0xff, 0xff, 
	0xa2, 0xd3, 0xff, 0xff, 
	0xa2, 0xd3, 0xff, 0xff, 
	0xa2, 0xd3, 0xff, 0xff, 
	0xa2, 0xd3, 0xff, 0xff, 
	0xa2, 0xd3, 0xff, 0xff, 
	0xa2, 0xd3, 0xff, 0xff, 
	0xa2, 0xd3, 0xff, 0xff, 
	0xa2, 0xd3, 0xff, 0xff, 
	0xb9, 0xcd, 0xff, 0xff, 
	
	
	0x02, 0x00, 0x00, 0x00, 
}
 
