// +build amd64


package avx2

var _text_get_by_path = []byte{
	
	
	0x20, 
	0x00, 
	0x00, 
	0x00, 
	0x00, 
	0x00, 
	0x00, 
	0x00, 
	0x00, 
	0x09, 
	0x0a, 
	0x00, 
	0x00, 
	0x0d, 
	0x00, 
	0x00, 
	0x20, 
	0x00, 
	0x00, 
	0x00, 
	0x00, 
	0x00, 
	0x00, 
	0x00, 
	0x00, 
	0x09, 
	0x0a, 
	0x00, 
	0x00, 
	0x0d, 
	0x00, 
	0x00, 
	
	0x2c, 0x2c, 0x2c, 0x2c, 0x2c, 0x2c, 0x2c, 0x2c, 0x2c, 0x2c, 0x2c, 0x2c, 0x2c, 0x2c, 0x2c, 0x2c, 
	0x2c, 0x2c, 0x2c, 0x2c, 0x2c, 0x2c, 0x2c, 0x2c, 0x2c, 0x2c, 0x2c, 0x2c, 0x2c, 0x2c, 0x2c, 0x2c, 
	
	0xdf, 0xdf, 0xdf, 0xdf, 0xdf, 0xdf, 0xdf, 0xdf, 0xdf, 0xdf, 0xdf, 0xdf, 0xdf, 0xdf, 0xdf, 0xdf, 
	0xdf, 0xdf, 0xdf, 0xdf, 0xdf, 0xdf, 0xdf, 0xdf, 0xdf, 0xdf, 0xdf, 0xdf, 0xdf, 0xdf, 0xdf, 0xdf, 
	
	0x5d, 0x5d, 0x5d, 0x5d, 0x5d, 0x5d, 0x5d, 0x5d, 0x5d, 0x5d, 0x5d, 0x5d, 0x5d, 0x5d, 0x5d, 0x5d, 
	0x5d, 0x5d, 0x5d, 0x5d, 0x5d, 0x5d, 0x5d, 0x5d, 0x5d, 0x5d, 0x5d, 0x5d, 0x5d, 0x5d, 0x5d, 0x5d, 
	
	0x22, 0x22, 0x22, 0x22, 0x22, 0x22, 0x22, 0x22, 0x22, 0x22, 0x22, 0x22, 0x22, 0x22, 0x22, 0x22, 
	0x22, 0x22, 0x22, 0x22, 0x22, 0x22, 0x22, 0x22, 0x22, 0x22, 0x22, 0x22, 0x22, 0x22, 0x22, 0x22, 
	
	0x5c, 0x5c, 0x5c, 0x5c, 0x5c, 0x5c, 0x5c, 0x5c, 0x5c, 0x5c, 0x5c, 0x5c, 0x5c, 0x5c, 0x5c, 0x5c, 
	0x5c, 0x5c, 0x5c, 0x5c, 0x5c, 0x5c, 0x5c, 0x5c, 0x5c, 0x5c, 0x5c, 0x5c, 0x5c, 0x5c, 0x5c, 0x5c, 
	
	0x7b, 0x7b, 0x7b, 0x7b, 0x7b, 0x7b, 0x7b, 0x7b, 0x7b, 0x7b, 0x7b, 0x7b, 0x7b, 0x7b, 0x7b, 0x7b, 
	0x7b, 0x7b, 0x7b, 0x7b, 0x7b, 0x7b, 0x7b, 0x7b, 0x7b, 0x7b, 0x7b, 0x7b, 0x7b, 0x7b, 0x7b, 0x7b, 
	
	0x7d, 0x7d, 0x7d, 0x7d, 0x7d, 0x7d, 0x7d, 0x7d, 0x7d, 0x7d, 0x7d, 0x7d, 0x7d, 0x7d, 0x7d, 0x7d, 
	0x7d, 0x7d, 0x7d, 0x7d, 0x7d, 0x7d, 0x7d, 0x7d, 0x7d, 0x7d, 0x7d, 0x7d, 0x7d, 0x7d, 0x7d, 0x7d, 
	
	0x5b, 0x5b, 0x5b, 0x5b, 0x5b, 0x5b, 0x5b, 0x5b, 0x5b, 0x5b, 0x5b, 0x5b, 0x5b, 0x5b, 0x5b, 0x5b, 
	0x5b, 0x5b, 0x5b, 0x5b, 0x5b, 0x5b, 0x5b, 0x5b, 0x5b, 0x5b, 0x5b, 0x5b, 0x5b, 0x5b, 0x5b, 0x5b, 
	
	0x2f, 0x2f, 0x2f, 0x2f, 0x2f, 0x2f, 0x2f, 0x2f, 0x2f, 0x2f, 0x2f, 0x2f, 0x2f, 0x2f, 0x2f, 0x2f, 
	0x2f, 0x2f, 0x2f, 0x2f, 0x2f, 0x2f, 0x2f, 0x2f, 0x2f, 0x2f, 0x2f, 0x2f, 0x2f, 0x2f, 0x2f, 0x2f, 
	
	0x3a, 0x3a, 0x3a, 0x3a, 0x3a, 0x3a, 0x3a, 0x3a, 0x3a, 0x3a, 0x3a, 0x3a, 0x3a, 0x3a, 0x3a, 0x3a, 
	0x3a, 0x3a, 0x3a, 0x3a, 0x3a, 0x3a, 0x3a, 0x3a, 0x3a, 0x3a, 0x3a, 0x3a, 0x3a, 0x3a, 0x3a, 0x3a, 
	
	0x2b, 0x2b, 0x2b, 0x2b, 0x2b, 0x2b, 0x2b, 0x2b, 0x2b, 0x2b, 0x2b, 0x2b, 0x2b, 0x2b, 0x2b, 0x2b, 
	0x2b, 0x2b, 0x2b, 0x2b, 0x2b, 0x2b, 0x2b, 0x2b, 0x2b, 0x2b, 0x2b, 0x2b, 0x2b, 0x2b, 0x2b, 0x2b, 
	
	0x2d, 0x2d, 0x2d, 0x2d, 0x2d, 0x2d, 0x2d, 0x2d, 0x2d, 0x2d, 0x2d, 0x2d, 0x2d, 0x2d, 0x2d, 0x2d, 
	0x2d, 0x2d, 0x2d, 0x2d, 0x2d, 0x2d, 0x2d, 0x2d, 0x2d, 0x2d, 0x2d, 0x2d, 0x2d, 0x2d, 0x2d, 0x2d, 
	
	0x2e, 0x2e, 0x2e, 0x2e, 0x2e, 0x2e, 0x2e, 0x2e, 0x2e, 0x2e, 0x2e, 0x2e, 0x2e, 0x2e, 0x2e, 0x2e, 
	0x2e, 0x2e, 0x2e, 0x2e, 0x2e, 0x2e, 0x2e, 0x2e, 0x2e, 0x2e, 0x2e, 0x2e, 0x2e, 0x2e, 0x2e, 0x2e, 
	
	0x45, 0x45, 0x45, 0x45, 0x45, 0x45, 0x45, 0x45, 0x45, 0x45, 0x45, 0x45, 0x45, 0x45, 0x45, 0x45, 
	0x45, 0x45, 0x45, 0x45, 0x45, 0x45, 0x45, 0x45, 0x45, 0x45, 0x45, 0x45, 0x45, 0x45, 0x45, 0x45, 
	
	
	0x2c, 0x2c, 0x2c, 0x2c, 0x2c, 0x2c, 0x2c, 0x2c, 0x2c, 0x2c, 0x2c, 0x2c, 0x2c, 0x2c, 0x2c, 0x2c, 
	
	0xdf, 0xdf, 0xdf, 0xdf, 0xdf, 0xdf, 0xdf, 0xdf, 0xdf, 0xdf, 0xdf, 0xdf, 0xdf, 0xdf, 0xdf, 0xdf, 
	
	0x5d, 0x5d, 0x5d, 0x5d, 0x5d, 0x5d, 0x5d, 0x5d, 0x5d, 0x5d, 0x5d, 0x5d, 0x5d, 0x5d, 0x5d, 0x5d, 
	
	0x01, 0x00, 0x00, 0x00, 
	0x00, 0x00, 0x00, 0x00, 
	0x00, 0x00, 0x00, 0x00, 
	0x00, 0x00, 0x00, 0x00, 
	
	0x2f, 0x2f, 0x2f, 0x2f, 0x2f, 0x2f, 0x2f, 0x2f, 0x2f, 0x2f, 0x2f, 0x2f, 0x2f, 0x2f, 0x2f, 0x2f, 
	
	0x3a, 0x3a, 0x3a, 0x3a, 0x3a, 0x3a, 0x3a, 0x3a, 0x3a, 0x3a, 0x3a, 0x3a, 0x3a, 0x3a, 0x3a, 0x3a, 
	
	0x2b, 0x2b, 0x2b, 0x2b, 0x2b, 0x2b, 0x2b, 0x2b, 0x2b, 0x2b, 0x2b, 0x2b, 0x2b, 0x2b, 0x2b, 0x2b, 
	
	0x2d, 0x2d, 0x2d, 0x2d, 0x2d, 0x2d, 0x2d, 0x2d, 0x2d, 0x2d, 0x2d, 0x2d, 0x2d, 0x2d, 0x2d, 0x2d, 
	
	0x2e, 0x2e, 0x2e, 0x2e, 0x2e, 0x2e, 0x2e, 0x2e, 0x2e, 0x2e, 0x2e, 0x2e, 0x2e, 0x2e, 0x2e, 0x2e, 
	
	0x45, 0x45, 0x45, 0x45, 0x45, 0x45, 0x45, 0x45, 0x45, 0x45, 0x45, 0x45, 0x45, 0x45, 0x45, 0x45, 
	
	
	0x55, 
	0x48, 0x89, 0xe5, 
	0x41, 0x57, 
	0x41, 0x56, 
	0x41, 0x55, 
	0x41, 0x54, 
	0x53, 
	0x48, 0x81, 0xec, 0xc0, 0x00, 0x00, 0x00, 
	0x48, 0x89, 0x4c, 0x24, 0x10, 
	0x49, 0x89, 0xf0, 
	0x49, 0x89, 0xfb, 
	0x48, 0x8b, 0x42, 0x08, 
	0x4c, 0x8d, 0x6f, 0x08, 
	0x48, 0x85, 0xc0, 
	0x48, 0x89, 0x74, 0x24, 0x08, 
	0x48, 0x89, 0x7c, 0x24, 0x20, 
	0x0f, 0x84, 0x32, 0x2b, 0x00, 0x00, 
	0x4c, 0x8b, 0x3a, 
	0x48, 0xc1, 0xe0, 0x04, 
	0x4c, 0x01, 0xf8, 
	0x48, 0x89, 0x84, 0x24, 0xa0, 0x00, 0x00, 0x00, 
	0x4d, 0x8b, 0x23, 
	0x49, 0x8b, 0x00, 
	0xc5, 0xfe, 0x6f, 0x05, 0x26, 0xfd, 0xff, 0xff, 
	0xc5, 0xfe, 0x6f, 0x0d, 0x9e, 0xfd, 0xff, 0xff, 
	0xc5, 0xfe, 0x6f, 0x15, 0xb6, 0xfd, 0xff, 0xff, 
	0xc5, 0xfe, 0x6f, 0x1d, 0x2e, 0xfd, 0xff, 0xff, 
	0xc5, 0xfe, 0x6f, 0x25, 0x46, 0xfd, 0xff, 0xff, 
	0xc5, 0xfe, 0x6f, 0x2d, 0x5e, 0xfd, 0xff, 0xff, 
	0xc5, 0x7a, 0x6f, 0x05, 0xf6, 0xfe, 0xff, 0xff, 
	0xc4, 0x41, 0x31, 0x76, 0xc9, 
	0xc5, 0x7e, 0x6f, 0x15, 0xe9, 0xfd, 0xff, 0xff, 
	0xc5, 0x7e, 0x6f, 0x25, 0xa1, 0xfd, 0xff, 0xff, 
	0xc5, 0x7e, 0x6f, 0x2d, 0xb9, 0xfd, 0xff, 0xff, 
	
	0x49, 0x8b, 0x4d, 0x00, 
	0x48, 0x39, 0xc8, 
	0x0f, 0x83, 0x2c, 0x00, 0x00, 0x00, 
	0x41, 0x8a, 0x14, 0x04, 
	0x80, 0xfa, 0x0d, 
	0x0f, 0x84, 0x1f, 0x00, 0x00, 0x00, 
	0x80, 0xfa, 0x20, 
	0x0f, 0x84, 0x16, 0x00, 0x00, 0x00, 
	0x80, 0xc2, 0xf7, 
	0x80, 0xfa, 0x01, 
	0x0f, 0x86, 0x0a, 0x00, 0x00, 0x00, 
	0x48, 0x89, 0xc2, 
	0xe9, 0xa3, 0x01, 0x00, 0x00, 
	0x90, 0x90, 
	
	0x48, 0x8d, 0x50, 0x01, 
	0x48, 0x39, 0xca, 
	0x0f, 0x83, 0x23, 0x00, 0x00, 0x00, 
	0x41, 0x8a, 0x1c, 0x14, 
	0x80, 0xfb, 0x0d, 
	0x0f, 0x84, 0x16, 0x00, 0x00, 0x00, 
	0x80, 0xfb, 0x20, 
	0x0f, 0x84, 0x0d, 0x00, 0x00, 0x00, 
	0x80, 0xc3, 0xf7, 
	0x80, 0xfb, 0x01, 
	0x0f, 0x87, 0x72, 0x01, 0x00, 0x00, 
	0x90, 
	
	0x48, 0x8d, 0x50, 0x02, 
	0x48, 0x39, 0xca, 
	0x0f, 0x83, 0x23, 0x00, 0x00, 0x00, 
	0x41, 0x8a, 0x1c, 0x14, 
	0x80, 0xfb, 0x0d, 
	0x0f, 0x84, 0x16, 0x00, 0x00, 0x00, 
	0x80, 0xfb, 0x20, 
	0x0f, 0x84, 0x0d, 0x00, 0x00, 0x00, 
	0x80, 0xc3, 0xf7, 
	0x80, 0xfb, 0x01, 
	0x0f, 0x87, 0x42, 0x01, 0x00, 0x00, 
	0x90, 
	
	0x48, 0x8d, 0x50, 0x03, 
	0x48, 0x39, 0xca, 
	0x0f, 0x83, 0x23, 0x00, 0x00, 0x00, 
	0x41, 0x8a, 0x1c, 0x14, 
	0x80, 0xfb, 0x0d, 
	0x0f, 0x84, 0x16, 0x00, 0x00, 0x00, 
	0x80, 0xfb, 0x20, 
	0x0f, 0x84, 0x0d, 0x00, 0x00, 0x00, 
	0x80, 0xc3, 0xf7, 
	0x80, 0xfb, 0x01, 
	0x0f, 0x87, 0x12, 0x01, 0x00, 0x00, 
	0x90, 
	
	0x4c, 0x8d, 0x70, 0x04, 
	0x48, 0x89, 0xce, 
	0x4c, 0x29, 0xf6, 
	0x0f, 0x86, 0xd0, 0x00, 0x00, 0x00, 
	0x48, 0x83, 0xfe, 0x20, 
	0x0f, 0x82, 0xbd, 0x29, 0x00, 0x00, 
	0x48, 0xc7, 0xc6, 0xfc, 0xff, 0xff, 0xff, 
	0x48, 0x29, 0xc6, 
	0x90, 0x90, 0x90, 0x90, 0x90, 0x90, 0x90, 0x90, 0x90, 0x90, 0x90, 0x90, 
	
	0xc4, 0x01, 0x7e, 0x6f, 0x34, 0x34, 
	0xc4, 0x42, 0x7d, 0x00, 0xfe, 
	0xc4, 0x41, 0x0d, 0x74, 0xf7, 
	0xc4, 0xc1, 0x7d, 0xd7, 0xd6, 
	0x83, 0xfa, 0xff, 
	0x0f, 0x85, 0xb2, 0x00, 0x00, 0x00, 
	0x49, 0x83, 0xc6, 0x20, 
	0x48, 0x8d, 0x14, 0x31, 
	0x48, 0x83, 0xc2, 0xe0, 
	0x48, 0x83, 0xc6, 0xe0, 
	0x48, 0x83, 0xfa, 0x1f, 
	0x0f, 0x87, 0xc8, 0xff, 0xff, 0xff, 
	0x4c, 0x89, 0xe2, 
	0x48, 0x29, 0xf2, 
	0x48, 0x01, 0xce, 
	0x48, 0x85, 0xf6, 
	0x0f, 0x84, 0x3e, 0x00, 0x00, 0x00, 
	
	0x4c, 0x8d, 0x04, 0x32, 
	0x31, 0xff, 
	
	0x44, 0x0f, 0xbe, 0x0c, 0x3a, 
	0x41, 0x83, 0xf9, 0x20, 
	0x0f, 0x87, 0x1b, 0x29, 0x00, 0x00, 
	0x48, 0xbb, 0x00, 0x26, 0x00, 0x00, 0x01, 0x00, 0x00, 0x00, 
	0x4c, 0x0f, 0xa3, 0xcb, 
	0x0f, 0x83, 0x07, 0x29, 0x00, 0x00, 
	0x48, 0x83, 0xc7, 0x01, 
	0x48, 0x39, 0xfe, 
	0x0f, 0x85, 0xd0, 0xff, 0xff, 0xff, 
	0x4c, 0x89, 0xc2, 
	0x4c, 0x8b, 0x44, 0x24, 0x08, 
	
	0x4c, 0x29, 0xe2, 
	0x48, 0x39, 0xca, 
	0x0f, 0x82, 0x4d, 0x00, 0x00, 0x00, 
	
	0x31, 0xc9, 
	0x49, 0x89, 0xc6, 
	0x49, 0x8b, 0x07, 
	0x48, 0x85, 0xc0, 
	0x0f, 0x85, 0x53, 0x00, 0x00, 0x00, 
	0xe9, 0x11, 0x46, 0x00, 0x00, 
	0x90, 0x90, 0x90, 0x90, 0x90, 0x90, 
	
	0x4d, 0x89, 0x30, 
	0x31, 0xc9, 
	0x49, 0x8b, 0x07, 
	0x48, 0x85, 0xc0, 
	0x0f, 0x85, 0x37, 0x00, 0x00, 0x00, 
	0xe9, 0xf5, 0x45, 0x00, 0x00, 
	0x90, 0x90, 0x90, 0x90, 0x90, 0x90, 0x90, 0x90, 0x90, 0x90, 
	
	0xf7, 0xd2, 
	0x0f, 0xbc, 0xd2, 
	0x48, 0x29, 0xf2, 
	0x48, 0x39, 0xca, 
	0x0f, 0x83, 0xb3, 0xff, 0xff, 0xff, 
	
	0x4c, 0x8d, 0x72, 0x01, 
	0x4d, 0x89, 0x30, 
	0x41, 0x8a, 0x0c, 0x14, 
	0x49, 0x8b, 0x07, 
	0x48, 0x85, 0xc0, 
	0x0f, 0x84, 0xc3, 0x45, 0x00, 0x00, 
	
	0x8a, 0x40, 0x17, 
	0x24, 0x1f, 
	0x3c, 0x02, 
	0x0f, 0x84, 0xab, 0x19, 0x00, 0x00, 
	0x3c, 0x18, 
	0x0f, 0x85, 0xae, 0x45, 0x00, 0x00, 
	0x80, 0xf9, 0x7b, 
	0x4c, 0x89, 0x6c, 0x24, 0x28, 
	0x0f, 0x85, 0x4c, 0x47, 0x00, 0x00, 
	
	0x49, 0x8b, 0x45, 0x00, 
	0x49, 0x39, 0xc6, 
	0x0f, 0x83, 0x38, 0x00, 0x00, 0x00, 
	0x43, 0x8a, 0x0c, 0x34, 
	0x80, 0xf9, 0x0d, 
	0x0f, 0x84, 0x2b, 0x00, 0x00, 0x00, 
	0x80, 0xf9, 0x20, 
	0x0f, 0x84, 0x22, 0x00, 0x00, 0x00, 
	0x80, 0xc1, 0xf7, 
	0x80, 0xf9, 0x01, 
	0x0f, 0x86, 0x16, 0x00, 0x00, 0x00, 
	0x4c, 0x89, 0xf3, 
	0xe9, 0x7f, 0x01, 0x00, 0x00, 
	0x90, 0x90, 0x90, 0x90, 0x90, 0x90, 0x90, 0x90, 0x90, 0x90, 0x90, 0x90, 0x90, 0x90, 
	
	0x49, 0x8d, 0x5e, 0x01, 
	0x48, 0x39, 0xc3, 
	0x0f, 0x83, 0x23, 0x00, 0x00, 0x00, 
	0x41, 0x8a, 0x0c, 0x1c, 
	0x80, 0xf9, 0x0d, 
	0x0f, 0x84, 0x16, 0x00, 0x00, 0x00, 
	0x80, 0xf9, 0x20, 
	0x0f, 0x84, 0x0d, 0x00, 0x00, 0x00, 
	0x80, 0xc1, 0xf7, 
	0x80, 0xf9, 0x01, 
	0x0f, 0x87, 0x42, 0x01, 0x00, 0x00, 
	0x90, 
	
	0x49, 0x8d, 0x5e, 0x02, 
	0x48, 0x39, 0xc3, 
	0x0f, 0x83, 0x23, 0x00, 0x00, 0x00, 
	0x41, 0x8a, 0x0c, 0x1c, 
	0x80, 0xf9, 0x0d, 
	0x0f, 0x84, 0x16, 0x00, 0x00, 0x00, 
	0x80, 0xf9, 0x20, 
	0x0f, 0x84, 0x0d, 0x00, 0x00, 0x00, 
	0x80, 0xc1, 0xf7, 
	0x80, 0xf9, 0x01, 
	0x0f, 0x87, 0x12, 0x01, 0x00, 0x00, 
	0x90, 
	
	0x49, 0x8d, 0x5e, 0x03, 
	0x48, 0x39, 0xc3, 
	0x0f, 0x83, 0x23, 0x00, 0x00, 0x00, 
	0x41, 0x8a, 0x0c, 0x1c, 
	0x80, 0xf9, 0x0d, 
	0x0f, 0x84, 0x16, 0x00, 0x00, 0x00, 
	0x80, 0xf9, 0x20, 
	0x0f, 0x84, 0x0d, 0x00, 0x00, 0x00, 
	0x80, 0xc1, 0xf7, 
	0x80, 0xf9, 0x01, 
	0x0f, 0x87, 0xe2, 0x00, 0x00, 0x00, 
	0x90, 
	
	0x49, 0x8d, 0x5e, 0x04, 
	0x48, 0x89, 0xc1, 
	0x48, 0x29, 0xd9, 
	0x0f, 0x86, 0x64, 0x46, 0x00, 0x00, 
	0x48, 0x83, 0xf9, 0x20, 
	0x0f, 0x82, 0x16, 0x16, 0x00, 0x00, 
	0x48, 0xc7, 0xc1, 0xfc, 0xff, 0xff, 0xff, 
	0x4c, 0x29, 0xf1, 
	0x90, 0x90, 0x90, 0x90, 0x90, 0x90, 0x90, 0x90, 0x90, 0x90, 0x90, 0x90, 
	
	0xc4, 0x41, 0x7e, 0x6f, 0x34, 0x1c, 
	0xc4, 0x42, 0x7d, 0x00, 0xfe, 
	0xc4, 0x41, 0x0d, 0x74, 0xf7, 
	0xc4, 0xc1, 0x7d, 0xd7, 0xd6, 
	0x83, 0xfa, 0xff, 
	0x0f, 0x85, 0x82, 0x00, 0x00, 0x00, 
	0x48, 0x83, 0xc3, 0x20, 
	0x48, 0x8d, 0x14, 0x08, 
	0x48, 0x83, 0xc2, 0xe0, 
	0x48, 0x83, 0xc1, 0xe0, 
	0x48, 0x83, 0xfa, 0x1f, 
	0x0f, 0x87, 0xc8, 0xff, 0xff, 0xff, 
	0x4c, 0x89, 0xe3, 
	0x48, 0x29, 0xcb, 
	0x48, 0x01, 0xc1, 
	0x48, 0x85, 0xc9, 
	0x0f, 0x84, 0x37, 0x00, 0x00, 0x00, 
	
	0x4c, 0x8d, 0x0c, 0x0b, 
	0x31, 0xd2, 
	
	
	0x0f, 0xbe, 0x3c, 0x13, 
	0x83, 0xff, 0x20, 
	0x0f, 0x87, 0x8e, 0x11, 0x00, 0x00, 
	0x48, 0xbe, 0x00, 0x26, 0x00, 0x00, 0x01, 0x00, 0x00, 0x00, 
	0x48, 0x0f, 0xa3, 0xfe, 
	0x0f, 0x83, 0x7a, 0x11, 0x00, 0x00, 
	0x48, 0x83, 0xc2, 0x01, 
	0x48, 0x39, 0xd1, 
	0x0f, 0x85, 0xd2, 0xff, 0xff, 0xff, 
	0x4c, 0x89, 0xcb, 
	
	0x4c, 0x29, 0xe3, 
	0x48, 0x39, 0xc3, 
	0x0f, 0x82, 0x24, 0x00, 0x00, 0x00, 
	0xe9, 0xb5, 0x45, 0x00, 0x00, 
	0x90, 0x90, 0x90, 0x90, 0x90, 0x90, 0x90, 0x90, 0x90, 0x90, 0x90, 0x90, 0x90, 0x90, 
	
	0xf7, 0xd2, 
	0x0f, 0xbc, 0xda, 
	0x48, 0x29, 0xcb, 
	0x48, 0x39, 0xc3, 
	0x0f, 0x83, 0x96, 0x45, 0x00, 0x00, 
	
	0x4c, 0x8d, 0x4b, 0x01, 
	0x4d, 0x89, 0x08, 
	0x41, 0x8a, 0x04, 0x1c, 
	0x3c, 0x22, 
	0x0f, 0x85, 0x15, 0x29, 0x00, 0x00, 
	0x49, 0x8b, 0x45, 0x00, 
	0x48, 0x89, 0xc1, 
	0x4c, 0x29, 0xc9, 
	0x0f, 0x84, 0xf3, 0x4c, 0x00, 0x00, 
	0x48, 0x89, 0x84, 0x24, 0x98, 0x00, 0x00, 0x00, 
	0x49, 0x8b, 0x47, 0x08, 
	0x48, 0x8b, 0x38, 
	0x48, 0x8b, 0x40, 0x08, 
	0x48, 0x89, 0x44, 0x24, 0x30, 
	0x4f, 0x8d, 0x1c, 0x0c, 
	0x48, 0x83, 0xf9, 0x40, 
	0x4c, 0x89, 0x5c, 0x24, 0x38, 
	0x0f, 0x82, 0x41, 0x11, 0x00, 0x00, 
	0x48, 0x89, 0x7c, 0x24, 0x18, 
	0x4d, 0x89, 0xfb, 
	0x48, 0xc7, 0xc7, 0xfe, 0xff, 0xff, 0xff, 
	0x48, 0x29, 0xdf, 
	0x4c, 0x8d, 0x73, 0x01, 
	0x49, 0xc7, 0xc5, 0xff, 0xff, 0xff, 0xff, 
	0x45, 0x31, 0xc0, 
	0x90, 
	
	0xc4, 0x01, 0x7e, 0x6f, 0x34, 0x34, 
	0xc4, 0x01, 0x7e, 0x6f, 0x7c, 0x34, 0x20, 
	0xc5, 0x0d, 0x74, 0xd9, 
	0xc4, 0xc1, 0x7d, 0xd7, 0xc3, 
	0xc5, 0x05, 0x74, 0xd9, 
	0xc4, 0x41, 0x7d, 0xd7, 0xd3, 
	0xc5, 0x0d, 0x74, 0xda, 
	0xc4, 0xc1, 0x7d, 0xd7, 0xf3, 
	0xc5, 0x05, 0x74, 0xda, 
	0xc4, 0x41, 0x7d, 0xd7, 0xfb, 
	0x49, 0xc1, 0xe2, 0x20, 
	0x4c, 0x09, 0xd0, 
	0x49, 0xc1, 0xe7, 0x20, 
	0x4c, 0x09, 0xfe, 
	0x0f, 0x85, 0x30, 0x00, 0x00, 0x00, 
	0x4d, 0x85, 0xc0, 
	0x0f, 0x85, 0x38, 0x00, 0x00, 0x00, 
	0x45, 0x31, 0xc0, 
	0x48, 0x85, 0xc0, 
	0x0f, 0x85, 0x86, 0x00, 0x00, 0x00, 
	
	0x48, 0x83, 0xc1, 0xc0, 
	0x48, 0x83, 0xc7, 0xc0, 
	0x49, 0x83, 0xc6, 0x40, 
	0x48, 0x83, 0xf9, 0x3f, 
	0x0f, 0x87, 0x90, 0xff, 0xff, 0xff, 
	0xe9, 0xb2, 0x02, 0x00, 0x00, 
	
	0x49, 0x83, 0xfd, 0xff, 
	0x0f, 0x85, 0x07, 0x00, 0x00, 0x00, 
	0x4c, 0x0f, 0xbc, 0xee, 
	0x4d, 0x01, 0xf5, 
	
	0x4d, 0x89, 0xc2, 
	0x49, 0xf7, 0xd2, 
	0x49, 0x21, 0xf2, 
	0x4b, 0x8d, 0x14, 0x12, 
	0x4c, 0x09, 0xc2, 
	0x49, 0x89, 0xd7, 
	0x49, 0xf7, 0xd7, 
	0x49, 0x21, 0xf7, 
	0x48, 0xbe, 0xaa, 0xaa, 0xaa, 0xaa, 0xaa, 0xaa, 0xaa, 0xaa, 
	0x49, 0x21, 0xf7, 
	0x45, 0x31, 0xc0, 
	0x4d, 0x01, 0xd7, 
	0x41, 0x0f, 0x92, 0xc0, 
	0x4d, 0x01, 0xff, 
	0x48, 0xbe, 0x55, 0x55, 0x55, 0x55, 0x55, 0x55, 0x55, 0x55, 
	0x49, 0x31, 0xf7, 
	0x49, 0x21, 0xd7, 
	0x49, 0xf7, 0xd7, 
	0x4c, 0x21, 0xf8, 
	0x48, 0x85, 0xc0, 
	0x0f, 0x84, 0x82, 0xff, 0xff, 0xff, 
	0x90, 0x90, 0x90, 0x90, 0x90, 0x90, 0x90, 0x90, 
	
	0x4c, 0x0f, 0xbc, 0xf0, 
	0x49, 0x29, 0xfe, 
	0x4c, 0x8b, 0x44, 0x24, 0x08, 
	0x4d, 0x89, 0xdf, 
	0x48, 0x8b, 0x7c, 0x24, 0x18, 
	0x4c, 0x8b, 0x5c, 0x24, 0x38, 
	0x4c, 0x89, 0xee, 
	
	0x4d, 0x85, 0xf6, 
	0x0f, 0x88, 0xaa, 0x4b, 0x00, 0x00, 
	0x4d, 0x89, 0x30, 
	0x48, 0x83, 0xfe, 0xff, 
	0x0f, 0x84, 0x09, 0x00, 0x00, 0x00, 
	0x4c, 0x39, 0xf6, 
	0x0f, 0x8e, 0x21, 0x10, 0x00, 0x00, 
	
	0x4c, 0x89, 0xf0, 
	0x48, 0x29, 0xd8, 
	0x48, 0x83, 0xc0, 0xfe, 
	0x41, 0xb9, 0x01, 0x00, 0x00, 0x00, 
	0x48, 0x89, 0xc1, 
	0x48, 0x8b, 0x54, 0x24, 0x30, 
	0x48, 0x09, 0xd1, 
	0x4c, 0x8b, 0x6c, 0x24, 0x28, 
	0x0f, 0x85, 0x3f, 0x00, 0x00, 0x00, 
	0x49, 0x8b, 0x45, 0x00, 
	0x49, 0x39, 0xc6, 
	0x0f, 0x83, 0x62, 0x02, 0x00, 0x00, 
	
	0x43, 0x8a, 0x0c, 0x34, 
	0x80, 0xf9, 0x0d, 
	0x0f, 0x84, 0x55, 0x02, 0x00, 0x00, 
	0x80, 0xf9, 0x20, 
	0x0f, 0x84, 0x4c, 0x02, 0x00, 0x00, 
	0x80, 0xc1, 0xf7, 
	0x80, 0xf9, 0x01, 
	0x0f, 0x86, 0x40, 0x02, 0x00, 0x00, 
	0x4c, 0x89, 0xf1, 
	0x4c, 0x8b, 0x5c, 0x24, 0x20, 
	0xe9, 0xb4, 0x03, 0x00, 0x00, 
	0x90, 0x90, 0x90, 
	
	0x48, 0x39, 0xd0, 
	0x0f, 0x85, 0x37, 0x00, 0x00, 0x00, 
	0x48, 0x89, 0xd1, 
	0x31, 0xd2, 
	0x90, 0x90, 
	
	0x48, 0x83, 0xf9, 0x20, 
	0x0f, 0x82, 0x3b, 0x00, 0x00, 0x00, 
	0xc4, 0x41, 0x7e, 0x6f, 0x1c, 0x13, 
	0xc5, 0x25, 0x74, 0x1c, 0x17, 
	0xc4, 0xc1, 0x7d, 0xd7, 0xc3, 
	0x48, 0x83, 0xc1, 0xe0, 
	0x48, 0x83, 0xc2, 0x20, 
	0x83, 0xf8, 0xff, 
	0x0f, 0x84, 0xd5, 0xff, 0xff, 0xff, 
	0xe9, 0x9b, 0x00, 0x00, 0x00, 
	
	
	0x45, 0x31, 0xc9, 
	0x49, 0x8b, 0x45, 0x00, 
	0x49, 0x39, 0xc6, 
	0x0f, 0x82, 0x7e, 0xff, 0xff, 0xff, 
	0xe9, 0xdb, 0x01, 0x00, 0x00, 
	
	0x41, 0x8d, 0x04, 0x1c, 
	0x01, 0xd0, 
	0x83, 0xc0, 0x01, 
	0x25, 0xff, 0x0f, 0x00, 0x00, 
	0x3d, 0xe0, 0x0f, 0x00, 0x00, 
	0x0f, 0x87, 0x42, 0x00, 0x00, 0x00, 
	0x8d, 0x04, 0x17, 
	0x25, 0xff, 0x0f, 0x00, 0x00, 
	0x3d, 0xe1, 0x0f, 0x00, 0x00, 
	0x0f, 0x83, 0x2f, 0x00, 0x00, 0x00, 
	0xc4, 0x41, 0x7e, 0x6f, 0x1c, 0x13, 
	0xc5, 0x25, 0x74, 0x1c, 0x17, 
	0xc4, 0xc1, 0x7d, 0xd7, 0xc3, 
	0x83, 0xf8, 0xff, 
	0x0f, 0x84, 0xc3, 0x00, 0x00, 0x00, 
	0xf7, 0xd0, 
	0x0f, 0xbc, 0xc0, 
	0xe9, 0x9d, 0x00, 0x00, 0x00, 
	0x90, 0x90, 0x90, 0x90, 0x90, 0x90, 0x90, 0x90, 0x90, 0x90, 0x90, 0x90, 
	
	0x48, 0x83, 0xf9, 0x10, 
	0x0f, 0x82, 0x39, 0x00, 0x00, 0x00, 
	0xc4, 0xc1, 0x7a, 0x6f, 0x34, 0x13, 
	0xc5, 0xc9, 0x74, 0x34, 0x17, 
	0xc5, 0xf9, 0xd7, 0xc6, 
	0x48, 0x83, 0xc1, 0xf0, 
	0x48, 0x83, 0xc2, 0x10, 
	0x66, 0x83, 0xf8, 0xff, 
	0x0f, 0x84, 0xd5, 0xff, 0xff, 0xff, 
	
	0x31, 0xc0, 
	
	0x44, 0x0f, 0xb6, 0xc8, 
	0x49, 0x8b, 0x45, 0x00, 
	0x49, 0x39, 0xc6, 
	0x0f, 0x82, 0xe0, 0xfe, 0xff, 0xff, 
	0xe9, 0x3d, 0x01, 0x00, 0x00, 
	
	0x41, 0x8d, 0x04, 0x1c, 
	0x01, 0xd0, 
	0x83, 0xc0, 0x01, 
	0x25, 0xff, 0x0f, 0x00, 0x00, 
	0x3d, 0xf0, 0x0f, 0x00, 0x00, 
	0x0f, 0x87, 0x69, 0x00, 0x00, 0x00, 
	0x8d, 0x04, 0x17, 
	0x25, 0xff, 0x0f, 0x00, 0x00, 
	0x3d, 0xf1, 0x0f, 0x00, 0x00, 
	0x0f, 0x83, 0x56, 0x00, 0x00, 0x00, 
	0xc4, 0xc1, 0x7a, 0x6f, 0x34, 0x13, 
	0xc5, 0xc9, 0x74, 0x34, 0x17, 
	0xc5, 0xf9, 0xd7, 0xc6, 
	0x66, 0x83, 0xf8, 0xff, 
	0x0f, 0x84, 0xd9, 0x00, 0x00, 0x00, 
	0xf7, 0xd0, 
	0x66, 0x0f, 0xbc, 0xc0, 
	0x0f, 0xb7, 0xc0, 
	
	0x48, 0x39, 0xc1, 
	0x0f, 0x96, 0xc0, 
	0x44, 0x0f, 0xb6, 0xc8, 
	0x49, 0x8b, 0x45, 0x00, 
	0x49, 0x39, 0xc6, 
	0x0f, 0x82, 0x76, 0xfe, 0xff, 0xff, 
	0xe9, 0xd3, 0x00, 0x00, 0x00, 
	
	0xb0, 0x01, 
	0x44, 0x0f, 0xb6, 0xc8, 
	0x49, 0x8b, 0x45, 0x00, 
	0x49, 0x39, 0xc6, 
	0x0f, 0x82, 0x5e, 0xfe, 0xff, 0xff, 
	0xe9, 0xbb, 0x00, 0x00, 0x00, 
	
	0xb0, 0x01, 
	0x48, 0x39, 0x54, 0x24, 0x30, 
	0x0f, 0x84, 0x5b, 0xff, 0xff, 0xff, 
	
	0x41, 0x0f, 0xb6, 0x04, 0x13, 
	0x3a, 0x04, 0x17, 
	0x0f, 0x94, 0xc0, 
	0x0f, 0x85, 0x4a, 0xff, 0xff, 0xff, 
	0x48, 0x83, 0xc2, 0x01, 
	0x48, 0x39, 0x54, 0x24, 0x30, 
	0x0f, 0x85, 0xe0, 0xff, 0xff, 0xff, 
	0xe9, 0x36, 0xff, 0xff, 0xff, 
	
	0x4d, 0x01, 0xe6, 
	0x4d, 0x89, 0xdf, 
	0x48, 0x8b, 0x7c, 0x24, 0x18, 
	0x4c, 0x8b, 0x5c, 0x24, 0x38, 
	0x4c, 0x89, 0xee, 
	0x48, 0x83, 0xf9, 0x20, 
	0x0f, 0x82, 0xdf, 0x12, 0x00, 0x00, 
	
	0xc4, 0x41, 0x7e, 0x6f, 0x1e, 
	0xc5, 0x25, 0x74, 0xf1, 
	0xc4, 0xc1, 0x7d, 0xd7, 0xc6, 
	0xc5, 0x25, 0x74, 0xda, 
	0xc4, 0x41, 0x7d, 0xd7, 0xeb, 
	0x45, 0x85, 0xed, 
	0x0f, 0x85, 0x43, 0x12, 0x00, 0x00, 
	0x4d, 0x85, 0xc0, 
	0x0f, 0x85, 0x5f, 0x12, 0x00, 0x00, 
	0x45, 0x31, 0xc0, 
	0x48, 0x85, 0xc0, 
	0x0f, 0x84, 0xa2, 0x12, 0x00, 0x00, 
	
	0x48, 0x0f, 0xbc, 0xc0, 
	0x4d, 0x29, 0xe6, 
	0x49, 0x01, 0xc6, 
	0x49, 0x83, 0xc6, 0x01, 
	0x4c, 0x8b, 0x44, 0x24, 0x08, 
	0xe9, 0x6b, 0xfd, 0xff, 0xff, 
	
	0xb0, 0x01, 
	0x44, 0x0f, 0xb6, 0xc8, 
	0x49, 0x8b, 0x45, 0x00, 
	0x49, 0x39, 0xc6, 
	0x0f, 0x82, 0xaa, 0xfd, 0xff, 0xff, 
	0x90, 0x90, 0x90, 0x90, 0x90, 0x90, 0x90, 0x90, 0x90, 0x90, 0x90, 0x90, 
	
	0x49, 0x8d, 0x4e, 0x01, 
	0x48, 0x39, 0xc1, 
	0x4c, 0x8b, 0x5c, 0x24, 0x20, 
	0x0f, 0x83, 0x2e, 0x00, 0x00, 0x00, 
	0x41, 0x8a, 0x1c, 0x0c, 
	0x80, 0xfb, 0x0d, 
	0x0f, 0x84, 0x21, 0x00, 0x00, 0x00, 
	0x80, 0xfb, 0x20, 
	0x0f, 0x84, 0x18, 0x00, 0x00, 0x00, 
	0x80, 0xc3, 0xf7, 
	0x80, 0xfb, 0x01, 
	0x0f, 0x87, 0x4d, 0x01, 0x00, 0x00, 
	0x90, 0x90, 0x90, 0x90, 0x90, 0x90, 0x90, 0x90, 0x90, 0x90, 0x90, 0x90, 
	
	0x49, 0x8d, 0x4e, 0x02, 
	0x48, 0x39, 0xc1, 
	0x0f, 0x83, 0x23, 0x00, 0x00, 0x00, 
	0x41, 0x8a, 0x1c, 0x0c, 
	0x80, 0xfb, 0x0d, 
	0x0f, 0x84, 0x16, 0x00, 0x00, 0x00, 
	0x80, 0xfb, 0x20, 
	0x0f, 0x84, 0x0d, 0x00, 0x00, 0x00, 
	0x80, 0xc3, 0xf7, 
	0x80, 0xfb, 0x01, 
	0x0f, 0x87, 0x12, 0x01, 0x00, 0x00, 
	0x90, 
	
	0x49, 0x8d, 0x4e, 0x03, 
	0x48, 0x39, 0xc1, 
	0x0f, 0x83, 0x23, 0x00, 0x00, 0x00, 
	0x41, 0x8a, 0x1c, 0x0c, 
	0x80, 0xfb, 0x0d, 
	0x0f, 0x84, 0x16, 0x00, 0x00, 0x00, 
	0x80, 0xfb, 0x20, 
	0x0f, 0x84, 0x0d, 0x00, 0x00, 0x00, 
	0x80, 0xc3, 0xf7, 
	0x80, 0xfb, 0x01, 
	0x0f, 0x87, 0xe2, 0x00, 0x00, 0x00, 
	0x90, 
	
	0x49, 0x8d, 0x4e, 0x04, 
	0x48, 0x89, 0xc6, 
	0x48, 0x29, 0xce, 
	0x0f, 0x86, 0x13, 0x3f, 0x00, 0x00, 
	0x48, 0x83, 0xfe, 0x20, 
	0x0f, 0x82, 0x87, 0x10, 0x00, 0x00, 
	0x48, 0xc7, 0xc6, 0xfc, 0xff, 0xff, 0xff, 
	0x4c, 0x29, 0xf6, 
	0x90, 0x90, 0x90, 0x90, 0x90, 0x90, 0x90, 0x90, 0x90, 0x90, 0x90, 0x90, 
	
	0xc4, 0xc1, 0x7e, 0x6f, 0x34, 0x0c, 
	0xc4, 0x62, 0x7d, 0x00, 0xde, 
	0xc5, 0xa5, 0x74, 0xf6, 
	0xc5, 0xfd, 0xd7, 0xfe, 
	0x83, 0xff, 0xff, 
	0x0f, 0x85, 0x84, 0x00, 0x00, 0x00, 
	0x48, 0x83, 0xc1, 0x20, 
	0x48, 0x8d, 0x3c, 0x30, 
	0x48, 0x83, 0xc7, 0xe0, 
	0x48, 0x83, 0xc6, 0xe0, 
	0x48, 0x83, 0xff, 0x1f, 
	0x0f, 0x87, 0xca, 0xff, 0xff, 0xff, 
	0x4c, 0x89, 0xe1, 
	0x48, 0x29, 0xf1, 
	0x48, 0x01, 0xc6, 
	0x48, 0x85, 0xf6, 
	0x0f, 0x84, 0x3e, 0x00, 0x00, 0x00, 
	
	0x4c, 0x8d, 0x04, 0x31, 
	0x31, 0xff, 
	0x90, 0x90, 
	
	0x0f, 0xbe, 0x1c, 0x39, 
	0x83, 0xfb, 0x20, 
	0x0f, 0x87, 0x02, 0x0c, 0x00, 0x00, 
	0x48, 0xba, 0x00, 0x26, 0x00, 0x00, 0x01, 0x00, 0x00, 0x00, 
	0x48, 0x0f, 0xa3, 0xda, 
	0x0f, 0x83, 0xee, 0x0b, 0x00, 0x00, 
	0x48, 0x83, 0xc7, 0x01, 
	0x48, 0x39, 0xfe, 
	0x0f, 0x85, 0xd2, 0xff, 0xff, 0xff, 
	0x4c, 0x89, 0xc1, 
	0x4c, 0x8b, 0x44, 0x24, 0x08, 
	
	0x4c, 0x29, 0xe1, 
	0x48, 0x39, 0xc1, 
	0x0f, 0x82, 0x1f, 0x00, 0x00, 0x00, 
	0xe9, 0x10, 0x40, 0x00, 0x00, 
	0x90, 0x90, 0x90, 0x90, 0x90, 0x90, 0x90, 0x90, 0x90, 
	
	0xf7, 0xd7, 
	0x0f, 0xbc, 0xcf, 
	0x48, 0x29, 0xf1, 
	0x48, 0x39, 0xc1, 
	0x0f, 0x83, 0xf6, 0x3f, 0x00, 0x00, 
	
	0x4c, 0x8d, 0x71, 0x01, 
	0x4d, 0x89, 0x30, 
	0x41, 0x80, 0x3c, 0x0c, 0x3a, 
	0x0f, 0x85, 0xe4, 0x3f, 0x00, 0x00, 
	0x4d, 0x85, 0xc9, 
	0x0f, 0x85, 0xd4, 0x20, 0x00, 0x00, 
	0x49, 0x8b, 0x55, 0x00, 
	0x49, 0x39, 0xd6, 
	0x0f, 0x83, 0x27, 0x00, 0x00, 0x00, 
	0x43, 0x8a, 0x04, 0x34, 
	0x3c, 0x0d, 
	0x0f, 0x84, 0x1b, 0x00, 0x00, 0x00, 
	0x3c, 0x20, 
	0x0f, 0x84, 0x13, 0x00, 0x00, 0x00, 
	0x04, 0xf7, 
	0x3c, 0x01, 
	0x0f, 0x86, 0x09, 0x00, 0x00, 0x00, 
	0x4c, 0x89, 0xf0, 
	0xe9, 0x62, 0x01, 0x00, 0x00, 
	0x90, 
	
	0x48, 0x8d, 0x41, 0x02, 
	0x48, 0x39, 0xd0, 
	0x0f, 0x83, 0x23, 0x00, 0x00, 0x00, 
	0x41, 0x8a, 0x1c, 0x04, 
	0x80, 0xfb, 0x0d, 
	0x0f, 0x84, 0x16, 0x00, 0x00, 0x00, 
	0x80, 0xfb, 0x20, 
	0x0f, 0x84, 0x0d, 0x00, 0x00, 0x00, 
	0x80, 0xc3, 0xf7, 
	0x80, 0xfb, 0x01, 
	0x0f, 0x87, 0x32, 0x01, 0x00, 0x00, 
	0x90, 
	
	0x48, 0x8d, 0x41, 0x03, 
	0x48, 0x39, 0xd0, 
	0x0f, 0x83, 0x23, 0x00, 0x00, 0x00, 
	0x41, 0x8a, 0x1c, 0x04, 
	0x80, 0xfb, 0x0d, 
	0x0f, 0x84, 0x16, 0x00, 0x00, 0x00, 
	0x80, 0xfb, 0x20, 
	0x0f, 0x84, 0x0d, 0x00, 0x00, 0x00, 
	0x80, 0xc3, 0xf7, 
	0x80, 0xfb, 0x01, 
	0x0f, 0x87, 0x02, 0x01, 0x00, 0x00, 
	0x90, 
	
	0x48, 0x8d, 0x41, 0x04, 
	0x48, 0x39, 0xd0, 
	0x0f, 0x83, 0x23, 0x00, 0x00, 0x00, 
	0x41, 0x8a, 0x1c, 0x04, 
	0x80, 0xfb, 0x0d, 
	0x0f, 0x84, 0x16, 0x00, 0x00, 0x00, 
	0x80, 0xfb, 0x20, 
	0x0f, 0x84, 0x0d, 0x00, 0x00, 0x00, 
	0x80, 0xc3, 0xf7, 
	0x80, 0xfb, 0x01, 
	0x0f, 0x87, 0xd2, 0x00, 0x00, 0x00, 
	0x90, 
	
	0x48, 0x8d, 0x41, 0x05, 
	0x48, 0x89, 0xd6, 
	0x48, 0x29, 0xc6, 
	0x0f, 0x86, 0xb0, 0x05, 0x00, 0x00, 
	0x48, 0x83, 0xfe, 0x20, 
	0x0f, 0x82, 0x2c, 0x0f, 0x00, 0x00, 
	0x48, 0xc7, 0xc6, 0xfb, 0xff, 0xff, 0xff, 
	0x48, 0x29, 0xce, 
	0x90, 0x90, 0x90, 0x90, 0x90, 0x90, 0x90, 0x90, 0x90, 0x90, 0x90, 0x90, 
	
	0xc4, 0xc1, 0x7e, 0x6f, 0x34, 0x04, 
	0xc4, 0x62, 0x7d, 0x00, 0xde, 
	0xc5, 0xa5, 0x74, 0xf6, 
	0xc5, 0xfd, 0xd7, 0xce, 
	0x83, 0xf9, 0xff, 
	0x0f, 0x85, 0x74, 0x00, 0x00, 0x00, 
	0x48, 0x83, 0xc0, 0x20, 
	0x48, 0x8d, 0x0c, 0x32, 
	0x48, 0x83, 0xc1, 0xe0, 
	0x48, 0x83, 0xc6, 0xe0, 
	0x48, 0x83, 0xf9, 0x1f, 
	0x0f, 0x87, 0xca, 0xff, 0xff, 0xff, 
	0x4c, 0x89, 0xe0, 
	0x48, 0x29, 0xf0, 
	0x48, 0x01, 0xd6, 
	0x48, 0x85, 0xf6, 
	0x0f, 0x84, 0x37, 0x00, 0x00, 0x00, 
	
	0x4c, 0x8d, 0x0c, 0x30, 
	0x31, 0xc9, 
	
	0x0f, 0xbe, 0x1c, 0x08, 
	0x83, 0xfb, 0x20, 
	0x0f, 0x87, 0x71, 0x0a, 0x00, 0x00, 
	0x48, 0xbf, 0x00, 0x26, 0x00, 0x00, 0x01, 0x00, 0x00, 0x00, 
	0x48, 0x0f, 0xa3, 0xdf, 
	0x0f, 0x83, 0x5d, 0x0a, 0x00, 0x00, 
	0x48, 0x83, 0xc1, 0x01, 
	0x48, 0x39, 0xce, 
	0x0f, 0x85, 0xd2, 0xff, 0xff, 0xff, 
	0x4c, 0x89, 0xc8, 
	
	0x4c, 0x29, 0xe0, 
	0x48, 0x39, 0xd0, 
	0x0f, 0x82, 0x16, 0x00, 0x00, 0x00, 
	0xe9, 0x06, 0x05, 0x00, 0x00, 
	
	
	0xf7, 0xd1, 
	0x0f, 0xbc, 0xc1, 
	0x48, 0x29, 0xf0, 
	0x48, 0x39, 0xd0, 
	0x0f, 0x83, 0xf5, 0x04, 0x00, 0x00, 
	
	0x4c, 0x8d, 0x70, 0x01, 
	0x4d, 0x89, 0x30, 
	0x41, 0x0f, 0xbe, 0x0c, 0x04, 
	0x83, 0xf9, 0x7b, 
	0x0f, 0x87, 0xda, 0x04, 0x00, 0x00, 
	0x48, 0x8d, 0x15, 0xdf, 0x49, 0x00, 0x00, 
	0x48, 0x63, 0x0c, 0x8a, 
	0x48, 0x01, 0xd1, 
	0xff, 0xe1, 
	
	0x49, 0x8b, 0x55, 0x00, 
	0x48, 0x89, 0xd1, 
	0x4c, 0x29, 0xf1, 
	0x48, 0x83, 0xf9, 0x20, 
	0x0f, 0x82, 0x4d, 0x0e, 0x00, 0x00, 
	0x48, 0x89, 0xc1, 
	0x48, 0xf7, 0xd1, 
	0x48, 0x83, 0xc0, 0x01, 
	0x90, 0x90, 0x90, 0x90, 0x90, 0x90, 0x90, 0x90, 0x90, 0x90, 0x90, 0x90, 
	
	0xc4, 0xc1, 0x7e, 0x6f, 0x34, 0x04, 
	0xc5, 0x4d, 0x74, 0xdb, 
	0xc5, 0xcd, 0xdb, 0xf4, 
	0xc5, 0xcd, 0x74, 0xf5, 
	0xc5, 0xa5, 0xeb, 0xf6, 
	0xc5, 0xfd, 0xd7, 0xf6, 
	0x85, 0xf6, 
	0x0f, 0x85, 0xbe, 0x00, 0x00, 0x00, 
	0x48, 0x83, 0xc0, 0x20, 
	0x48, 0x8d, 0x34, 0x0a, 
	0x48, 0x83, 0xc6, 0xe0, 
	0x48, 0x83, 0xc1, 0xe0, 
	0x48, 0x83, 0xfe, 0x1f, 
	0x0f, 0x87, 0xc4, 0xff, 0xff, 0xff, 
	0x4d, 0x89, 0xe6, 
	0x49, 0x29, 0xce, 
	0x48, 0x01, 0xca, 
	0x48, 0x89, 0xd1, 
	0x48, 0x83, 0xf9, 0x10, 
	0x0f, 0x82, 0x45, 0x00, 0x00, 0x00, 
	
	0x4c, 0x89, 0xe0, 
	0x4c, 0x29, 0xf0, 
	
	0xc4, 0xc1, 0x7a, 0x6f, 0x36, 
	0xc5, 0xc9, 0x74, 0x3d, 0xeb, 0xf2, 0xff, 0xff, 
	0xc5, 0xc9, 0xdb, 0x35, 0xf3, 0xf2, 0xff, 0xff, 
	0xc5, 0xb9, 0x74, 0xf6, 
	0xc5, 0xc9, 0xeb, 0xf7, 
	0xc5, 0xf9, 0xd7, 0xd6, 
	0x85, 0xd2, 
	0x0f, 0x85, 0x07, 0x09, 0x00, 0x00, 
	0x49, 0x83, 0xc6, 0x10, 
	0x48, 0x83, 0xc1, 0xf0, 
	0x48, 0x83, 0xc0, 0xf0, 
	0x48, 0x83, 0xf9, 0x0f, 
	0x0f, 0x87, 0xc1, 0xff, 0xff, 0xff, 
	
	0x48, 0x85, 0xc9, 
	0x0f, 0x84, 0x36, 0x00, 0x00, 0x00, 
	0x49, 0x8d, 0x14, 0x0e, 
	0x31, 0xc0, 
	
	0x41, 0x0f, 0xb6, 0x1c, 0x06, 
	0x80, 0xfb, 0x2c, 
	0x0f, 0x84, 0x9d, 0x0d, 0x00, 0x00, 
	0x80, 0xfb, 0x7d, 
	0x0f, 0x84, 0x94, 0x0d, 0x00, 0x00, 
	0x80, 0xfb, 0x5d, 
	0x0f, 0x84, 0x8b, 0x0d, 0x00, 0x00, 
	0x48, 0x83, 0xc0, 0x01, 
	0x48, 0x39, 0xc1, 
	0x0f, 0x85, 0xd3, 0xff, 0xff, 0xff, 
	0x49, 0x89, 0xd6, 
	
	0x4d, 0x29, 0xe6, 
	0xe9, 0x79, 0x0d, 0x00, 0x00, 
	0x90, 0x90, 
	
	0x44, 0x0f, 0xbc, 0xf6, 
	0x49, 0x29, 0xce, 
	0x4d, 0x89, 0x30, 
	0xe9, 0xb7, 0x03, 0x00, 0x00, 
	
	0x48, 0x83, 0xc0, 0x04, 
	0x49, 0x3b, 0x45, 0x00, 
	0x0f, 0x86, 0xa3, 0x03, 0x00, 0x00, 
	0xe9, 0xa4, 0x03, 0x00, 0x00, 
	
	0x4c, 0x89, 0x7c, 0x24, 0x18, 
	0x4d, 0x8b, 0x45, 0x00, 
	0x4d, 0x89, 0xc7, 
	0x4d, 0x29, 0xf7, 
	0x49, 0x83, 0xff, 0x20, 
	0x0f, 0x8c, 0x53, 0x0d, 0x00, 0x00, 
	0x4d, 0x8d, 0x0c, 0x04, 
	0x49, 0x29, 0xc0, 
	0xbb, 0x1f, 0x00, 0x00, 0x00, 
	0x45, 0x31, 0xff, 
	0x45, 0x31, 0xdb, 
	0x90, 0x90, 0x90, 
	
	0xc4, 0x81, 0x7e, 0x6f, 0x74, 0x39, 0x01, 
	0xc5, 0x4d, 0x74, 0xd9, 
	0xc4, 0x41, 0x7d, 0xd7, 0xd3, 
	0xc5, 0xcd, 0x74, 0xf2, 
	0xc5, 0xfd, 0xd7, 0xfe, 
	0x85, 0xff, 
	0x0f, 0x85, 0x20, 0x00, 0x00, 0x00, 
	0x4d, 0x85, 0xdb, 
	0x0f, 0x85, 0x17, 0x00, 0x00, 0x00, 
	0x45, 0x31, 0xdb, 
	0xe9, 0x40, 0x00, 0x00, 0x00, 
	0x90, 0x90, 0x90, 0x90, 0x90, 0x90, 0x90, 0x90, 0x90, 0x90, 0x90, 0x90, 0x90, 0x90, 0x90, 
	
	0x44, 0x89, 0xde, 
	0xf7, 0xd6, 
	0x21, 0xfe, 
	0x8d, 0x0c, 0x36, 
	0x44, 0x09, 0xd9, 
	0x89, 0xca, 
	0xf7, 0xd2, 
	0x21, 0xfa, 
	0x81, 0xe2, 0xaa, 0xaa, 0xaa, 0xaa, 
	0x45, 0x31, 0xdb, 
	0x01, 0xf2, 
	0x41, 0x0f, 0x92, 0xc3, 
	0x01, 0xd2, 
	0x81, 0xf2, 0x55, 0x55, 0x55, 0x55, 
	0x21, 0xca, 
	0xf7, 0xd2, 
	0x41, 0x21, 0xd2, 
	
	0x4d, 0x85, 0xd2, 
	0x0f, 0x85, 0x69, 0x07, 0x00, 0x00, 
	0x49, 0x83, 0xc7, 0x20, 
	0x49, 0x8d, 0x0c, 0x18, 
	0x48, 0x83, 0xc1, 0xe0, 
	0x48, 0x83, 0xc3, 0xe0, 
	0x48, 0x83, 0xf9, 0x3f, 
	0x0f, 0x8f, 0x6c, 0xff, 0xff, 0xff, 
	0x4d, 0x85, 0xdb, 
	0x0f, 0x85, 0x31, 0x0e, 0x00, 0x00, 
	0x4b, 0x8d, 0x04, 0x0f, 
	0x48, 0x83, 0xc0, 0x01, 
	0x49, 0xf7, 0xd7, 
	0x4d, 0x01, 0xc7, 
	
	0x4c, 0x8b, 0x5c, 0x24, 0x20, 
	0x4d, 0x85, 0xff, 
	0x4c, 0x8b, 0x44, 0x24, 0x08, 
	0x0f, 0x8f, 0x63, 0x07, 0x00, 0x00, 
	0xe9, 0x8b, 0x07, 0x00, 0x00, 
	
	0x4d, 0x8b, 0x4d, 0x00, 
	0x4d, 0x29, 0xf1, 
	0x4d, 0x01, 0xf4, 
	0x45, 0x31, 0xd2, 
	0x45, 0x31, 0xdb, 
	0x45, 0x31, 0xf6, 
	0x31, 0xd2, 
	0xe9, 0x17, 0x00, 0x00, 0x00, 
	
	0x48, 0xc1, 0xf9, 0x3f, 
	0xf3, 0x48, 0x0f, 0xb8, 0xc7, 
	0x49, 0x01, 0xc6, 
	0x49, 0x83, 0xc4, 0x40, 
	0x49, 0x83, 0xc1, 0xc0, 
	0x49, 0x89, 0xca, 
	
	0x49, 0x83, 0xf9, 0x40, 
	0x0f, 0x8c, 0x2f, 0x01, 0x00, 0x00, 
	
	0xc4, 0x41, 0x7e, 0x6f, 0x3c, 0x24, 
	0xc4, 0x41, 0x7e, 0x6f, 0x74, 0x24, 0x20, 
	0xc5, 0x85, 0x74, 0xf2, 
	0xc5, 0xfd, 0xd7, 0xf6, 
	0xc5, 0x8d, 0x74, 0xf2, 
	0xc5, 0xfd, 0xd7, 0xc6, 
	0x48, 0xc1, 0xe0, 0x20, 
	0x48, 0x09, 0xc6, 
	0x48, 0x89, 0xf0, 
	0x4c, 0x09, 0xd8, 
	0x0f, 0x85, 0x0f, 0x00, 0x00, 0x00, 
	0x48, 0xc7, 0xc6, 0xff, 0xff, 0xff, 0xff, 
	0x45, 0x31, 0xdb, 
	0xe9, 0x46, 0x00, 0x00, 0x00, 
	
	0x4c, 0x89, 0xd8, 
	0x48, 0xf7, 0xd0, 
	0x48, 0x21, 0xf0, 
	0x48, 0x8d, 0x1c, 0x00, 
	0x4c, 0x09, 0xdb, 
	0x48, 0x89, 0xdf, 
	0x48, 0xf7, 0xd7, 
	0x48, 0xb9, 0xaa, 0xaa, 0xaa, 0xaa, 0xaa, 0xaa, 0xaa, 0xaa, 
	0x48, 0x21, 0xce, 
	0x48, 0x21, 0xfe, 
	0x45, 0x31, 0xdb, 
	0x48, 0x01, 0xc6, 
	0x41, 0x0f, 0x92, 0xc3, 
	0x48, 0x01, 0xf6, 
	0x48, 0xb8, 0x55, 0x55, 0x55, 0x55, 0x55, 0x55, 0x55, 0x55, 
	0x48, 0x31, 0xc6, 
	0x48, 0x21, 0xde, 
	0x48, 0xf7, 0xd6, 
	
	0x4c, 0x8b, 0x44, 0x24, 0x08, 
	0xc5, 0x8d, 0x74, 0xf1, 
	0xc5, 0xfd, 0xd7, 0xc6, 
	0x48, 0xc1, 0xe0, 0x20, 
	0xc5, 0x85, 0x74, 0xf1, 
	0xc5, 0xfd, 0xd7, 0xfe, 
	0x48, 0x09, 0xc7, 
	0x48, 0x21, 0xf7, 
	0xc4, 0xe1, 0xf9, 0x6e, 0xf7, 
	0xc4, 0xc3, 0x49, 0x44, 0xf1, 0x00, 
	0xc4, 0xe1, 0xf9, 0x7e, 0xf1, 
	0x4c, 0x31, 0xd1, 
	0xc4, 0xc1, 0x05, 0x74, 0xf2, 
	0xc5, 0xfd, 0xd7, 0xfe, 
	0xc4, 0xc1, 0x0d, 0x74, 0xf2, 
	0xc5, 0xfd, 0xd7, 0xc6, 
	0x48, 0xc1, 0xe0, 0x20, 
	0x48, 0x09, 0xc7, 
	0x48, 0x89, 0xce, 
	0x48, 0xf7, 0xd6, 
	0x48, 0x21, 0xf7, 
	0xc5, 0x85, 0x74, 0xf5, 
	0xc5, 0xfd, 0xd7, 0xc6, 
	0xc5, 0x8d, 0x74, 0xf5, 
	0xc5, 0xfd, 0xd7, 0xde, 
	0x48, 0xc1, 0xe3, 0x20, 
	0x48, 0x09, 0xd8, 
	0x48, 0x21, 0xf0, 
	0x0f, 0x84, 0xe6, 0xfe, 0xff, 0xff, 
	0x90, 0x90, 0x90, 0x90, 0x90, 0x90, 0x90, 0x90, 0x90, 
	
	0x48, 0x8d, 0x58, 0xff, 
	0x48, 0x89, 0xde, 
	0x48, 0x21, 0xfe, 
	0xf3, 0x48, 0x0f, 0xb8, 0xf6, 
	0x4c, 0x01, 0xf6, 
	0x48, 0x39, 0xd6, 
	0x0f, 0x86, 0x9a, 0x05, 0x00, 0x00, 
	0x48, 0x83, 0xc2, 0x01, 
	0x48, 0x21, 0xd8, 
	0x0f, 0x85, 0xd8, 0xff, 0xff, 0xff, 
	0xe9, 0xb0, 0xfe, 0xff, 0xff, 
	
	0x4d, 0x85, 0xc9, 
	0x0f, 0x8e, 0x85, 0x0c, 0x00, 0x00, 
	0xc5, 0xc9, 0xef, 0xf6, 
	0xc5, 0xfe, 0x7f, 0x74, 0x24, 0x60, 
	0xc5, 0xfe, 0x7f, 0x74, 0x24, 0x40, 
	0x44, 0x89, 0xe0, 
	0x25, 0xff, 0x0f, 0x00, 0x00, 
	0x3d, 0xc1, 0x0f, 0x00, 0x00, 
	0x0f, 0x82, 0x28, 0x00, 0x00, 0x00, 
	0x49, 0x83, 0xf9, 0x20, 
	0x0f, 0x82, 0x28, 0x00, 0x00, 0x00, 
	0xc4, 0xc1, 0x7e, 0x6f, 0x34, 0x24, 
	0xc5, 0xfe, 0x7f, 0x74, 0x24, 0x40, 
	0x49, 0x83, 0xc4, 0x20, 
	0x49, 0x8d, 0x79, 0xe0, 
	0x4c, 0x8d, 0x44, 0x24, 0x60, 
	0xe9, 0x12, 0x00, 0x00, 0x00, 
	
	0x4c, 0x8b, 0x6c, 0x24, 0x28, 
	0xe9, 0x73, 0xfe, 0xff, 0xff, 
	
	0x4c, 0x8d, 0x44, 0x24, 0x40, 
	0x4c, 0x89, 0xcf, 
	
	0x48, 0x83, 0xff, 0x10, 
	0x0f, 0x82, 0x4d, 0x00, 0x00, 0x00, 
	0xc4, 0xc1, 0x7a, 0x6f, 0x34, 0x24, 
	0xc4, 0xc1, 0x7a, 0x7f, 0x30, 
	0x49, 0x83, 0xc4, 0x10, 
	0x49, 0x83, 0xc0, 0x10, 
	0x48, 0x83, 0xc7, 0xf0, 
	0x48, 0x83, 0xff, 0x08, 
	0x0f, 0x83, 0x36, 0x00, 0x00, 0x00, 
	
	0x48, 0x83, 0xff, 0x04, 
	0x0f, 0x8c, 0x49, 0x00, 0x00, 0x00, 
	
	0x41, 0x8b, 0x04, 0x24, 
	0x41, 0x89, 0x00, 
	0x49, 0x83, 0xc4, 0x04, 
	0x49, 0x83, 0xc0, 0x04, 
	0x48, 0x83, 0xc7, 0xfc, 
	0x48, 0x83, 0xff, 0x02, 
	0x0f, 0x83, 0x36, 0x00, 0x00, 0x00, 
	0xe9, 0x46, 0x00, 0x00, 0x00, 
	
	0x48, 0x83, 0xff, 0x08, 
	0x0f, 0x82, 0xca, 0xff, 0xff, 0xff, 
	
	0x49, 0x8b, 0x04, 0x24, 
	0x49, 0x89, 0x00, 
	0x49, 0x83, 0xc4, 0x08, 
	0x49, 0x83, 0xc0, 0x08, 
	0x48, 0x83, 0xc7, 0xf8, 
	0x48, 0x83, 0xff, 0x04, 
	0x0f, 0x8d, 0xb7, 0xff, 0xff, 0xff, 
	
	0x48, 0x83, 0xff, 0x02, 
	0x0f, 0x82, 0x15, 0x00, 0x00, 0x00, 
	
	0x41, 0x0f, 0xb7, 0x04, 0x24, 
	0x66, 0x41, 0x89, 0x00, 
	0x49, 0x83, 0xc4, 0x02, 
	0x49, 0x83, 0xc0, 0x02, 
	0x48, 0x83, 0xc7, 0xfe, 
	
	0x4c, 0x89, 0xe0, 
	0x4c, 0x8d, 0x64, 0x24, 0x40, 
	0x48, 0x85, 0xff, 
	0x4c, 0x8b, 0x6c, 0x24, 0x28, 
	0x0f, 0x84, 0xb8, 0xfd, 0xff, 0xff, 
	0x8a, 0x00, 
	0x41, 0x88, 0x00, 
	0x4c, 0x8d, 0x64, 0x24, 0x40, 
	0xe9, 0xa9, 0xfd, 0xff, 0xff, 
	
	0x48, 0x83, 0xc0, 0x05, 
	0x49, 0x3b, 0x45, 0x00, 
	0x0f, 0x87, 0x13, 0x00, 0x00, 0x00, 
	0x90, 0x90, 0x90, 0x90, 0x90, 0x90, 0x90, 0x90, 0x90, 0x90, 0x90, 0x90, 0x90, 
	
	0x49, 0x89, 0x00, 
	0x49, 0x89, 0xc6, 
	
	0x4d, 0x8b, 0x23, 
	0x49, 0x8b, 0x43, 0x08, 
	0x49, 0x39, 0xc6, 
	0x0f, 0x83, 0x2a, 0x00, 0x00, 0x00, 
	0x43, 0x8a, 0x0c, 0x34, 
	0x80, 0xf9, 0x0d, 
	0x0f, 0x84, 0x1d, 0x00, 0x00, 0x00, 
	0x80, 0xf9, 0x20, 
	0x0f, 0x84, 0x14, 0x00, 0x00, 0x00, 
	0x80, 0xc1, 0xf7, 
	0x80, 0xf9, 0x01, 
	0x0f, 0x86, 0x08, 0x00, 0x00, 0x00, 
	0x4c, 0x89, 0xf1, 
	0xe9, 0x61, 0x01, 0x00, 0x00, 
	
	
	0x49, 0x8d, 0x4e, 0x01, 
	0x48, 0x39, 0xc1, 
	0x0f, 0x83, 0x23, 0x00, 0x00, 0x00, 
	0x41, 0x8a, 0x14, 0x0c, 
	0x80, 0xfa, 0x0d, 
	0x0f, 0x84, 0x16, 0x00, 0x00, 0x00, 
	0x80, 0xfa, 0x20, 
	0x0f, 0x84, 0x0d, 0x00, 0x00, 0x00, 
	0x80, 0xc2, 0xf7, 
	0x80, 0xfa, 0x01, 
	0x0f, 0x87, 0x32, 0x01, 0x00, 0x00, 
	0x90, 
	
	0x49, 0x8d, 0x4e, 0x02, 
	0x48, 0x39, 0xc1, 
	0x0f, 0x83, 0x23, 0x00, 0x00, 0x00, 
	0x41, 0x8a, 0x14, 0x0c, 
	0x80, 0xfa, 0x0d, 
	0x0f, 0x84, 0x16, 0x00, 0x00, 0x00, 
	0x80, 0xfa, 0x20, 
	0x0f, 0x84, 0x0d, 0x00, 0x00, 0x00, 
	0x80, 0xc2, 0xf7, 
	0x80, 0xfa, 0x01, 
	0x0f, 0x87, 0x02, 0x01, 0x00, 0x00, 
	0x90, 
	
	0x49, 0x8d, 0x4e, 0x03, 
	0x48, 0x39, 0xc1, 
	0x0f, 0x83, 0x23, 0x00, 0x00, 0x00, 
	0x41, 0x8a, 0x14, 0x0c, 
	0x80, 0xfa, 0x0d, 
	0x0f, 0x84, 0x16, 0x00, 0x00, 0x00, 
	0x80, 0xfa, 0x20, 
	0x0f, 0x84, 0x0d, 0x00, 0x00, 0x00, 
	0x80, 0xc2, 0xf7, 
	0x80, 0xfa, 0x01, 
	0x0f, 0x87, 0xd2, 0x00, 0x00, 0x00, 
	0x90, 
	
	0x49, 0x8d, 0x4e, 0x04, 
	0x48, 0x89, 0xc2, 
	0x48, 0x29, 0xca, 
	0x0f, 0x86, 0xc3, 0x36, 0x00, 0x00, 
	0x48, 0x83, 0xfa, 0x20, 
	0x0f, 0x82, 0x8b, 0x08, 0x00, 0x00, 
	0x48, 0xc7, 0xc2, 0xfc, 0xff, 0xff, 0xff, 
	0x4c, 0x29, 0xf2, 
	0x90, 0x90, 0x90, 0x90, 0x90, 0x90, 0x90, 0x90, 0x90, 0x90, 0x90, 0x90, 
	
	0xc4, 0xc1, 0x7e, 0x6f, 0x34, 0x0c, 
	0xc4, 0xe2, 0x7d, 0x00, 0xfe, 
	0xc5, 0xcd, 0x74, 0xf7, 
	0xc5, 0xfd, 0xd7, 0xf6, 
	0x83, 0xfe, 0xff, 
	0x0f, 0x85, 0x74, 0x00, 0x00, 0x00, 
	0x48, 0x83, 0xc1, 0x20, 
	0x48, 0x8d, 0x34, 0x10, 
	0x48, 0x83, 0xc6, 0xe0, 
	0x48, 0x83, 0xc2, 0xe0, 
	0x48, 0x83, 0xfe, 0x1f, 
	0x0f, 0x87, 0xca, 0xff, 0xff, 0xff, 
	0x4c, 0x89, 0xe1, 
	0x48, 0x29, 0xd1, 
	0x48, 0x01, 0xc2, 
	0x48, 0x85, 0xd2, 
	0x0f, 0x84, 0x37, 0x00, 0x00, 0x00, 
	
	0x4c, 0x8d, 0x0c, 0x11, 
	0x31, 0xf6, 
	
	0x0f, 0xbe, 0x1c, 0x31, 
	0x83, 0xfb, 0x20, 
	0x0f, 0x87, 0xcd, 0x03, 0x00, 0x00, 
	0x48, 0xbf, 0x00, 0x26, 0x00, 0x00, 0x01, 0x00, 0x00, 0x00, 
	0x48, 0x0f, 0xa3, 0xdf, 
	0x0f, 0x83, 0xb9, 0x03, 0x00, 0x00, 
	0x48, 0x83, 0xc6, 0x01, 
	0x48, 0x39, 0xf2, 
	0x0f, 0x85, 0xd2, 0xff, 0xff, 0xff, 
	0x4c, 0x89, 0xc9, 
	
	0x4c, 0x29, 0xe1, 
	0x48, 0x39, 0xc1, 
	0x0f, 0x82, 0x16, 0x00, 0x00, 0x00, 
	0xe9, 0xc7, 0x37, 0x00, 0x00, 
	
	
	0xf7, 0xd6, 
	0x0f, 0xbc, 0xce, 
	0x48, 0x29, 0xd1, 
	0x48, 0x39, 0xc1, 
	0x0f, 0x83, 0xb6, 0x37, 0x00, 0x00, 
	
	0x4c, 0x8d, 0x71, 0x01, 
	0x4d, 0x89, 0x30, 
	0x41, 0x8a, 0x04, 0x0c, 
	0x3c, 0x2c, 
	0x0f, 0x84, 0x57, 0xf0, 0xff, 0xff, 
	0xe9, 0x33, 0x1b, 0x00, 0x00, 
	
	0x4d, 0x8b, 0x4d, 0x00, 
	0x4d, 0x29, 0xf1, 
	0x4d, 0x01, 0xf4, 
	0x45, 0x31, 0xd2, 
	0x45, 0x31, 0xdb, 
	0x45, 0x31, 0xf6, 
	0x31, 0xd2, 
	0xe9, 0x17, 0x00, 0x00, 0x00, 
	
	0x48, 0xc1, 0xf9, 0x3f, 
	0xf3, 0x48, 0x0f, 0xb8, 0xc7, 
	0x49, 0x01, 0xc6, 
	0x49, 0x83, 0xc4, 0x40, 
	0x49, 0x83, 0xc1, 0xc0, 
	0x49, 0x89, 0xca, 
	
	0x49, 0x83, 0xf9, 0x40, 
	0x0f, 0x8c, 0x29, 0x01, 0x00, 0x00, 
	
	0xc4, 0x41, 0x7e, 0x6f, 0x3c, 0x24, 
	0xc4, 0x41, 0x7e, 0x6f, 0x74, 0x24, 0x20, 
	0xc5, 0x85, 0x74, 0xf2, 
	0xc5, 0xfd, 0xd7, 0xf6, 
	0xc5, 0x8d, 0x74, 0xf2, 
	0xc5, 0xfd, 0xd7, 0xc6, 
	0x48, 0xc1, 0xe0, 0x20, 
	0x48, 0x09, 0xc6, 
	0x48, 0x89, 0xf0, 
	0x4c, 0x09, 0xd8, 
	0x0f, 0x85, 0x0f, 0x00, 0x00, 0x00, 
	0x48, 0xc7, 0xc6, 0xff, 0xff, 0xff, 0xff, 
	0x45, 0x31, 0xdb, 
	0xe9, 0x46, 0x00, 0x00, 0x00, 
	
	0x4c, 0x89, 0xd8, 
	0x48, 0xf7, 0xd0, 
	0x48, 0x21, 0xf0, 
	0x48, 0x8d, 0x1c, 0x00, 
	0x4c, 0x09, 0xdb, 
	0x48, 0x89, 0xdf, 
	0x48, 0xf7, 0xd7, 
	0x48, 0xb9, 0xaa, 0xaa, 0xaa, 0xaa, 0xaa, 0xaa, 0xaa, 0xaa, 
	0x48, 0x21, 0xce, 
	0x48, 0x21, 0xfe, 
	0x45, 0x31, 0xdb, 
	0x48, 0x01, 0xc6, 
	0x41, 0x0f, 0x92, 0xc3, 
	0x48, 0x01, 0xf6, 
	0x48, 0xb8, 0x55, 0x55, 0x55, 0x55, 0x55, 0x55, 0x55, 0x55, 
	0x48, 0x31, 0xc6, 
	0x48, 0x21, 0xde, 
	0x48, 0xf7, 0xd6, 
	
	0x4c, 0x8b, 0x44, 0x24, 0x08, 
	0xc5, 0x8d, 0x74, 0xf1, 
	0xc5, 0xfd, 0xd7, 0xc6, 
	0x48, 0xc1, 0xe0, 0x20, 
	0xc5, 0x85, 0x74, 0xf1, 
	0xc5, 0xfd, 0xd7, 0xfe, 
	0x48, 0x09, 0xc7, 
	0x48, 0x21, 0xf7, 
	0xc4, 0xe1, 0xf9, 0x6e, 0xf7, 
	0xc4, 0xc3, 0x49, 0x44, 0xf1, 0x00, 
	0xc4, 0xe1, 0xf9, 0x7e, 0xf1, 
	0x4c, 0x31, 0xd1, 
	0xc4, 0xc1, 0x05, 0x74, 0xf4, 
	0xc5, 0xfd, 0xd7, 0xfe, 
	0xc4, 0xc1, 0x0d, 0x74, 0xf4, 
	0xc5, 0xfd, 0xd7, 0xc6, 
	0x48, 0xc1, 0xe0, 0x20, 
	0x48, 0x09, 0xc7, 
	0x48, 0x89, 0xce, 
	0x48, 0xf7, 0xd6, 
	0x48, 0x21, 0xf7, 
	0xc4, 0xc1, 0x05, 0x74, 0xf5, 
	0xc5, 0xfd, 0xd7, 0xc6, 
	0xc4, 0xc1, 0x0d, 0x74, 0xf5, 
	0xc5, 0xfd, 0xd7, 0xde, 
	0x48, 0xc1, 0xe3, 0x20, 
	0x48, 0x09, 0xd8, 
	0x48, 0x21, 0xf0, 
	0x0f, 0x84, 0xe4, 0xfe, 0xff, 0xff, 
	0x90, 
	
	0x48, 0x8d, 0x58, 0xff, 
	0x48, 0x89, 0xde, 
	0x48, 0x21, 0xfe, 
	0xf3, 0x48, 0x0f, 0xb8, 0xf6, 
	0x4c, 0x01, 0xf6, 
	0x48, 0x39, 0xd6, 
	0x0f, 0x86, 0x3a, 0x01, 0x00, 0x00, 
	0x48, 0x83, 0xc2, 0x01, 
	0x48, 0x21, 0xd8, 
	0x0f, 0x85, 0xd8, 0xff, 0xff, 0xff, 
	0xe9, 0xb6, 0xfe, 0xff, 0xff, 
	
	0x4d, 0x85, 0xc9, 
	0x0f, 0x8e, 0x25, 0x08, 0x00, 0x00, 
	0xc5, 0xc9, 0xef, 0xf6, 
	0xc5, 0xfe, 0x7f, 0x74, 0x24, 0x60, 
	0xc5, 0xfe, 0x7f, 0x74, 0x24, 0x40, 
	0x44, 0x89, 0xe0, 
	0x25, 0xff, 0x0f, 0x00, 0x00, 
	0x3d, 0xc1, 0x0f, 0x00, 0x00, 
	0x0f, 0x82, 0x28, 0x00, 0x00, 0x00, 
	0x49, 0x83, 0xf9, 0x20, 
	0x0f, 0x82, 0x28, 0x00, 0x00, 0x00, 
	0xc4, 0xc1, 0x7e, 0x6f, 0x34, 0x24, 
	0xc5, 0xfe, 0x7f, 0x74, 0x24, 0x40, 
	0x49, 0x83, 0xc4, 0x20, 
	0x49, 0x8d, 0x79, 0xe0, 
	0x4c, 0x8d, 0x44, 0x24, 0x60, 
	0xe9, 0x12, 0x00, 0x00, 0x00, 
	
	0x4c, 0x8b, 0x6c, 0x24, 0x28, 
	0xe9, 0x79, 0xfe, 0xff, 0xff, 
	
	0x4c, 0x8d, 0x44, 0x24, 0x40, 
	0x4c, 0x89, 0xcf, 
	
	0x48, 0x83, 0xff, 0x10, 
	0x0f, 0x82, 0x4d, 0x00, 0x00, 0x00, 
	0xc4, 0xc1, 0x7a, 0x6f, 0x34, 0x24, 
	0xc4, 0xc1, 0x7a, 0x7f, 0x30, 
	0x49, 0x83, 0xc4, 0x10, 
	0x49, 0x83, 0xc0, 0x10, 
	0x48, 0x83, 0xc7, 0xf0, 
	0x48, 0x83, 0xff, 0x08, 
	0x0f, 0x83, 0x36, 0x00, 0x00, 0x00, 
	
	0x48, 0x83, 0xff, 0x04, 
	0x0f, 0x8c, 0x49, 0x00, 0x00, 0x00, 
	
	0x41, 0x8b, 0x04, 0x24, 
	0x41, 0x89, 0x00, 
	0x49, 0x83, 0xc4, 0x04, 
	0x49, 0x83, 0xc0, 0x04, 
	0x48, 0x83, 0xc7, 0xfc, 
	0x48, 0x83, 0xff, 0x02, 
	0x0f, 0x83, 0x36, 0x00, 0x00, 0x00, 
	0xe9, 0x46, 0x00, 0x00, 0x00, 
	
	0x48, 0x83, 0xff, 0x08, 
	0x0f, 0x82, 0xca, 0xff, 0xff, 0xff, 
	
	0x49, 0x8b, 0x04, 0x24, 
	0x49, 0x89, 0x00, 
	0x49, 0x83, 0xc4, 0x08, 
	0x49, 0x83, 0xc0, 0x08, 
	0x48, 0x83, 0xc7, 0xf8, 
	0x48, 0x83, 0xff, 0x04, 
	0x0f, 0x8d, 0xb7, 0xff, 0xff, 0xff, 
	
	0x48, 0x83, 0xff, 0x02, 
	0x0f, 0x82, 0x15, 0x00, 0x00, 0x00, 
	
	0x41, 0x0f, 0xb7, 0x04, 0x24, 
	0x66, 0x41, 0x89, 0x00, 
	0x49, 0x83, 0xc4, 0x02, 
	0x49, 0x83, 0xc0, 0x02, 
	0x48, 0x83, 0xc7, 0xfe, 
	
	0x4c, 0x89, 0xe0, 
	0x4c, 0x8d, 0x64, 0x24, 0x40, 
	0x48, 0x85, 0xff, 
	0x4c, 0x8b, 0x6c, 0x24, 0x28, 
	0x0f, 0x84, 0xbe, 0xfd, 0xff, 0xff, 
	0x8a, 0x00, 
	0x41, 0x88, 0x00, 
	0x4c, 0x8d, 0x64, 0x24, 0x40, 
	0xe9, 0xaf, 0xfd, 0xff, 0xff, 
	
	0x49, 0x8b, 0x4d, 0x00, 
	0x48, 0x0f, 0xbc, 0xc0, 
	0x4c, 0x29, 0xc8, 
	0x4c, 0x8d, 0x34, 0x08, 
	0x49, 0x83, 0xc6, 0x01, 
	0x4d, 0x89, 0x30, 
	0x49, 0x8b, 0x45, 0x00, 
	0x49, 0x39, 0xc6, 
	0x4c, 0x0f, 0x47, 0xf0, 
	
	0x4d, 0x89, 0x30, 
	0x4c, 0x8b, 0x5c, 0x24, 0x20, 
	0xe9, 0x93, 0xfb, 0xff, 0xff, 
	
	0x41, 0x0f, 0xbc, 0xca, 
	0x48, 0x01, 0xc1, 
	0x4d, 0x8d, 0x34, 0x0f, 
	0x49, 0x83, 0xc6, 0x02, 
	0x4c, 0x8b, 0x44, 0x24, 0x08, 
	0x4d, 0x89, 0x30, 
	
	0x4c, 0x8b, 0x5c, 0x24, 0x20, 
	0x4c, 0x8b, 0x7c, 0x24, 0x18, 
	0xe9, 0x6d, 0xfb, 0xff, 0xff, 
	
	0x48, 0xc7, 0xc2, 0xfe, 0xff, 0xff, 0xff, 
	0xbe, 0x02, 0x00, 0x00, 0x00, 
	0x48, 0x01, 0xf0, 
	0x49, 0x01, 0xd7, 
	0x0f, 0x8e, 0x2d, 0x00, 0x00, 0x00, 
	
	0x0f, 0xb6, 0x10, 
	0x80, 0xfa, 0x5c, 
	0x0f, 0x84, 0xdc, 0xff, 0xff, 0xff, 
	0x80, 0xfa, 0x22, 
	0x0f, 0x84, 0x6c, 0x04, 0x00, 0x00, 
	0x48, 0xc7, 0xc2, 0xff, 0xff, 0xff, 0xff, 
	0xbe, 0x01, 0x00, 0x00, 0x00, 
	0x48, 0x01, 0xf0, 
	0x49, 0x01, 0xd7, 
	0x0f, 0x8f, 0xd3, 0xff, 0xff, 0xff, 
	
	0x4c, 0x8b, 0x7c, 0x24, 0x18, 
	0xe9, 0x1e, 0xfb, 0xff, 0xff, 
	
	0x66, 0x0f, 0xbc, 0xca, 
	0x44, 0x0f, 0xb7, 0xf1, 
	0x49, 0x29, 0xc6, 
	0x4d, 0x89, 0x30, 
	0xe9, 0x0b, 0xfb, 0xff, 0xff, 
	
	0x4c, 0x29, 0xe3, 
	0x48, 0x01, 0xd3, 
	0x48, 0x39, 0xc3, 
	0x0f, 0x82, 0xb7, 0xee, 0xff, 0xff, 
	0xe9, 0x48, 0x34, 0x00, 0x00, 
	
	0x4c, 0x29, 0xe1, 
	0x48, 0x01, 0xf9, 
	0x4c, 0x8b, 0x44, 0x24, 0x08, 
	0x48, 0x39, 0xc1, 
	0x0f, 0x82, 0x3e, 0xf4, 0xff, 0xff, 
	0xe9, 0x2f, 0x34, 0x00, 0x00, 
	
	0x4c, 0x29, 0xe1, 
	0x48, 0x01, 0xf1, 
	0x48, 0x39, 0xc1, 
	0x0f, 0x82, 0x6a, 0xfc, 0xff, 0xff, 
	0xe9, 0x1b, 0x34, 0x00, 0x00, 
	
	0x4c, 0x29, 0xe0, 
	0x48, 0x01, 0xc8, 
	0x48, 0x39, 0xd0, 
	0x0f, 0x82, 0xc6, 0xf5, 0xff, 0xff, 
	0xe9, 0xb6, 0xfa, 0xff, 0xff, 
	
	0x48, 0xc7, 0xc6, 0xff, 0xff, 0xff, 0xff, 
	0x45, 0x31, 0xc0, 
	0x4d, 0x89, 0xde, 
	0x48, 0x83, 0xf9, 0x20, 
	0x0f, 0x83, 0x0d, 0xf2, 0xff, 0xff, 
	0xe9, 0xe7, 0x04, 0x00, 0x00, 
	
	0x4c, 0x89, 0x7c, 0x24, 0x18, 
	0x48, 0xc7, 0x44, 0x24, 0x40, 0x00, 0x00, 0x00, 0x00, 
	0x49, 0x8d, 0x46, 0xff, 
	0x4f, 0x8d, 0x04, 0x34, 
	0x49, 0x83, 0xc0, 0xff, 
	0x48, 0x8b, 0x4c, 0x24, 0x30, 
	0x4c, 0x8d, 0x3c, 0x0f, 
	0x49, 0x39, 0xc1, 
	0x4c, 0x8b, 0x6c, 0x24, 0x28, 
	0x0f, 0x8d, 0xac, 0x03, 0x00, 0x00, 
	0x48, 0x85, 0xc9, 
	0x0f, 0x8e, 0xa3, 0x03, 0x00, 0x00, 
	
	0x41, 0x8a, 0x03, 
	0x3c, 0x5c, 
	0x0f, 0x85, 0x4d, 0x00, 0x00, 0x00, 
	0x4c, 0x89, 0xc2, 
	0x4c, 0x29, 0xda, 
	0x49, 0xc7, 0xc5, 0xff, 0xff, 0xff, 0xff, 
	0x48, 0x85, 0xd2, 
	0x0f, 0x8e, 0xd1, 0x3c, 0x00, 0x00, 
	0x41, 0x0f, 0xb6, 0x43, 0x01, 
	0x48, 0x8d, 0x0d, 0xfd, 0x45, 0x00, 0x00, 
	0x8a, 0x1c, 0x08, 
	0x80, 0xfb, 0xff, 
	0x0f, 0x84, 0x34, 0x00, 0x00, 0x00, 
	0x84, 0xdb, 
	0x0f, 0x84, 0x9d, 0x3c, 0x00, 0x00, 
	0x88, 0x5c, 0x24, 0x40, 
	0x49, 0x83, 0xc3, 0x02, 
	0xba, 0x01, 0x00, 0x00, 0x00, 
	0x4c, 0x8b, 0x6c, 0x24, 0x28, 
	0xe9, 0x26, 0x01, 0x00, 0x00, 
	
	0x3a, 0x07, 
	0x0f, 0x85, 0xa3, 0x03, 0x00, 0x00, 
	0x49, 0x83, 0xc3, 0x01, 
	0x48, 0x83, 0xc7, 0x01, 
	0xe9, 0x82, 0x01, 0x00, 0x00, 
	
	0x48, 0x83, 0xfa, 0x04, 
	0x0f, 0x8c, 0x77, 0x3c, 0x00, 0x00, 
	0x49, 0x89, 0xf9, 
	0x4d, 0x8d, 0x53, 0x02, 
	0x41, 0x8b, 0x73, 0x02, 
	0x89, 0xf7, 
	0xf7, 0xd7, 
	0x8d, 0x9e, 0xd0, 0xcf, 0xcf, 0xcf, 
	0x81, 0xe7, 0x80, 0x80, 0x80, 0x80, 
	0x49, 0xc7, 0xc5, 0xfe, 0xff, 0xff, 0xff, 
	0x85, 0xdf, 
	0x0f, 0x85, 0x0e, 0x3c, 0x00, 0x00, 
	0x8d, 0x9e, 0x19, 0x19, 0x19, 0x19, 
	0x09, 0xf3, 
	0xf7, 0xc3, 0x80, 0x80, 0x80, 0x80, 
	0x0f, 0x85, 0xfa, 0x3b, 0x00, 0x00, 
	0x89, 0xf3, 
	0x81, 0xe3, 0x7f, 0x7f, 0x7f, 0x7f, 
	0xb8, 0xc0, 0xc0, 0xc0, 0xc0, 
	0x29, 0xd8, 
	0x8d, 0x8b, 0x46, 0x46, 0x46, 0x46, 
	0x21, 0xf8, 
	0x85, 0xc8, 
	0x0f, 0x85, 0xdb, 0x3b, 0x00, 0x00, 
	0xb8, 0xe0, 0xe0, 0xe0, 0xe0, 
	0x29, 0xd8, 
	0x81, 0xc3, 0x39, 0x39, 0x39, 0x39, 
	0x21, 0xc7, 
	0x85, 0xdf, 
	0x0f, 0x85, 0x0a, 0x3c, 0x00, 0x00, 
	0x0f, 0xce, 
	0x89, 0xf0, 
	0xc1, 0xe8, 0x04, 
	0xf7, 0xd0, 
	0x25, 0x01, 0x01, 0x01, 0x01, 
	0x8d, 0x04, 0xc0, 
	0x81, 0xe6, 0x0f, 0x0f, 0x0f, 0x0f, 
	0x01, 0xc6, 
	0x89, 0xf3, 
	0xc1, 0xeb, 0x04, 
	0x09, 0xf3, 
	0x89, 0xde, 
	0xc1, 0xee, 0x08, 
	0x81, 0xe6, 0x00, 0xff, 0x00, 0x00, 
	0x0f, 0xb6, 0xfb, 
	0x09, 0xf7, 
	0x4d, 0x8d, 0x53, 0x06, 
	0x83, 0xff, 0x7f, 
	0x0f, 0x86, 0xde, 0x00, 0x00, 0x00, 
	0x81, 0xff, 0xff, 0x07, 0x00, 0x00, 
	0x4c, 0x8b, 0x6c, 0x24, 0x28, 
	0x0f, 0x86, 0xde, 0x00, 0x00, 0x00, 
	0x89, 0xd8, 
	0x25, 0x00, 0x00, 0xf8, 0x00, 
	0x3d, 0x00, 0x00, 0xd8, 0x00, 
	0x0f, 0x84, 0xee, 0x00, 0x00, 0x00, 
	0xc1, 0xee, 0x0c, 
	0x40, 0x80, 0xce, 0xe0, 
	0x40, 0x88, 0x74, 0x24, 0x40, 
	0xc1, 0xef, 0x06, 
	0x40, 0x80, 0xe7, 0x3f, 
	0x40, 0x80, 0xcf, 0x80, 
	0x40, 0x88, 0x7c, 0x24, 0x41, 
	0x80, 0xe3, 0x3f, 
	0x80, 0xcb, 0x80, 
	0x88, 0x5c, 0x24, 0x42, 
	0xba, 0x03, 0x00, 0x00, 0x00, 
	0x89, 0xf3, 
	
	0x4d, 0x89, 0xd3, 
	
	0x4c, 0x89, 0xcf, 
	
	0x48, 0x8d, 0x04, 0x14, 
	0x48, 0x83, 0xc0, 0x40, 
	0x4c, 0x39, 0xff, 
	0x0f, 0x83, 0x52, 0x00, 0x00, 0x00, 
	0x48, 0x8d, 0x4c, 0x24, 0x40, 
	0x48, 0x39, 0xc8, 
	0x0f, 0x86, 0x44, 0x00, 0x00, 0x00, 
	0x38, 0x1f, 
	0x0f, 0x85, 0x3c, 0x00, 0x00, 0x00, 
	0x48, 0x83, 0xc7, 0x01, 
	0x48, 0x8d, 0x74, 0x24, 0x41, 
	
	0x48, 0x89, 0xf2, 
	0x4c, 0x39, 0xff, 
	0x0f, 0x83, 0x2c, 0x00, 0x00, 0x00, 
	0x48, 0x39, 0xc2, 
	0x0f, 0x83, 0x23, 0x00, 0x00, 0x00, 
	0x0f, 0xb6, 0x0f, 
	0x48, 0x89, 0xfb, 
	0x48, 0x83, 0xc7, 0x01, 
	0x48, 0x8d, 0x72, 0x01, 
	0x3a, 0x0a, 
	0x0f, 0x84, 0xd5, 0xff, 0xff, 0xff, 
	0x48, 0x89, 0xdf, 
	0xe9, 0x05, 0x00, 0x00, 0x00, 
	
	0x48, 0x8d, 0x54, 0x24, 0x40, 
	
	0x48, 0x39, 0xc2, 
	0x0f, 0x85, 0x14, 0x02, 0x00, 0x00, 
	
	0x4d, 0x39, 0xc3, 
	0x0f, 0x83, 0xab, 0x01, 0x00, 0x00, 
	0x4c, 0x39, 0xff, 
	0x0f, 0x82, 0xff, 0xfd, 0xff, 0xff, 
	0xe9, 0x9d, 0x01, 0x00, 0x00, 
	
	0x88, 0x5c, 0x24, 0x40, 
	0xba, 0x01, 0x00, 0x00, 0x00, 
	0x4d, 0x89, 0xd3, 
	0xe9, 0x49, 0x01, 0x00, 0x00, 
	
	0xc1, 0xef, 0x06, 
	0x40, 0x80, 0xcf, 0xc0, 
	0x40, 0x88, 0x7c, 0x24, 0x40, 
	0x80, 0xe3, 0x3f, 
	0x80, 0xcb, 0x80, 
	0x88, 0x5c, 0x24, 0x41, 
	0xba, 0x02, 0x00, 0x00, 0x00, 
	0x89, 0xfb, 
	0xe9, 0x3f, 0xff, 0xff, 0xff, 
	
	0x49, 0xc7, 0xc5, 0xfc, 0xff, 0xff, 0xff, 
	0x48, 0x83, 0xfa, 0x06, 
	0x0f, 0x8c, 0xab, 0x3a, 0x00, 0x00, 
	0x81, 0xff, 0xff, 0xdb, 0x00, 0x00, 
	0x0f, 0x87, 0x9f, 0x3a, 0x00, 0x00, 
	0x41, 0x80, 0x3a, 0x5c, 
	0x0f, 0x85, 0x95, 0x3a, 0x00, 0x00, 
	0x41, 0x80, 0x7b, 0x07, 0x75, 
	0x0f, 0x85, 0x8a, 0x3a, 0x00, 0x00, 
	0x4c, 0x89, 0xd8, 
	0x4d, 0x8d, 0x53, 0x08, 
	0x41, 0x8b, 0x53, 0x08, 
	0x89, 0xd6, 
	0xf7, 0xd6, 
	0x8d, 0x82, 0xd0, 0xcf, 0xcf, 0xcf, 
	0x81, 0xe6, 0x80, 0x80, 0x80, 0x80, 
	0x85, 0xc6, 
	0x0f, 0x85, 0x21, 0x3a, 0x00, 0x00, 
	0x8d, 0x82, 0x19, 0x19, 0x19, 0x19, 
	0x09, 0xd0, 
	0xa9, 0x80, 0x80, 0x80, 0x80, 
	0x0f, 0x85, 0x0e, 0x3a, 0x00, 0x00, 
	0x89, 0xd3, 
	0x81, 0xe3, 0x7f, 0x7f, 0x7f, 0x7f, 
	0xb8, 0xc0, 0xc0, 0xc0, 0xc0, 
	0x29, 0xd8, 
	0x8d, 0x8b, 0x46, 0x46, 0x46, 0x46, 
	0x21, 0xf0, 
	0x85, 0xc8, 
	0x0f, 0x85, 0xef, 0x39, 0x00, 0x00, 
	0xb8, 0xe0, 0xe0, 0xe0, 0xe0, 
	0x29, 0xd8, 
	0x81, 0xc3, 0x39, 0x39, 0x39, 0x39, 
	0x21, 0xc6, 
	0x85, 0xde, 
	0x0f, 0x85, 0xd8, 0x39, 0x00, 0x00, 
	0x0f, 0xca, 
	0x89, 0xd0, 
	0xc1, 0xe8, 0x04, 
	0xf7, 0xd0, 
	0x25, 0x01, 0x01, 0x01, 0x01, 
	0x8d, 0x04, 0xc0, 
	0x81, 0xe2, 0x0f, 0x0f, 0x0f, 0x0f, 
	0x01, 0xc2, 
	0x89, 0xd6, 
	0xc1, 0xee, 0x04, 
	0x09, 0xd6, 
	0x89, 0xf0, 
	0x25, 0x00, 0x00, 0xfc, 0x00, 
	0x3d, 0x00, 0x00, 0xdc, 0x00, 
	0x0f, 0x85, 0xec, 0x39, 0x00, 0x00, 
	0x89, 0xf0, 
	0xc1, 0xe8, 0x08, 
	0x25, 0x00, 0xff, 0x00, 0x00, 
	0x40, 0x0f, 0xb6, 0xce, 
	0x09, 0xc1, 
	0xc1, 0xe7, 0x0a, 
	0x8d, 0x04, 0x39, 
	0x01, 0xf9, 
	0x81, 0xc1, 0x00, 0x24, 0xa0, 0xfc, 
	0x89, 0xcb, 
	0xc1, 0xeb, 0x12, 
	0x80, 0xcb, 0xf0, 
	0x88, 0x5c, 0x24, 0x40, 
	0x89, 0xca, 
	0xc1, 0xea, 0x0c, 
	0x80, 0xe2, 0x3f, 
	0x80, 0xca, 0x80, 
	0x88, 0x54, 0x24, 0x41, 
	0xc1, 0xe9, 0x06, 
	0x80, 0xe1, 0x3f, 
	0x80, 0xc9, 0x80, 
	0x88, 0x4c, 0x24, 0x42, 
	0x24, 0x3f, 
	0x0c, 0x80, 
	0x88, 0x44, 0x24, 0x43, 
	0x49, 0x83, 0xc3, 0x0c, 
	0xba, 0x04, 0x00, 0x00, 0x00, 
	
	0x4c, 0x8b, 0x6c, 0x24, 0x28, 
	0xe9, 0x11, 0xfe, 0xff, 0xff, 
	
	0x4c, 0x01, 0xe3, 
	0x48, 0x85, 0xc9, 
	0x0f, 0x85, 0x3e, 0xea, 0xff, 0xff, 
	0xe9, 0x70, 0xea, 0xff, 0xff, 
	
	0x4c, 0x01, 0xe1, 
	0x48, 0x85, 0xf6, 
	0x0f, 0x85, 0xcb, 0xef, 0xff, 0xff, 
	0xe9, 0x04, 0xf0, 0xff, 0xff, 
	
	0x4c, 0x29, 0xe0, 
	0x48, 0x83, 0xc0, 0x01, 
	0x49, 0x89, 0x00, 
	0x49, 0x89, 0xc6, 
	0x4c, 0x8b, 0x7c, 0x24, 0x18, 
	0xe9, 0xbd, 0xf6, 0xff, 0xff, 
	
	0x4d, 0x31, 0xc3, 
	0x4c, 0x31, 0xff, 
	0x45, 0x31, 0xc9, 
	0x4c, 0x09, 0xdf, 
	0x41, 0x0f, 0x94, 0xc1, 
	
	0x4c, 0x8b, 0x44, 0x24, 0x08, 
	0x4c, 0x8b, 0x7c, 0x24, 0x18, 
	0x49, 0x8b, 0x45, 0x00, 
	0x49, 0x39, 0xc6, 
	0x0f, 0x82, 0x0e, 0xec, 0xff, 0xff, 
	0xe9, 0x6b, 0xee, 0xff, 0xff, 
	
	0x4c, 0x01, 0xe1, 
	0x48, 0x85, 0xd2, 
	0x0f, 0x85, 0xc7, 0xf7, 0xff, 0xff, 
	0xe9, 0xf9, 0xf7, 0xff, 0xff, 
	
	0x4c, 0x01, 0xe0, 
	0x48, 0x85, 0xf6, 
	0x0f, 0x85, 0x26, 0xf1, 0xff, 0xff, 
	0xe9, 0x58, 0xf1, 0xff, 0xff, 
	
	0x4d, 0x01, 0xe6, 
	0x48, 0x83, 0xf9, 0x10, 
	0x0f, 0x83, 0x0e, 0xf2, 0xff, 0xff, 
	0xe9, 0x4e, 0xf2, 0xff, 0xff, 
	
	0x45, 0x31, 0xc9, 
	0xe9, 0xa8, 0xff, 0xff, 0xff, 
	
	0x4d, 0x29, 0xe6, 
	0x49, 0x01, 0xc6, 
	
	0x4c, 0x8b, 0x44, 0x24, 0x08, 
	0x4d, 0x89, 0x30, 
	0x4c, 0x8b, 0x6c, 0x24, 0x28, 
	0x4c, 0x8b, 0x5c, 0x24, 0x20, 
	0xe9, 0x38, 0xf6, 0xff, 0xff, 
	
	0x4b, 0x8d, 0x04, 0x34, 
	0xe9, 0x64, 0xf3, 0xff, 0xff, 
	
	0x49, 0x89, 0xf2, 
	0x49, 0x89, 0xfb, 
	0x4c, 0x89, 0xfa, 
	0x48, 0x83, 0xfe, 0xff, 
	0x0f, 0x85, 0x18, 0x00, 0x00, 0x00, 
	0x4c, 0x89, 0xf7, 
	0x4c, 0x29, 0xe7, 
	0x49, 0x0f, 0xbc, 0xf5, 
	0x48, 0x01, 0xfe, 
	0xe9, 0x06, 0x00, 0x00, 0x00, 
	
	0x49, 0x89, 0xfb, 
	0x4c, 0x89, 0xfa, 
	
	0x45, 0x89, 0xc2, 
	0x41, 0xf7, 0xd2, 
	0x45, 0x21, 0xea, 
	0x43, 0x8d, 0x3c, 0x12, 
	0x47, 0x8d, 0x3c, 0x50, 
	0xf7, 0xd7, 
	0x44, 0x21, 0xef, 
	0x81, 0xe7, 0xaa, 0xaa, 0xaa, 0xaa, 
	0x45, 0x31, 0xc0, 
	0x44, 0x01, 0xd7, 
	0x41, 0x0f, 0x92, 0xc0, 
	0x01, 0xff, 
	0x81, 0xf7, 0x55, 0x55, 0x55, 0x55, 
	0x44, 0x21, 0xff, 
	0xf7, 0xd7, 
	0x21, 0xf8, 
	0x49, 0x89, 0xd7, 
	0x4c, 0x89, 0xdf, 
	0x4c, 0x8b, 0x5c, 0x24, 0x38, 
	0x48, 0x85, 0xc0, 
	0x0f, 0x85, 0x5e, 0xed, 0xff, 0xff, 
	
	0x49, 0x83, 0xc6, 0x20, 
	0x48, 0x83, 0xc1, 0xe0, 
	
	0x48, 0x89, 0xfa, 
	0x4d, 0x85, 0xc0, 
	0x0f, 0x85, 0xb4, 0x00, 0x00, 0x00, 
	0x4d, 0x89, 0xe2, 
	0x49, 0xf7, 0xd2, 
	0x49, 0x89, 0xf0, 
	0x48, 0x85, 0xc9, 
	0x0f, 0x84, 0x7a, 0x00, 0x00, 0x00, 
	
	0x49, 0x83, 0xc2, 0x01, 
	
	0x31, 0xff, 
	
	0x41, 0x0f, 0xb6, 0x04, 0x3e, 
	0x3c, 0x22, 
	0x0f, 0x84, 0x60, 0x00, 0x00, 0x00, 
	0x3c, 0x5c, 
	0x0f, 0x84, 0x12, 0x00, 0x00, 0x00, 
	0x48, 0x83, 0xc7, 0x01, 
	0x48, 0x39, 0xf9, 
	0x0f, 0x85, 0xde, 0xff, 0xff, 0xff, 
	0xe9, 0x5d, 0x00, 0x00, 0x00, 
	
	0x48, 0x8d, 0x41, 0xff, 
	0x48, 0x39, 0xf8, 
	0x0f, 0x84, 0x40, 0x38, 0x00, 0x00, 
	0x4b, 0x8d, 0x04, 0x32, 
	0x48, 0x01, 0xf8, 
	0x49, 0x83, 0xf8, 0xff, 
	0x48, 0x0f, 0x44, 0xf0, 
	0x4c, 0x0f, 0x44, 0xc0, 
	0x49, 0x01, 0xfe, 
	0x49, 0x83, 0xc6, 0x02, 
	0x48, 0x89, 0xc8, 
	0x48, 0x29, 0xf8, 
	0x48, 0x83, 0xc0, 0xfe, 
	0x48, 0x83, 0xc1, 0xfe, 
	0x48, 0x39, 0xf9, 
	0x48, 0x89, 0xc1, 
	0x0f, 0x85, 0x96, 0xff, 0xff, 0xff, 
	0xe9, 0x07, 0x38, 0x00, 0x00, 
	
	0x49, 0x01, 0xfe, 
	0x49, 0x83, 0xc6, 0x01, 
	
	0x4c, 0x8b, 0x44, 0x24, 0x08, 
	0x48, 0x89, 0xd7, 
	
	0x4d, 0x29, 0xe6, 
	0xe9, 0x31, 0xea, 0xff, 0xff, 
	
	0x3c, 0x22, 
	0x4c, 0x8b, 0x44, 0x24, 0x08, 
	0x0f, 0x85, 0xd7, 0x35, 0x00, 0x00, 
	0x48, 0x89, 0xd7, 
	0x49, 0x01, 0xce, 
	0xe9, 0xe0, 0xff, 0xff, 0xff, 
	
	0x48, 0x85, 0xc9, 
	0x0f, 0x84, 0xcf, 0x37, 0x00, 0x00, 
	0x4d, 0x89, 0xe2, 
	0x49, 0xf7, 0xd2, 
	0x4b, 0x8d, 0x04, 0x16, 
	0x48, 0x83, 0xfe, 0xff, 
	0x49, 0x89, 0xf0, 
	0x48, 0x0f, 0x44, 0xf0, 
	0x4c, 0x0f, 0x44, 0xc0, 
	0x49, 0x83, 0xc6, 0x01, 
	0x48, 0x83, 0xc1, 0xff, 
	0x48, 0x85, 0xc9, 
	0x0f, 0x85, 0x2b, 0xff, 0xff, 0xff, 
	0xe9, 0xa0, 0xff, 0xff, 0xff, 
	
	0x4c, 0x8b, 0x6c, 0x24, 0x28, 
	0x4d, 0x8b, 0x75, 0x00, 
	0x4c, 0x8b, 0x44, 0x24, 0x08, 
	0xe9, 0x08, 0xf9, 0xff, 0xff, 
	
	0x49, 0x8d, 0x40, 0xff, 
	0x4c, 0x39, 0xf8, 
	0x0f, 0x85, 0x0f, 0x00, 0x00, 0x00, 
	0x4c, 0x8b, 0x44, 0x24, 0x08, 
	0x4c, 0x8b, 0x6c, 0x24, 0x28, 
	0xe9, 0x10, 0xf9, 0xff, 0xff, 
	
	0x4b, 0x8d, 0x04, 0x0f, 
	0x48, 0x83, 0xc0, 0x02, 
	0x4d, 0x29, 0xf8, 
	0x49, 0x83, 0xc0, 0xfe, 
	0x4d, 0x89, 0xc7, 
	0x4c, 0x8b, 0x6c, 0x24, 0x28, 
	0xe9, 0xa5, 0xf1, 0xff, 0xff, 
	0x90, 0x90, 0x90, 0x90, 0x90, 0x90, 0x90, 0x90, 0x90, 0x90, 
	
	0x80, 0xf9, 0x5b, 
	0x0f, 0x85, 0xae, 0x2d, 0x00, 0x00, 
	0x49, 0x8b, 0x47, 0x08, 
	0x4c, 0x8b, 0x08, 
	0x4d, 0x85, 0xc9, 
	0x0f, 0x88, 0xf2, 0x2b, 0x00, 0x00, 
	0x49, 0x8b, 0x4d, 0x00, 
	0x49, 0x39, 0xce, 
	0x0f, 0x83, 0x2a, 0x00, 0x00, 0x00, 
	0x43, 0x8a, 0x04, 0x34, 
	0x3c, 0x0d, 
	0x0f, 0x84, 0x1e, 0x00, 0x00, 0x00, 
	0x3c, 0x20, 
	0x0f, 0x84, 0x16, 0x00, 0x00, 0x00, 
	0x04, 0xf7, 
	0x3c, 0x01, 
	0x0f, 0x86, 0x0c, 0x00, 0x00, 0x00, 
	0x4c, 0x89, 0xf2, 
	0xe9, 0x6d, 0x01, 0x00, 0x00, 
	0x90, 0x90, 0x90, 0x90, 
	
	0x49, 0x8d, 0x56, 0x01, 
	0x48, 0x39, 0xca, 
	0x0f, 0x83, 0x23, 0x00, 0x00, 0x00, 
	0x41, 0x8a, 0x04, 0x14, 
	0x3c, 0x0d, 
	0x0f, 0x84, 0x17, 0x00, 0x00, 0x00, 
	0x3c, 0x20, 
	0x0f, 0x84, 0x0f, 0x00, 0x00, 0x00, 
	0x04, 0xf7, 
	0x3c, 0x01, 
	0x0f, 0x87, 0x3e, 0x01, 0x00, 0x00, 
	0x90, 0x90, 0x90, 0x90, 0x90, 
	
	0x49, 0x8d, 0x56, 0x02, 
	0x48, 0x39, 0xca, 
	0x0f, 0x83, 0x23, 0x00, 0x00, 0x00, 
	0x41, 0x8a, 0x04, 0x14, 
	0x3c, 0x0d, 
	0x0f, 0x84, 0x17, 0x00, 0x00, 0x00, 
	0x3c, 0x20, 
	0x0f, 0x84, 0x0f, 0x00, 0x00, 0x00, 
	0x04, 0xf7, 
	0x3c, 0x01, 
	0x0f, 0x87, 0x0e, 0x01, 0x00, 0x00, 
	0x90, 0x90, 0x90, 0x90, 0x90, 
	
	0x49, 0x8d, 0x56, 0x03, 
	0x48, 0x39, 0xca, 
	0x0f, 0x83, 0x23, 0x00, 0x00, 0x00, 
	0x41, 0x8a, 0x04, 0x14, 
	0x3c, 0x0d, 
	0x0f, 0x84, 0x17, 0x00, 0x00, 0x00, 
	0x3c, 0x20, 
	0x0f, 0x84, 0x0f, 0x00, 0x00, 0x00, 
	0x04, 0xf7, 
	0x3c, 0x01, 
	0x0f, 0x87, 0xde, 0x00, 0x00, 0x00, 
	0x90, 0x90, 0x90, 0x90, 0x90, 
	
	0x49, 0x8d, 0x56, 0x04, 
	0x48, 0x89, 0xc8, 
	0x48, 0x29, 0xd0, 
	0x0f, 0x86, 0xb0, 0x00, 0x00, 0x00, 
	0x48, 0x83, 0xf8, 0x20, 
	0x0f, 0x82, 0x11, 0x0e, 0x00, 0x00, 
	0x48, 0xc7, 0xc0, 0xfc, 0xff, 0xff, 0xff, 
	0x4c, 0x29, 0xf0, 
	0x90, 0x90, 0x90, 0x90, 0x90, 0x90, 0x90, 0x90, 0x90, 0x90, 0x90, 0x90, 
	
	0xc4, 0xc1, 0x7e, 0x6f, 0x34, 0x14, 
	0xc4, 0xe2, 0x7d, 0x00, 0xfe, 
	0xc5, 0xcd, 0x74, 0xf7, 
	0xc5, 0xfd, 0xd7, 0xf6, 
	0x83, 0xfe, 0xff, 
	0x0f, 0x85, 0x7c, 0x00, 0x00, 0x00, 
	0x48, 0x83, 0xc2, 0x20, 
	0x48, 0x8d, 0x34, 0x01, 
	0x48, 0x83, 0xc6, 0xe0, 
	0x48, 0x83, 0xc0, 0xe0, 
	0x48, 0x83, 0xfe, 0x1f, 
	0x0f, 0x87, 0xca, 0xff, 0xff, 0xff, 
	0x4c, 0x89, 0xe2, 
	0x48, 0x29, 0xc2, 
	0x48, 0x01, 0xc8, 
	0x48, 0x85, 0xc0, 
	0x0f, 0x84, 0x37, 0x00, 0x00, 0x00, 
	
	0x4c, 0x8d, 0x14, 0x02, 
	0x31, 0xf6, 
	
	0x0f, 0xbe, 0x1c, 0x32, 
	0x83, 0xfb, 0x20, 
	0x0f, 0x87, 0x78, 0x0d, 0x00, 0x00, 
	0x48, 0xbf, 0x00, 0x26, 0x00, 0x00, 0x01, 0x00, 0x00, 0x00, 
	0x48, 0x0f, 0xa3, 0xdf, 
	0x0f, 0x83, 0x64, 0x0d, 0x00, 0x00, 
	0x48, 0x83, 0xc6, 0x01, 
	0x48, 0x39, 0xf0, 
	0x0f, 0x85, 0xd2, 0xff, 0xff, 0xff, 
	0x4c, 0x89, 0xd2, 
	
	0x4c, 0x29, 0xe2, 
	0x48, 0x39, 0xca, 
	0x0f, 0x82, 0x1e, 0x00, 0x00, 0x00, 
	0xe9, 0x2b, 0x00, 0x00, 0x00, 
	
	0x49, 0x89, 0xd6, 
	0xe9, 0x23, 0x00, 0x00, 0x00, 
	
	0xf7, 0xd6, 
	0x0f, 0xbc, 0xd6, 
	0x48, 0x29, 0xc2, 
	0x48, 0x39, 0xca, 
	0x0f, 0x83, 0x12, 0x00, 0x00, 0x00, 
	
	0x4c, 0x8d, 0x72, 0x01, 
	0x4d, 0x89, 0x30, 
	0x41, 0x80, 0x3c, 0x14, 0x5d, 
	0x0f, 0x84, 0x89, 0x0f, 0x00, 0x00, 
	
	0x49, 0x83, 0xc6, 0xff, 
	0x4d, 0x89, 0x30, 
	0x4d, 0x85, 0xc9, 
	0x0f, 0x8e, 0xd5, 0x0c, 0x00, 0x00, 
	0x90, 0x90, 0x90, 0x90, 0x90, 
	
	0x49, 0x8b, 0x55, 0x00, 
	0x49, 0x39, 0xd6, 
	0x0f, 0x83, 0x33, 0x00, 0x00, 0x00, 
	0x43, 0x8a, 0x04, 0x34, 
	0x3c, 0x0d, 
	0x0f, 0x84, 0x27, 0x00, 0x00, 0x00, 
	0x3c, 0x20, 
	0x0f, 0x84, 0x1f, 0x00, 0x00, 0x00, 
	0x04, 0xf7, 
	0x3c, 0x01, 
	0x0f, 0x86, 0x15, 0x00, 0x00, 0x00, 
	0x4c, 0x89, 0xf1, 
	0xe9, 0x6e, 0x01, 0x00, 0x00, 
	0x90, 0x90, 0x90, 0x90, 0x90, 0x90, 0x90, 0x90, 0x90, 0x90, 0x90, 0x90, 0x90, 
	
	0x49, 0x8d, 0x4e, 0x01, 
	0x48, 0x39, 0xd1, 
	0x0f, 0x83, 0x23, 0x00, 0x00, 0x00, 
	0x41, 0x8a, 0x04, 0x0c, 
	0x3c, 0x0d, 
	0x0f, 0x84, 0x17, 0x00, 0x00, 0x00, 
	0x3c, 0x20, 
	0x0f, 0x84, 0x0f, 0x00, 0x00, 0x00, 
	0x04, 0xf7, 
	0x3c, 0x01, 
	0x0f, 0x87, 0x36, 0x01, 0x00, 0x00, 
	0x90, 0x90, 0x90, 0x90, 0x90, 
	
	0x49, 0x8d, 0x4e, 0x02, 
	0x48, 0x39, 0xd1, 
	0x0f, 0x83, 0x23, 0x00, 0x00, 0x00, 
	0x41, 0x8a, 0x04, 0x0c, 
	0x3c, 0x0d, 
	0x0f, 0x84, 0x17, 0x00, 0x00, 0x00, 
	0x3c, 0x20, 
	0x0f, 0x84, 0x0f, 0x00, 0x00, 0x00, 
	0x04, 0xf7, 
	0x3c, 0x01, 
	0x0f, 0x87, 0x06, 0x01, 0x00, 0x00, 
	0x90, 0x90, 0x90, 0x90, 0x90, 
	
	0x49, 0x8d, 0x4e, 0x03, 
	0x48, 0x39, 0xd1, 
	0x0f, 0x83, 0x23, 0x00, 0x00, 0x00, 
	0x41, 0x8a, 0x04, 0x0c, 
	0x3c, 0x0d, 
	0x0f, 0x84, 0x17, 0x00, 0x00, 0x00, 
	0x3c, 0x20, 
	0x0f, 0x84, 0x0f, 0x00, 0x00, 0x00, 
	0x04, 0xf7, 
	0x3c, 0x01, 
	0x0f, 0x87, 0xd6, 0x00, 0x00, 0x00, 
	0x90, 0x90, 0x90, 0x90, 0x90, 
	
	0x49, 0x8d, 0x4e, 0x04, 
	0x48, 0x89, 0xd0, 
	0x48, 0x29, 0xc8, 
	0x0f, 0x86, 0x30, 0x03, 0x00, 0x00, 
	0x48, 0x83, 0xf8, 0x20, 
	0x0f, 0x82, 0x51, 0x0b, 0x00, 0x00, 
	0x48, 0xc7, 0xc0, 0xfc, 0xff, 0xff, 0xff, 
	0x4c, 0x29, 0xf0, 
	0x90, 0x90, 0x90, 0x90, 0x90, 0x90, 0x90, 0x90, 0x90, 0x90, 0x90, 0x90, 
	
	0xc4, 0xc1, 0x7e, 0x6f, 0x34, 0x0c, 
	0xc4, 0xe2, 0x7d, 0x00, 0xfe, 
	0xc5, 0xcd, 0x74, 0xf7, 
	0xc5, 0xfd, 0xd7, 0xf6, 
	0x83, 0xfe, 0xff, 
	0x0f, 0x85, 0x74, 0x00, 0x00, 0x00, 
	0x48, 0x83, 0xc1, 0x20, 
	0x48, 0x8d, 0x34, 0x02, 
	0x48, 0x83, 0xc6, 0xe0, 
	0x48, 0x83, 0xc0, 0xe0, 
	0x48, 0x83, 0xfe, 0x1f, 
	0x0f, 0x87, 0xca, 0xff, 0xff, 0xff, 
	0x4c, 0x89, 0xe1, 
	0x48, 0x29, 0xc1, 
	0x48, 0x01, 0xd0, 
	0x48, 0x85, 0xc0, 
	0x0f, 0x84, 0x37, 0x00, 0x00, 0x00, 
	
	0x4c, 0x8d, 0x14, 0x01, 
	0x31, 0xf6, 
	
	0x0f, 0xbe, 0x1c, 0x31, 
	0x83, 0xfb, 0x20, 
	0x0f, 0x87, 0x21, 0x0a, 0x00, 0x00, 
	0x48, 0xbf, 0x00, 0x26, 0x00, 0x00, 0x01, 0x00, 0x00, 0x00, 
	0x48, 0x0f, 0xa3, 0xdf, 
	0x0f, 0x83, 0x0d, 0x0a, 0x00, 0x00, 
	0x48, 0x83, 0xc6, 0x01, 
	0x48, 0x39, 0xf0, 
	0x0f, 0x85, 0xd2, 0xff, 0xff, 0xff, 
	0x4c, 0x89, 0xd1, 
	
	0x4c, 0x29, 0xe1, 
	0x48, 0x39, 0xd1, 
	0x0f, 0x82, 0x16, 0x00, 0x00, 0x00, 
	0xe9, 0x86, 0x02, 0x00, 0x00, 
	
	
	0xf7, 0xd6, 
	0x0f, 0xbc, 0xce, 
	0x48, 0x29, 0xc1, 
	0x48, 0x39, 0xd1, 
	0x0f, 0x83, 0x75, 0x02, 0x00, 0x00, 
	
	0x4c, 0x8d, 0x71, 0x01, 
	0x4d, 0x89, 0x30, 
	0x41, 0x0f, 0xbe, 0x04, 0x0c, 
	0x83, 0xf8, 0x7b, 
	0x0f, 0x87, 0x5a, 0x02, 0x00, 0x00, 
	0x48, 0x8d, 0x15, 0xdf, 0x33, 0x00, 0x00, 
	0x48, 0x63, 0x04, 0x82, 
	0x48, 0x01, 0xd0, 
	0xff, 0xe0, 
	
	0x49, 0x8b, 0x45, 0x00, 
	0x48, 0x89, 0xc2, 
	0x4c, 0x29, 0xf2, 
	0x48, 0x83, 0xfa, 0x20, 
	0x0f, 0x82, 0x72, 0x0a, 0x00, 0x00, 
	0x48, 0x89, 0xca, 
	0x48, 0xf7, 0xd2, 
	0x48, 0x83, 0xc1, 0x01, 
	0x90, 0x90, 0x90, 0x90, 0x90, 0x90, 0x90, 0x90, 0x90, 0x90, 0x90, 0x90, 
	
	0xc4, 0xc1, 0x7e, 0x6f, 0x34, 0x0c, 
	0xc5, 0xcd, 0x74, 0xfb, 
	0xc5, 0xcd, 0xdb, 0xf4, 
	0xc5, 0xcd, 0x74, 0xf5, 
	0xc5, 0xcd, 0xeb, 0xf7, 
	0xc5, 0xfd, 0xd7, 0xf6, 
	0x85, 0xf6, 
	0x0f, 0x85, 0xce, 0x00, 0x00, 0x00, 
	0x48, 0x83, 0xc1, 0x20, 
	0x48, 0x8d, 0x34, 0x10, 
	0x48, 0x83, 0xc6, 0xe0, 
	0x48, 0x83, 0xc2, 0xe0, 
	0x48, 0x83, 0xfe, 0x1f, 
	0x0f, 0x87, 0xc4, 0xff, 0xff, 0xff, 
	0x4d, 0x89, 0xe6, 
	0x49, 0x29, 0xd6, 
	0x48, 0x01, 0xd0, 
	0x48, 0x89, 0xc2, 
	0x48, 0x83, 0xfa, 0x10, 
	0x0f, 0x82, 0x4d, 0x00, 0x00, 0x00, 
	
	0x4c, 0x89, 0xe0, 
	0x4c, 0x29, 0xf0, 
	0x90, 0x90, 0x90, 0x90, 0x90, 0x90, 0x90, 0x90, 
	
	0xc4, 0xc1, 0x7a, 0x6f, 0x36, 
	0xc5, 0xc9, 0x74, 0x3d, 0xd3, 0xde, 0xff, 0xff, 
	0xc5, 0xc9, 0xdb, 0x35, 0xdb, 0xde, 0xff, 0xff, 
	0xc5, 0xb9, 0x74, 0xf6, 
	0xc5, 0xc9, 0xeb, 0xf7, 
	0xc5, 0xf9, 0xd7, 0xce, 
	0x85, 0xc9, 
	0x0f, 0x85, 0xdc, 0x08, 0x00, 0x00, 
	0x49, 0x83, 0xc6, 0x10, 
	0x48, 0x83, 0xc2, 0xf0, 
	0x48, 0x83, 0xc0, 0xf0, 
	0x48, 0x83, 0xfa, 0x0f, 
	0x0f, 0x87, 0xc1, 0xff, 0xff, 0xff, 
	
	0x48, 0x85, 0xd2, 
	0x0f, 0x84, 0x36, 0x00, 0x00, 0x00, 
	0x49, 0x8d, 0x0c, 0x16, 
	0x31, 0xc0, 
	
	0x41, 0x0f, 0xb6, 0x1c, 0x06, 
	0x80, 0xfb, 0x2c, 
	0x0f, 0x84, 0xb2, 0x09, 0x00, 0x00, 
	0x80, 0xfb, 0x7d, 
	0x0f, 0x84, 0xa9, 0x09, 0x00, 0x00, 
	0x80, 0xfb, 0x5d, 
	0x0f, 0x84, 0xa0, 0x09, 0x00, 0x00, 
	0x48, 0x83, 0xc0, 0x01, 
	0x48, 0x39, 0xc2, 
	0x0f, 0x85, 0xd3, 0xff, 0xff, 0xff, 
	0x49, 0x89, 0xce, 
	
	0x4d, 0x29, 0xe6, 
	0xe9, 0x8e, 0x09, 0x00, 0x00, 
	0x90, 0x90, 0x90, 0x90, 0x90, 0x90, 0x90, 0x90, 0x90, 0x90, 
	
	0x44, 0x0f, 0xbc, 0xf6, 
	0x49, 0x29, 0xd6, 
	0x4d, 0x89, 0x30, 
	0xe9, 0x27, 0x01, 0x00, 0x00, 
	
	0x48, 0x83, 0xc1, 0x04, 
	0x49, 0x3b, 0x4d, 0x00, 
	0x0f, 0x86, 0x13, 0x01, 0x00, 0x00, 
	0xe9, 0x14, 0x01, 0x00, 0x00, 
	
	0x4c, 0x89, 0x7c, 0x24, 0x18, 
	0x4c, 0x89, 0x6c, 0x24, 0x28, 
	0x4d, 0x8b, 0x45, 0x00, 
	0x4d, 0x89, 0xc5, 
	0x4d, 0x29, 0xf5, 
	0x49, 0x83, 0xfd, 0x20, 
	0x0f, 0x8c, 0x56, 0x09, 0x00, 0x00, 
	0x4d, 0x8d, 0x14, 0x0c, 
	0x49, 0x29, 0xc8, 
	0xb8, 0x1f, 0x00, 0x00, 0x00, 
	0x45, 0x31, 0xed, 
	0x45, 0x31, 0xff, 
	0xe9, 0x5d, 0x00, 0x00, 0x00, 
	0x90, 0x90, 0x90, 0x90, 0x90, 0x90, 0x90, 0x90, 0x90, 
	
	0x44, 0x89, 0xfe, 
	0xf7, 0xd6, 
	0x21, 0xde, 
	0x8d, 0x14, 0x36, 
	0x44, 0x09, 0xfa, 
	0x89, 0xd7, 
	0xf7, 0xd7, 
	0x21, 0xdf, 
	0x81, 0xe7, 0xaa, 0xaa, 0xaa, 0xaa, 
	0x45, 0x31, 0xff, 
	0x01, 0xf7, 
	0x41, 0x0f, 0x92, 0xc7, 
	0x01, 0xff, 
	0x81, 0xf7, 0x55, 0x55, 0x55, 0x55, 
	0x21, 0xd7, 
	0xf7, 0xd7, 
	0x41, 0x21, 0xfb, 
	0x4d, 0x85, 0xdb, 
	0x0f, 0x85, 0x4e, 0x00, 0x00, 0x00, 
	
	0x49, 0x83, 0xc5, 0x20, 
	0x49, 0x8d, 0x14, 0x00, 
	0x48, 0x83, 0xc2, 0xe0, 
	0x48, 0x83, 0xc0, 0xe0, 
	0x48, 0x83, 0xfa, 0x3f, 
	0x0f, 0x8e, 0xfc, 0x07, 0x00, 0x00, 
	
	0xc4, 0x81, 0x7e, 0x6f, 0x74, 0x2a, 0x01, 
	0xc5, 0xcd, 0x74, 0xf9, 
	0xc5, 0x7d, 0xd7, 0xdf, 
	0xc5, 0xcd, 0x74, 0xf2, 
	0xc5, 0xfd, 0xd7, 0xde, 
	0x85, 0xdb, 
	0x0f, 0x85, 0x8d, 0xff, 0xff, 0xff, 
	0x4d, 0x85, 0xff, 
	0x0f, 0x85, 0x84, 0xff, 0xff, 0xff, 
	0x45, 0x31, 0xff, 
	0x4d, 0x85, 0xdb, 
	0x0f, 0x84, 0xb2, 0xff, 0xff, 0xff, 
	
	0x41, 0x0f, 0xbc, 0xc3, 
	0x48, 0x01, 0xc8, 
	0x4e, 0x8d, 0x34, 0x28, 
	0x49, 0x83, 0xc6, 0x02, 
	0x4c, 0x8b, 0x44, 0x24, 0x08, 
	0x4d, 0x89, 0x30, 
	
	0x4c, 0x8b, 0x6c, 0x24, 0x28, 
	
	0x4c, 0x8b, 0x5c, 0x24, 0x20, 
	0x4c, 0x8b, 0x7c, 0x24, 0x18, 
	0xe9, 0x23, 0x00, 0x00, 0x00, 
	
	0x48, 0x83, 0xc1, 0x05, 
	0x49, 0x3b, 0x4d, 0x00, 
	0x0f, 0x87, 0x15, 0x00, 0x00, 0x00, 
	0x90, 0x90, 0x90, 0x90, 0x90, 0x90, 0x90, 0x90, 0x90, 0x90, 0x90, 0x90, 0x90, 0x90, 0x90, 
	
	0x49, 0x89, 0x08, 
	0x49, 0x89, 0xce, 
	
	0x4d, 0x8b, 0x23, 
	0x49, 0x8b, 0x4b, 0x08, 
	0x49, 0x39, 0xce, 
	0x0f, 0x83, 0x2a, 0x00, 0x00, 0x00, 
	0x43, 0x8a, 0x04, 0x34, 
	0x3c, 0x0d, 
	0x0f, 0x84, 0x1e, 0x00, 0x00, 0x00, 
	0x3c, 0x20, 
	0x0f, 0x84, 0x16, 0x00, 0x00, 0x00, 
	0x04, 0xf7, 
	0x3c, 0x01, 
	0x0f, 0x86, 0x0c, 0x00, 0x00, 0x00, 
	0x4c, 0x89, 0xf2, 
	0xe9, 0x75, 0x01, 0x00, 0x00, 
	0x90, 0x90, 0x90, 0x90, 
	
	0x49, 0x8d, 0x56, 0x01, 
	0x48, 0x39, 0xca, 
	0x0f, 0x83, 0x23, 0x00, 0x00, 0x00, 
	0x41, 0x8a, 0x04, 0x14, 
	0x3c, 0x0d, 
	0x0f, 0x84, 0x17, 0x00, 0x00, 0x00, 
	0x3c, 0x20, 
	0x0f, 0x84, 0x0f, 0x00, 0x00, 0x00, 
	0x04, 0xf7, 
	0x3c, 0x01, 
	0x0f, 0x87, 0x46, 0x01, 0x00, 0x00, 
	0x90, 0x90, 0x90, 0x90, 0x90, 
	
	0x49, 0x8d, 0x56, 0x02, 
	0x48, 0x39, 0xca, 
	0x0f, 0x83, 0x23, 0x00, 0x00, 0x00, 
	0x41, 0x8a, 0x04, 0x14, 
	0x3c, 0x0d, 
	0x0f, 0x84, 0x17, 0x00, 0x00, 0x00, 
	0x3c, 0x20, 
	0x0f, 0x84, 0x0f, 0x00, 0x00, 0x00, 
	0x04, 0xf7, 
	0x3c, 0x01, 
	0x0f, 0x87, 0x16, 0x01, 0x00, 0x00, 
	0x90, 0x90, 0x90, 0x90, 0x90, 
	
	0x49, 0x8d, 0x56, 0x03, 
	0x48, 0x39, 0xca, 
	0x0f, 0x83, 0x23, 0x00, 0x00, 0x00, 
	0x41, 0x8a, 0x04, 0x14, 
	0x3c, 0x0d, 
	0x0f, 0x84, 0x17, 0x00, 0x00, 0x00, 
	0x3c, 0x20, 
	0x0f, 0x84, 0x0f, 0x00, 0x00, 0x00, 
	0x04, 0xf7, 
	0x3c, 0x01, 
	0x0f, 0x87, 0xe6, 0x00, 0x00, 0x00, 
	0x90, 0x90, 0x90, 0x90, 0x90, 
	
	0x49, 0x8d, 0x56, 0x04, 
	0x48, 0x89, 0xc8, 
	0x48, 0x29, 0xd0, 
	0x0f, 0x86, 0xbc, 0x26, 0x00, 0x00, 
	0x48, 0x83, 0xf8, 0x20, 
	0x0f, 0x82, 0x30, 0x07, 0x00, 0x00, 
	0x48, 0xc7, 0xc0, 0xfc, 0xff, 0xff, 0xff, 
	0x4c, 0x29, 0xf0, 
	0x90, 0x90, 0x90, 0x90, 0x90, 0x90, 0x90, 0x90, 0x90, 0x90, 0x90, 0x90, 
	
	0xc4, 0xc1, 0x7e, 0x6f, 0x34, 0x14, 
	0xc4, 0xe2, 0x7d, 0x00, 0xfe, 
	0xc5, 0xcd, 0x74, 0xf7, 
	0xc5, 0xfd, 0xd7, 0xf6, 
	0x83, 0xfe, 0xff, 
	0x0f, 0x85, 0x84, 0x00, 0x00, 0x00, 
	0x48, 0x83, 0xc2, 0x20, 
	0x48, 0x8d, 0x34, 0x01, 
	0x48, 0x83, 0xc6, 0xe0, 
	0x48, 0x83, 0xc0, 0xe0, 
	0x48, 0x83, 0xfe, 0x1f, 
	0x0f, 0x87, 0xca, 0xff, 0xff, 0xff, 
	0x4c, 0x89, 0xe2, 
	0x48, 0x29, 0xc2, 
	0x48, 0x01, 0xc8, 
	0x48, 0x85, 0xc0, 
	0x0f, 0x84, 0x39, 0x00, 0x00, 0x00, 
	
	0x4c, 0x8d, 0x14, 0x02, 
	0x31, 0xf6, 
	0x90, 0x90, 
	
	0x0f, 0xbe, 0x1c, 0x32, 
	0x83, 0xfb, 0x20, 
	0x0f, 0x87, 0xfb, 0x05, 0x00, 0x00, 
	0x48, 0xbf, 0x00, 0x26, 0x00, 0x00, 0x01, 0x00, 0x00, 0x00, 
	0x48, 0x0f, 0xa3, 0xdf, 
	0x0f, 0x83, 0xe7, 0x05, 0x00, 0x00, 
	0x48, 0x83, 0xc6, 0x01, 
	0x48, 0x39, 0xf0, 
	0x0f, 0x85, 0xd2, 0xff, 0xff, 0xff, 
	0x4c, 0x89, 0xd2, 
	
	0x4c, 0x29, 0xe2, 
	0x48, 0x39, 0xca, 
	0x0f, 0x82, 0x24, 0x00, 0x00, 0x00, 
	0xe9, 0x35, 0x26, 0x00, 0x00, 
	0x90, 0x90, 0x90, 0x90, 0x90, 0x90, 0x90, 0x90, 0x90, 0x90, 0x90, 0x90, 0x90, 0x90, 
	
	0xf7, 0xd6, 
	0x0f, 0xbc, 0xd6, 
	0x48, 0x29, 0xc2, 
	0x48, 0x39, 0xca, 
	0x0f, 0x83, 0x16, 0x26, 0x00, 0x00, 
	
	0x4c, 0x8d, 0x72, 0x01, 
	0x4d, 0x89, 0x30, 
	0x41, 0x8a, 0x04, 0x14, 
	0x3c, 0x2c, 
	0x0f, 0x85, 0x88, 0x09, 0x00, 0x00, 
	0x49, 0x8d, 0x41, 0xff, 
	0x49, 0x83, 0xf9, 0x02, 
	0x49, 0x89, 0xc1, 
	0x0f, 0x8d, 0x1b, 0xfa, 0xff, 0xff, 
	0xe9, 0xe6, 0x06, 0x00, 0x00, 
	
	0x4c, 0x89, 0x7c, 0x24, 0x18, 
	0x4d, 0x8b, 0x55, 0x00, 
	0x4d, 0x29, 0xf2, 
	0x4d, 0x01, 0xf4, 
	0x45, 0x31, 0xdb, 
	0x45, 0x31, 0xf6, 
	0x45, 0x31, 0xff, 
	0x31, 0xdb, 
	0xe9, 0x17, 0x00, 0x00, 0x00, 
	
	0x48, 0xc1, 0xf8, 0x3f, 
	0xf3, 0x48, 0x0f, 0xb8, 0xce, 
	0x49, 0x01, 0xcf, 
	0x49, 0x83, 0xc4, 0x40, 
	0x49, 0x83, 0xc2, 0xc0, 
	0x49, 0x89, 0xc3, 
	
	0x49, 0x83, 0xfa, 0x40, 
	0x0f, 0x8c, 0x33, 0x01, 0x00, 0x00, 
	
	0xc4, 0x41, 0x7e, 0x6f, 0x3c, 0x24, 
	0xc4, 0x41, 0x7e, 0x6f, 0x74, 0x24, 0x20, 
	0xc5, 0x85, 0x74, 0xf2, 
	0xc5, 0xfd, 0xd7, 0xc6, 
	0xc5, 0x8d, 0x74, 0xf2, 
	0xc5, 0xfd, 0xd7, 0xce, 
	0x48, 0xc1, 0xe1, 0x20, 
	0x48, 0x09, 0xc8, 
	0x48, 0x89, 0xc1, 
	0x4c, 0x09, 0xf1, 
	0x0f, 0x85, 0x0f, 0x00, 0x00, 0x00, 
	0x48, 0xc7, 0xc0, 0xff, 0xff, 0xff, 0xff, 
	0x45, 0x31, 0xf6, 
	0xe9, 0x46, 0x00, 0x00, 0x00, 
	
	0x4c, 0x89, 0xf1, 
	0x48, 0xf7, 0xd1, 
	0x48, 0x21, 0xc1, 
	0x48, 0x8d, 0x34, 0x09, 
	0x4c, 0x09, 0xf6, 
	0x48, 0x89, 0xf7, 
	0x48, 0xf7, 0xd7, 
	0x48, 0xba, 0xaa, 0xaa, 0xaa, 0xaa, 0xaa, 0xaa, 0xaa, 0xaa, 
	0x48, 0x21, 0xd0, 
	0x48, 0x21, 0xf8, 
	0x45, 0x31, 0xf6, 
	0x48, 0x01, 0xc8, 
	0x41, 0x0f, 0x92, 0xc6, 
	0x48, 0x01, 0xc0, 
	0x48, 0xb9, 0x55, 0x55, 0x55, 0x55, 0x55, 0x55, 0x55, 0x55, 
	0x48, 0x31, 0xc8, 
	0x48, 0x21, 0xf0, 
	0x48, 0xf7, 0xd0, 
	
	0x4c, 0x8b, 0x44, 0x24, 0x08, 
	0xc5, 0x8d, 0x74, 0xf1, 
	0xc5, 0xfd, 0xd7, 0xce, 
	0x48, 0xc1, 0xe1, 0x20, 
	0xc5, 0x85, 0x74, 0xf1, 
	0xc5, 0xfd, 0xd7, 0xf6, 
	0x48, 0x09, 0xce, 
	0x48, 0x21, 0xc6, 
	0xc4, 0xe1, 0xf9, 0x6e, 0xf6, 
	0xc4, 0xc3, 0x49, 0x44, 0xf1, 0x00, 
	0xc4, 0xe1, 0xf9, 0x7e, 0xf0, 
	0x4c, 0x31, 0xd8, 
	0xc4, 0xc1, 0x05, 0x74, 0xf4, 
	0xc5, 0xfd, 0xd7, 0xf6, 
	0xc4, 0xc1, 0x0d, 0x74, 0xf4, 
	0xc5, 0xfd, 0xd7, 0xce, 
	0x48, 0xc1, 0xe1, 0x20, 
	0x48, 0x09, 0xce, 
	0x48, 0x89, 0xc1, 
	0x48, 0xf7, 0xd1, 
	0x48, 0x21, 0xce, 
	0xc4, 0xc1, 0x05, 0x74, 0xf5, 
	0xc5, 0xfd, 0xd7, 0xfe, 
	0xc4, 0xc1, 0x0d, 0x74, 0xf5, 
	0xc5, 0xfd, 0xd7, 0xd6, 
	0x48, 0xc1, 0xe2, 0x20, 
	0x48, 0x09, 0xd7, 
	0x48, 0x21, 0xcf, 
	0x0f, 0x84, 0xe4, 0xfe, 0xff, 0xff, 
	0x4c, 0x8b, 0x5c, 0x24, 0x20, 
	0x90, 0x90, 0x90, 0x90, 0x90, 0x90, 
	
	0x48, 0x8d, 0x4f, 0xff, 
	0x48, 0x89, 0xca, 
	0x48, 0x21, 0xf2, 
	0xf3, 0x48, 0x0f, 0xb8, 0xd2, 
	0x4c, 0x01, 0xfa, 
	0x48, 0x39, 0xda, 
	0x0f, 0x86, 0xdc, 0x03, 0x00, 0x00, 
	0x48, 0x83, 0xc3, 0x01, 
	0x48, 0x21, 0xcf, 
	0x0f, 0x85, 0xd8, 0xff, 0xff, 0xff, 
	0xe9, 0xac, 0xfe, 0xff, 0xff, 
	
	0x4d, 0x85, 0xd2, 
	0x0f, 0x8e, 0x19, 0x05, 0x00, 0x00, 
	0xc5, 0xc9, 0xef, 0xf6, 
	0xc5, 0xfe, 0x7f, 0x74, 0x24, 0x60, 
	0xc5, 0xfe, 0x7f, 0x74, 0x24, 0x40, 
	0x44, 0x89, 0xe0, 
	0x25, 0xff, 0x0f, 0x00, 0x00, 
	0x3d, 0xc1, 0x0f, 0x00, 0x00, 
	0x0f, 0x82, 0xa1, 0xfe, 0xff, 0xff, 
	0x49, 0x83, 0xfa, 0x20, 
	0x0f, 0x82, 0x1e, 0x00, 0x00, 0x00, 
	0xc4, 0xc1, 0x7e, 0x6f, 0x34, 0x24, 
	0xc5, 0xfe, 0x7f, 0x74, 0x24, 0x40, 
	0x49, 0x83, 0xc4, 0x20, 
	0x49, 0x8d, 0x7a, 0xe0, 
	0x4c, 0x8d, 0x44, 0x24, 0x60, 
	0xe9, 0x08, 0x00, 0x00, 0x00, 
	
	0x4c, 0x8d, 0x44, 0x24, 0x40, 
	0x4c, 0x89, 0xd7, 
	
	0x48, 0x83, 0xff, 0x10, 
	0x0f, 0x82, 0x5e, 0x00, 0x00, 0x00, 
	0xc4, 0xc1, 0x7a, 0x6f, 0x34, 0x24, 
	0xc4, 0xc1, 0x7a, 0x7f, 0x30, 
	0x49, 0x83, 0xc4, 0x10, 
	0x49, 0x83, 0xc0, 0x10, 
	0x48, 0x83, 0xc7, 0xf0, 
	0x48, 0x83, 0xff, 0x08, 
	0x0f, 0x83, 0x47, 0x00, 0x00, 0x00, 
	
	0x48, 0x83, 0xff, 0x04, 
	0x0f, 0x8c, 0x5a, 0x00, 0x00, 0x00, 
	
	0x41, 0x8b, 0x04, 0x24, 
	0x41, 0x89, 0x00, 
	0x49, 0x83, 0xc4, 0x04, 
	0x49, 0x83, 0xc0, 0x04, 
	0x48, 0x83, 0xc7, 0xfc, 
	0x48, 0x83, 0xff, 0x02, 
	0x0f, 0x83, 0x47, 0x00, 0x00, 0x00, 
	
	0x4c, 0x89, 0xe0, 
	0x4c, 0x8d, 0x64, 0x24, 0x40, 
	0x48, 0x85, 0xff, 
	0x0f, 0x85, 0x5c, 0x00, 0x00, 0x00, 
	0xe9, 0x09, 0xfe, 0xff, 0xff, 
	
	0x48, 0x83, 0xff, 0x08, 
	0x0f, 0x82, 0xb9, 0xff, 0xff, 0xff, 
	
	0x49, 0x8b, 0x04, 0x24, 
	0x49, 0x89, 0x00, 
	0x49, 0x83, 0xc4, 0x08, 
	0x49, 0x83, 0xc0, 0x08, 
	0x48, 0x83, 0xc7, 0xf8, 
	0x48, 0x83, 0xff, 0x04, 
	0x0f, 0x8d, 0xa6, 0xff, 0xff, 0xff, 
	
	0x48, 0x83, 0xff, 0x02, 
	0x0f, 0x82, 0xb9, 0xff, 0xff, 0xff, 
	
	0x41, 0x0f, 0xb7, 0x04, 0x24, 
	0x66, 0x41, 0x89, 0x00, 
	0x49, 0x83, 0xc4, 0x02, 
	0x49, 0x83, 0xc0, 0x02, 
	0x48, 0x83, 0xc7, 0xfe, 
	0x4c, 0x89, 0xe0, 
	0x4c, 0x8d, 0x64, 0x24, 0x40, 
	0x48, 0x85, 0xff, 
	0x0f, 0x84, 0xb2, 0xfd, 0xff, 0xff, 
	
	0x8a, 0x00, 
	0x41, 0x88, 0x00, 
	0x4c, 0x8d, 0x64, 0x24, 0x40, 
	0xe9, 0xa3, 0xfd, 0xff, 0xff, 
	
	0x4c, 0x89, 0x7c, 0x24, 0x18, 
	0x4d, 0x8b, 0x55, 0x00, 
	0x4d, 0x29, 0xf2, 
	0x4d, 0x01, 0xf4, 
	0x45, 0x31, 0xdb, 
	0x45, 0x31, 0xf6, 
	0x45, 0x31, 0xff, 
	0x31, 0xdb, 
	0xe9, 0x17, 0x00, 0x00, 0x00, 
	
	0x48, 0xc1, 0xf8, 0x3f, 
	0xf3, 0x48, 0x0f, 0xb8, 0xce, 
	0x49, 0x01, 0xcf, 
	0x49, 0x83, 0xc4, 0x40, 
	0x49, 0x83, 0xc2, 0xc0, 
	0x49, 0x89, 0xc3, 
	
	0x49, 0x83, 0xfa, 0x40, 
	0x0f, 0x8c, 0x36, 0x01, 0x00, 0x00, 
	
	0xc4, 0x41, 0x7e, 0x6f, 0x3c, 0x24, 
	0xc4, 0x41, 0x7e, 0x6f, 0x74, 0x24, 0x20, 
	0xc5, 0x85, 0x74, 0xf2, 
	0xc5, 0xfd, 0xd7, 0xc6, 
	0xc5, 0x8d, 0x74, 0xf2, 
	0xc5, 0xfd, 0xd7, 0xce, 
	0x48, 0xc1, 0xe1, 0x20, 
	0x48, 0x09, 0xc8, 
	0x48, 0x89, 0xc1, 
	0x4c, 0x09, 0xf1, 
	0x0f, 0x85, 0x0f, 0x00, 0x00, 0x00, 
	0x48, 0xc7, 0xc0, 0xff, 0xff, 0xff, 0xff, 
	0x45, 0x31, 0xf6, 
	0xe9, 0x46, 0x00, 0x00, 0x00, 
	
	0x4c, 0x89, 0xf1, 
	0x48, 0xf7, 0xd1, 
	0x48, 0x21, 0xc1, 
	0x48, 0x8d, 0x34, 0x09, 
	0x4c, 0x09, 0xf6, 
	0x48, 0x89, 0xf7, 
	0x48, 0xf7, 0xd7, 
	0x48, 0xba, 0xaa, 0xaa, 0xaa, 0xaa, 0xaa, 0xaa, 0xaa, 0xaa, 
	0x48, 0x21, 0xd0, 
	0x48, 0x21, 0xf8, 
	0x45, 0x31, 0xf6, 
	0x48, 0x01, 0xc8, 
	0x41, 0x0f, 0x92, 0xc6, 
	0x48, 0x01, 0xc0, 
	0x48, 0xb9, 0x55, 0x55, 0x55, 0x55, 0x55, 0x55, 0x55, 0x55, 
	0x48, 0x31, 0xc8, 
	0x48, 0x21, 0xf0, 
	0x48, 0xf7, 0xd0, 
	
	0x4c, 0x8b, 0x44, 0x24, 0x08, 
	0xc5, 0x8d, 0x74, 0xf1, 
	0xc5, 0xfd, 0xd7, 0xce, 
	0x48, 0xc1, 0xe1, 0x20, 
	0xc5, 0x85, 0x74, 0xf1, 
	0xc5, 0xfd, 0xd7, 0xf6, 
	0x48, 0x09, 0xce, 
	0x48, 0x21, 0xc6, 
	0xc4, 0xe1, 0xf9, 0x6e, 0xf6, 
	0xc4, 0xc3, 0x49, 0x44, 0xf1, 0x00, 
	0xc4, 0xe1, 0xf9, 0x7e, 0xf0, 
	0x4c, 0x31, 0xd8, 
	0xc4, 0xc1, 0x05, 0x74, 0xf2, 
	0xc5, 0xfd, 0xd7, 0xf6, 
	0xc4, 0xc1, 0x0d, 0x74, 0xf2, 
	0xc5, 0xfd, 0xd7, 0xce, 
	0x48, 0xc1, 0xe1, 0x20, 
	0x48, 0x09, 0xce, 
	0x48, 0x89, 0xc1, 
	0x48, 0xf7, 0xd1, 
	0x48, 0x21, 0xce, 
	0xc5, 0x85, 0x74, 0xf5, 
	0xc5, 0xfd, 0xd7, 0xfe, 
	0xc5, 0x8d, 0x74, 0xf5, 
	0xc5, 0xfd, 0xd7, 0xd6, 
	0x48, 0xc1, 0xe2, 0x20, 
	0x48, 0x09, 0xd7, 
	0x48, 0x21, 0xcf, 
	0x0f, 0x84, 0xe6, 0xfe, 0xff, 0xff, 
	0x4c, 0x8b, 0x5c, 0x24, 0x20, 
	0x90, 0x90, 0x90, 0x90, 0x90, 0x90, 0x90, 0x90, 0x90, 0x90, 0x90, 
	
	0x48, 0x8d, 0x4f, 0xff, 
	0x48, 0x89, 0xca, 
	0x48, 0x21, 0xf2, 
	0xf3, 0x48, 0x0f, 0xb8, 0xd2, 
	0x4c, 0x01, 0xfa, 
	0x48, 0x39, 0xda, 
	0x0f, 0x86, 0x3c, 0x01, 0x00, 0x00, 
	0x48, 0x83, 0xc3, 0x01, 
	0x48, 0x21, 0xcf, 
	0x0f, 0x85, 0xd8, 0xff, 0xff, 0xff, 
	0xe9, 0xa9, 0xfe, 0xff, 0xff, 
	
	0x4d, 0x85, 0xd2, 
	0x0f, 0x8e, 0x79, 0x02, 0x00, 0x00, 
	0xc5, 0xc9, 0xef, 0xf6, 
	0xc5, 0xfe, 0x7f, 0x74, 0x24, 0x60, 
	0xc5, 0xfe, 0x7f, 0x74, 0x24, 0x40, 
	0x44, 0x89, 0xe0, 
	0x25, 0xff, 0x0f, 0x00, 0x00, 
	0x3d, 0xc1, 0x0f, 0x00, 0x00, 
	0x0f, 0x82, 0x9e, 0xfe, 0xff, 0xff, 
	0x49, 0x83, 0xfa, 0x20, 
	0x0f, 0x82, 0x1e, 0x00, 0x00, 0x00, 
	0xc4, 0xc1, 0x7e, 0x6f, 0x34, 0x24, 
	0xc5, 0xfe, 0x7f, 0x74, 0x24, 0x40, 
	0x49, 0x83, 0xc4, 0x20, 
	0x49, 0x8d, 0x7a, 0xe0, 
	0x4c, 0x8d, 0x44, 0x24, 0x60, 
	0xe9, 0x08, 0x00, 0x00, 0x00, 
	
	0x4c, 0x8d, 0x44, 0x24, 0x40, 
	0x4c, 0x89, 0xd7, 
	
	0x48, 0x83, 0xff, 0x10, 
	0x0f, 0x82, 0x5e, 0x00, 0x00, 0x00, 
	0xc4, 0xc1, 0x7a, 0x6f, 0x34, 0x24, 
	0xc4, 0xc1, 0x7a, 0x7f, 0x30, 
	0x49, 0x83, 0xc4, 0x10, 
	0x49, 0x83, 0xc0, 0x10, 
	0x48, 0x83, 0xc7, 0xf0, 
	0x48, 0x83, 0xff, 0x08, 
	0x0f, 0x83, 0x47, 0x00, 0x00, 0x00, 
	
	0x48, 0x83, 0xff, 0x04, 
	0x0f, 0x8c, 0x5a, 0x00, 0x00, 0x00, 
	
	0x41, 0x8b, 0x04, 0x24, 
	0x41, 0x89, 0x00, 
	0x49, 0x83, 0xc4, 0x04, 
	0x49, 0x83, 0xc0, 0x04, 
	0x48, 0x83, 0xc7, 0xfc, 
	0x48, 0x83, 0xff, 0x02, 
	0x0f, 0x83, 0x47, 0x00, 0x00, 0x00, 
	
	0x4c, 0x89, 0xe0, 
	0x4c, 0x8d, 0x64, 0x24, 0x40, 
	0x48, 0x85, 0xff, 
	0x0f, 0x85, 0x5c, 0x00, 0x00, 0x00, 
	0xe9, 0x06, 0xfe, 0xff, 0xff, 
	
	0x48, 0x83, 0xff, 0x08, 
	0x0f, 0x82, 0xb9, 0xff, 0xff, 0xff, 
	
	0x49, 0x8b, 0x04, 0x24, 
	0x49, 0x89, 0x00, 
	0x49, 0x83, 0xc4, 0x08, 
	0x49, 0x83, 0xc0, 0x08, 
	0x48, 0x83, 0xc7, 0xf8, 
	0x48, 0x83, 0xff, 0x04, 
	0x0f, 0x8d, 0xa6, 0xff, 0xff, 0xff, 
	
	0x48, 0x83, 0xff, 0x02, 
	0x0f, 0x82, 0xb9, 0xff, 0xff, 0xff, 
	
	0x41, 0x0f, 0xb7, 0x04, 0x24, 
	0x66, 0x41, 0x89, 0x00, 
	0x49, 0x83, 0xc4, 0x02, 
	0x49, 0x83, 0xc0, 0x02, 
	0x48, 0x83, 0xc7, 0xfe, 
	0x4c, 0x89, 0xe0, 
	0x4c, 0x8d, 0x64, 0x24, 0x40, 
	0x48, 0x85, 0xff, 
	0x0f, 0x84, 0xaf, 0xfd, 0xff, 0xff, 
	
	0x8a, 0x00, 
	0x41, 0x88, 0x00, 
	0x4c, 0x8d, 0x64, 0x24, 0x40, 
	0xe9, 0xa0, 0xfd, 0xff, 0xff, 
	
	0x49, 0x8b, 0x45, 0x00, 
	0x48, 0x0f, 0xbc, 0xcf, 
	0x4c, 0x29, 0xd1, 
	0x4c, 0x8d, 0x34, 0x01, 
	0x49, 0x83, 0xc6, 0x01, 
	0x4d, 0x89, 0x30, 
	0x49, 0x8b, 0x45, 0x00, 
	0x49, 0x39, 0xc6, 
	0x4c, 0x0f, 0x47, 0xf0, 
	0x4d, 0x89, 0x30, 
	0x4c, 0x8b, 0x7c, 0x24, 0x18, 
	0xe9, 0xc1, 0xf8, 0xff, 0xff, 
	
	0x66, 0x0f, 0xbc, 0xc9, 
	0x44, 0x0f, 0xb7, 0xf1, 
	0x49, 0x29, 0xc6, 
	0x4d, 0x89, 0x30, 
	0xe9, 0xae, 0xf8, 0xff, 0xff, 
	
	0x4c, 0x29, 0xe2, 
	0x48, 0x01, 0xf2, 
	0x48, 0x39, 0xca, 
	0x0f, 0x82, 0x4a, 0xfa, 0xff, 0xff, 
	0xe9, 0x5b, 0x20, 0x00, 0x00, 
	
	0x4c, 0x29, 0xe1, 
	0x48, 0x01, 0xf1, 
	0x48, 0x39, 0xd1, 
	0x0f, 0x82, 0x16, 0xf6, 0xff, 0xff, 
	0xe9, 0x86, 0xf8, 0xff, 0xff, 
	
	0x4d, 0x85, 0xff, 
	0x0f, 0x85, 0x06, 0x01, 0x00, 0x00, 
	0x4b, 0x8d, 0x04, 0x2a, 
	0x48, 0x83, 0xc0, 0x01, 
	0x49, 0xf7, 0xd5, 
	0x4d, 0x01, 0xc5, 
	
	0x4c, 0x8b, 0x7c, 0x24, 0x18, 
	0x4d, 0x85, 0xed, 
	0x4c, 0x8b, 0x44, 0x24, 0x08, 
	0x0f, 0x8e, 0xd6, 0x00, 0x00, 0x00, 
	0x4c, 0x8b, 0x5c, 0x24, 0x20, 
	0xe9, 0x18, 0x00, 0x00, 0x00, 
	
	0x48, 0xc7, 0xc1, 0xfe, 0xff, 0xff, 0xff, 
	0xbe, 0x02, 0x00, 0x00, 0x00, 
	0x48, 0x01, 0xf0, 
	0x49, 0x01, 0xcd, 
	0x0f, 0x8e, 0x2d, 0x00, 0x00, 0x00, 
	
	0x0f, 0xb6, 0x08, 
	0x80, 0xf9, 0x5c, 
	0x0f, 0x84, 0xdc, 0xff, 0xff, 0xff, 
	0x80, 0xf9, 0x22, 
	0x0f, 0x84, 0x22, 0x00, 0x00, 0x00, 
	0x48, 0xc7, 0xc1, 0xff, 0xff, 0xff, 0xff, 
	0xbe, 0x01, 0x00, 0x00, 0x00, 
	0x48, 0x01, 0xf0, 
	0x49, 0x01, 0xcd, 
	0x0f, 0x8f, 0xd3, 0xff, 0xff, 0xff, 
	
	0x4c, 0x8b, 0x6c, 0x24, 0x28, 
	0xe9, 0x03, 0xf8, 0xff, 0xff, 
	
	0x4c, 0x29, 0xe0, 
	0x48, 0x83, 0xc0, 0x01, 
	0x49, 0x89, 0x00, 
	0x49, 0x89, 0xc6, 
	0x4c, 0x8b, 0x6c, 0x24, 0x28, 
	0xe9, 0xec, 0xf7, 0xff, 0xff, 
	
	0x4c, 0x01, 0xe2, 
	0x48, 0x85, 0xc0, 
	0x0f, 0x85, 0x22, 0xf9, 0xff, 0xff, 
	0xe9, 0x56, 0xf9, 0xff, 0xff, 
	
	0x4c, 0x01, 0xe1, 
	0x48, 0x85, 0xc0, 
	0x0f, 0x85, 0x01, 0xf5, 0xff, 0xff, 
	0xe9, 0x33, 0xf5, 0xff, 0xff, 
	
	0x4d, 0x01, 0xe6, 
	0x48, 0x83, 0xfa, 0x10, 
	0x0f, 0x83, 0xe9, 0xf5, 0xff, 0xff, 
	0xe9, 0x31, 0xf6, 0xff, 0xff, 
	
	0x4d, 0x29, 0xe6, 
	0x49, 0x01, 0xc6, 
	
	0x4c, 0x8b, 0x44, 0x24, 0x08, 
	0x4d, 0x89, 0x30, 
	0x4c, 0x8b, 0x5c, 0x24, 0x20, 
	0xe9, 0xa0, 0xf7, 0xff, 0xff, 
	
	0x4b, 0x8d, 0x04, 0x34, 
	0xe9, 0x28, 0xff, 0xff, 0xff, 
	
	0x4d, 0x8b, 0x75, 0x00, 
	0x4c, 0x8b, 0x44, 0x24, 0x08, 
	0x4d, 0x89, 0x30, 
	0xe9, 0x54, 0xf7, 0xff, 0xff, 
	
	0x4c, 0x8b, 0x6c, 0x24, 0x28, 
	0x4c, 0x8b, 0x5c, 0x24, 0x20, 
	0xe9, 0x77, 0xf7, 0xff, 0xff, 
	
	0x49, 0x8d, 0x40, 0xff, 
	0x4c, 0x39, 0xe8, 
	0x0f, 0x85, 0x0a, 0x00, 0x00, 0x00, 
	0x4c, 0x8b, 0x44, 0x24, 0x08, 
	0xe9, 0x29, 0xf7, 0xff, 0xff, 
	
	0x4b, 0x8d, 0x04, 0x2a, 
	0x48, 0x83, 0xc0, 0x02, 
	0x4d, 0x29, 0xe8, 
	0x49, 0x83, 0xc0, 0xfe, 
	0x4d, 0x89, 0xc5, 
	0xe9, 0xda, 0xfe, 0xff, 0xff, 
	0x90, 0x90, 0x90, 
	
	0x49, 0x83, 0xc7, 0x10, 
	0x4c, 0x89, 0xf0, 
	0x4c, 0x3b, 0xbc, 0x24, 0xa0, 0x00, 0x00, 0x00, 
	0x0f, 0x85, 0x92, 0xd5, 0xff, 0xff, 
	0xe9, 0x52, 0x00, 0x00, 0x00, 
	
	0x4c, 0x29, 0xe2, 
	0x48, 0x01, 0xfa, 
	0x4c, 0x8b, 0x44, 0x24, 0x08, 
	0x48, 0x39, 0xca, 
	0x0f, 0x82, 0x53, 0xd7, 0xff, 0xff, 
	0xe9, 0x01, 0xd7, 0xff, 0xff, 
	
	0x4c, 0x29, 0xe2, 
	0x48, 0x01, 0xf2, 
	0x48, 0x39, 0xca, 
	0x0f, 0x82, 0xc7, 0xf2, 0xff, 0xff, 
	0xe9, 0xd4, 0xf2, 0xff, 0xff, 
	
	0x4d, 0x01, 0xe6, 
	0x4c, 0x89, 0xf2, 
	0x48, 0x85, 0xf6, 
	0x0f, 0x85, 0x94, 0xd6, 0xff, 0xff, 
	0xe9, 0xcd, 0xd6, 0xff, 0xff, 
	
	0x4c, 0x01, 0xe2, 
	0x48, 0x85, 0xc0, 
	0x0f, 0x85, 0x41, 0xf2, 0xff, 0xff, 
	0xe9, 0x73, 0xf2, 0xff, 0xff, 
	
	0x4c, 0x8b, 0x64, 0x24, 0x10, 
	0x4d, 0x85, 0xe4, 
	0x0f, 0x84, 0x7e, 0x00, 0x00, 0x00, 
	0x4c, 0x89, 0x6c, 0x24, 0x28, 
	0xc5, 0xfa, 0x6f, 0x05, 0x09, 0xd4, 0xff, 0xff, 
	0xc4, 0xc1, 0x7a, 0x7f, 0x04, 0x24, 
	0x49, 0xc7, 0xc2, 0xff, 0xff, 0xff, 0xff, 
	0xc5, 0xfe, 0x6f, 0x2d, 0xe4, 0xd1, 0xff, 0xff, 
	0xc5, 0xfe, 0x6f, 0x35, 0x5c, 0xd2, 0xff, 0xff, 
	0xc5, 0xfe, 0x6f, 0x3d, 0x74, 0xd2, 0xff, 0xff, 
	0xc5, 0x7e, 0x6f, 0x05, 0xec, 0xd2, 0xff, 0xff, 
	0xc5, 0x7e, 0x6f, 0x0d, 0x04, 0xd3, 0xff, 0xff, 
	0xc5, 0x7e, 0x6f, 0x15, 0x1c, 0xd3, 0xff, 0xff, 
	0xc5, 0x7e, 0x6f, 0x1d, 0x34, 0xd3, 0xff, 0xff, 
	0xc5, 0x7e, 0x6f, 0x25, 0xec, 0xd1, 0xff, 0xff, 
	0xc5, 0x7e, 0x6f, 0x2d, 0x44, 0xd3, 0xff, 0xff, 
	0xc5, 0x7e, 0x6f, 0x35, 0x5c, 0xd3, 0xff, 0xff, 
	0xc5, 0x7a, 0x6f, 0x3d, 0xb4, 0xd3, 0xff, 0xff, 
	0x4c, 0x8d, 0x35, 0xb9, 0x2b, 0x00, 0x00, 
	0xe9, 0x68, 0x02, 0x00, 0x00, 
	
	0x4d, 0x89, 0xef, 
	0x4c, 0x89, 0xd8, 
	0x4d, 0x8b, 0x1b, 
	0x48, 0x8b, 0x58, 0x08, 
	0x49, 0x8b, 0x38, 
	0x48, 0x39, 0xdf, 
	0x0f, 0x83, 0x26, 0x00, 0x00, 0x00, 
	0x41, 0x8a, 0x04, 0x3b, 
	0x3c, 0x0d, 
	0x0f, 0x84, 0x1a, 0x00, 0x00, 0x00, 
	0x3c, 0x20, 
	0x0f, 0x84, 0x12, 0x00, 0x00, 0x00, 
	0x04, 0xf7, 
	0x3c, 0x01, 
	0x0f, 0x86, 0x08, 0x00, 0x00, 0x00, 
	0x48, 0x89, 0xf8, 
	0xe9, 0x4f, 0x1c, 0x00, 0x00, 
	
	0x48, 0x8d, 0x47, 0x01, 
	0x48, 0x39, 0xd8, 
	0x0f, 0x83, 0x22, 0x00, 0x00, 0x00, 
	0x41, 0x8a, 0x0c, 0x03, 
	0x80, 0xf9, 0x0d, 
	0x0f, 0x84, 0x15, 0x00, 0x00, 0x00, 
	0x80, 0xf9, 0x20, 
	0x0f, 0x84, 0x0c, 0x00, 0x00, 0x00, 
	0x80, 0xc1, 0xf7, 
	0x80, 0xf9, 0x01, 
	0x0f, 0x87, 0x20, 0x1c, 0x00, 0x00, 
	
	0x48, 0x8d, 0x47, 0x02, 
	0x48, 0x39, 0xd8, 
	0x0f, 0x83, 0x22, 0x00, 0x00, 0x00, 
	0x41, 0x8a, 0x0c, 0x03, 
	0x80, 0xf9, 0x0d, 
	0x0f, 0x84, 0x15, 0x00, 0x00, 0x00, 
	0x80, 0xf9, 0x20, 
	0x0f, 0x84, 0x0c, 0x00, 0x00, 0x00, 
	0x80, 0xc1, 0xf7, 
	0x80, 0xf9, 0x01, 
	0x0f, 0x87, 0xf1, 0x1b, 0x00, 0x00, 
	
	0x48, 0x8d, 0x47, 0x03, 
	0x48, 0x39, 0xd8, 
	0x0f, 0x83, 0x22, 0x00, 0x00, 0x00, 
	0x41, 0x8a, 0x0c, 0x03, 
	0x80, 0xf9, 0x0d, 
	0x0f, 0x84, 0x15, 0x00, 0x00, 0x00, 
	0x80, 0xf9, 0x20, 
	0x0f, 0x84, 0x0c, 0x00, 0x00, 0x00, 
	0x80, 0xc1, 0xf7, 
	0x80, 0xf9, 0x01, 
	0x0f, 0x87, 0xc2, 0x1b, 0x00, 0x00, 
	
	0x48, 0x8d, 0x47, 0x04, 
	0x48, 0x89, 0xda, 
	0x48, 0x29, 0xc2, 
	0x0f, 0x86, 0xc3, 0x24, 0x00, 0x00, 
	0x48, 0x83, 0xfa, 0x20, 
	0x0f, 0x82, 0x45, 0x26, 0x00, 0x00, 
	0x48, 0xc7, 0xc2, 0xfc, 0xff, 0xff, 0xff, 
	0x48, 0x29, 0xfa, 
	0xc5, 0xfe, 0x6f, 0x05, 0x90, 0xd0, 0xff, 0xff, 
	
	
	0xc4, 0xc1, 0x7e, 0x6f, 0x0c, 0x03, 
	0xc4, 0xe2, 0x7d, 0x00, 0xd1, 
	0xc5, 0xf5, 0x74, 0xca, 
	0xc5, 0xfd, 0xd7, 0xc9, 
	0x83, 0xf9, 0xff, 
	0x0f, 0x85, 0x62, 0x1b, 0x00, 0x00, 
	0x48, 0x83, 0xc0, 0x20, 
	0x48, 0x8d, 0x0c, 0x13, 
	0x48, 0x83, 0xc1, 0xe0, 
	0x48, 0x83, 0xc2, 0xe0, 
	0x48, 0x83, 0xf9, 0x1f, 
	0x0f, 0x87, 0xca, 0xff, 0xff, 0xff, 
	0x4c, 0x89, 0xd8, 
	0x48, 0x29, 0xd0, 
	0x48, 0x01, 0xda, 
	0x48, 0x85, 0xd2, 
	0x0f, 0x84, 0x3c, 0x00, 0x00, 0x00, 
	
	0x4c, 0x8d, 0x04, 0x10, 
	0x31, 0xf6, 
	0x48, 0xb9, 0x00, 0x26, 0x00, 0x00, 0x01, 0x00, 0x00, 0x00, 
	
	0x0f, 0xbe, 0x3c, 0x30, 
	0x83, 0xff, 0x20, 
	0x0f, 0x87, 0x90, 0x25, 0x00, 0x00, 
	0x48, 0x0f, 0xa3, 0xf9, 
	0x0f, 0x83, 0x86, 0x25, 0x00, 0x00, 
	0x48, 0x83, 0xc6, 0x01, 
	0x48, 0x39, 0xf2, 
	0x0f, 0x85, 0xdc, 0xff, 0xff, 0xff, 
	0x4c, 0x89, 0xc0, 
	0x4c, 0x8b, 0x44, 0x24, 0x08, 
	
	0x4c, 0x29, 0xd8, 
	0x49, 0xc7, 0xc5, 0xff, 0xff, 0xff, 0xff, 
	0x48, 0x39, 0xd8, 
	0x0f, 0x82, 0xff, 0x1a, 0x00, 0x00, 
	0xe9, 0x89, 0x1c, 0x00, 0x00, 
	
	0x3c, 0x5d, 
	0x0f, 0x84, 0x10, 0x00, 0x00, 0x00, 
	0xe9, 0x6e, 0x1c, 0x00, 0x00, 
	
	0x4d, 0x89, 0xce, 
	
	0x3c, 0x7d, 
	0x0f, 0x85, 0x63, 0x1c, 0x00, 0x00, 
	
	0x49, 0x83, 0xc6, 0xff, 
	0x4d, 0x89, 0x30, 
	0x49, 0xc7, 0xc5, 0xdf, 0xff, 0xff, 0xff, 
	0xe9, 0x5e, 0x1c, 0x00, 0x00, 
	
	0x49, 0xf7, 0xdb, 
	0x4c, 0x8b, 0x64, 0x24, 0x10, 
	0xc5, 0xfe, 0x6f, 0x2d, 0xb9, 0xcf, 0xff, 0xff, 
	0xc5, 0xfe, 0x6f, 0x35, 0x31, 0xd0, 0xff, 0xff, 
	0xc5, 0xfe, 0x6f, 0x3d, 0x49, 0xd0, 0xff, 0xff, 
	0xc5, 0x7e, 0x6f, 0x05, 0xc1, 0xd0, 0xff, 0xff, 
	0xc5, 0x7e, 0x6f, 0x0d, 0xd9, 0xd0, 0xff, 0xff, 
	0xc5, 0x7e, 0x6f, 0x15, 0xf1, 0xd0, 0xff, 0xff, 
	0xc5, 0x7e, 0x6f, 0x1d, 0x09, 0xd1, 0xff, 0xff, 
	0xc5, 0x7e, 0x6f, 0x25, 0xc1, 0xcf, 0xff, 0xff, 
	0xc5, 0x7e, 0x6f, 0x2d, 0x19, 0xd1, 0xff, 0xff, 
	0xc5, 0x7e, 0x6f, 0x35, 0x31, 0xd1, 0xff, 0xff, 
	0x4d, 0x85, 0xdb, 
	0x0f, 0x88, 0x65, 0x1c, 0x00, 0x00, 
	
	0x48, 0x8b, 0x0e, 
	0x48, 0x83, 0xc1, 0xff, 
	0x4c, 0x8b, 0x4c, 0x24, 0x18, 
	
	0x4c, 0x01, 0xd9, 
	0x4c, 0x8b, 0x44, 0x24, 0x08, 
	0x49, 0x89, 0x08, 
	0x4d, 0x85, 0xc9, 
	0x4c, 0x8b, 0x5c, 0x24, 0x20, 
	0x0f, 0x8e, 0xd8, 0x1b, 0x00, 0x00, 
	0x90, 0x90, 0x90, 
	
	0x49, 0x8b, 0x14, 0x24, 
	0x4d, 0x89, 0xd5, 
	0x48, 0x85, 0xd2, 
	0x0f, 0x85, 0x10, 0x00, 0x00, 0x00, 
	0xe9, 0xc0, 0x1b, 0x00, 0x00, 
	
	0x4c, 0x89, 0xe9, 
	0xe9, 0xc7, 0xff, 0xff, 0xff, 
	0x90, 0x90, 0x90, 
	
	0x4c, 0x89, 0xd1, 
	0x4d, 0x8b, 0x3b, 
	0x49, 0x8b, 0x53, 0x08, 
	0x49, 0x8b, 0x38, 
	0x48, 0x39, 0xd7, 
	0x0f, 0x83, 0x2a, 0x00, 0x00, 0x00, 
	0x41, 0x8a, 0x04, 0x3f, 
	0x3c, 0x0d, 
	0x0f, 0x84, 0x1e, 0x00, 0x00, 0x00, 
	0x3c, 0x20, 
	0x0f, 0x84, 0x16, 0x00, 0x00, 0x00, 
	0x04, 0xf7, 
	0x3c, 0x01, 
	0x0f, 0x86, 0x0c, 0x00, 0x00, 0x00, 
	0x49, 0x89, 0xfa, 
	0xe9, 0x76, 0x01, 0x00, 0x00, 
	0x90, 0x90, 0x90, 0x90, 
	
	0x4c, 0x8d, 0x57, 0x01, 
	0x49, 0x39, 0xd2, 
	0x0f, 0x83, 0x23, 0x00, 0x00, 0x00, 
	0x43, 0x8a, 0x1c, 0x17, 
	0x80, 0xfb, 0x0d, 
	0x0f, 0x84, 0x16, 0x00, 0x00, 0x00, 
	0x80, 0xfb, 0x20, 
	0x0f, 0x84, 0x0d, 0x00, 0x00, 0x00, 
	0x80, 0xc3, 0xf7, 
	0x80, 0xfb, 0x01, 
	0x0f, 0x87, 0x43, 0x01, 0x00, 0x00, 
	0x90, 
	
	0x4c, 0x8d, 0x57, 0x02, 
	0x49, 0x39, 0xd2, 
	0x0f, 0x83, 0x23, 0x00, 0x00, 0x00, 
	0x43, 0x8a, 0x1c, 0x17, 
	0x80, 0xfb, 0x0d, 
	0x0f, 0x84, 0x16, 0x00, 0x00, 0x00, 
	0x80, 0xfb, 0x20, 
	0x0f, 0x84, 0x0d, 0x00, 0x00, 0x00, 
	0x80, 0xc3, 0xf7, 
	0x80, 0xfb, 0x01, 
	0x0f, 0x87, 0x13, 0x01, 0x00, 0x00, 
	0x90, 
	
	0x4c, 0x8d, 0x57, 0x03, 
	0x49, 0x39, 0xd2, 
	0x0f, 0x83, 0x23, 0x00, 0x00, 0x00, 
	0x43, 0x8a, 0x1c, 0x17, 
	0x80, 0xfb, 0x0d, 
	0x0f, 0x84, 0x16, 0x00, 0x00, 0x00, 
	0x80, 0xfb, 0x20, 
	0x0f, 0x84, 0x0d, 0x00, 0x00, 0x00, 
	0x80, 0xc3, 0xf7, 
	0x80, 0xfb, 0x01, 
	0x0f, 0x87, 0xe3, 0x00, 0x00, 0x00, 
	0x90, 
	
	0x4c, 0x8d, 0x57, 0x04, 
	0x48, 0x89, 0xd6, 
	0x4c, 0x29, 0xd6, 
	0x0f, 0x86, 0xb5, 0x1a, 0x00, 0x00, 
	0x48, 0x83, 0xfe, 0x20, 
	0x0f, 0x82, 0x98, 0x12, 0x00, 0x00, 
	0x48, 0xc7, 0xc6, 0xfc, 0xff, 0xff, 0xff, 
	0x48, 0x29, 0xfe, 
	0x90, 0x90, 0x90, 0x90, 0x90, 0x90, 0x90, 0x90, 0x90, 0x90, 0x90, 0x90, 
	
	0xc4, 0x81, 0x7e, 0x6f, 0x04, 0x17, 
	0xc4, 0xe2, 0x55, 0x00, 0xc8, 
	0xc5, 0xfd, 0x74, 0xc1, 
	0xc5, 0xfd, 0xd7, 0xf8, 
	0x83, 0xff, 0xff, 
	0x0f, 0x85, 0x84, 0x00, 0x00, 0x00, 
	0x49, 0x83, 0xc2, 0x20, 
	0x48, 0x8d, 0x3c, 0x32, 
	0x48, 0x83, 0xc7, 0xe0, 
	0x48, 0x83, 0xc6, 0xe0, 
	0x48, 0x83, 0xff, 0x1f, 
	0x0f, 0x87, 0xca, 0xff, 0xff, 0xff, 
	0x4d, 0x89, 0xfa, 
	0x49, 0x29, 0xf2, 
	0x48, 0x01, 0xd6, 
	0x48, 0x85, 0xf6, 
	0x0f, 0x84, 0x3f, 0x00, 0x00, 0x00, 
	
	0x4d, 0x8d, 0x04, 0x32, 
	0x31, 0xff, 
	0x90, 0x90, 
	
	0x41, 0x0f, 0xbe, 0x1c, 0x3a, 
	0x83, 0xfb, 0x20, 
	0x0f, 0x87, 0x07, 0x11, 0x00, 0x00, 
	0x48, 0xb8, 0x00, 0x26, 0x00, 0x00, 0x01, 0x00, 0x00, 0x00, 
	0x48, 0x0f, 0xa3, 0xd8, 
	0x0f, 0x83, 0xf3, 0x10, 0x00, 0x00, 
	0x48, 0x83, 0xc7, 0x01, 
	0x48, 0x39, 0xfe, 
	0x0f, 0x85, 0xd1, 0xff, 0xff, 0xff, 
	0x4d, 0x89, 0xc2, 
	0x4c, 0x8b, 0x44, 0x24, 0x08, 
	
	0x4d, 0x29, 0xfa, 
	0x49, 0x39, 0xd2, 
	0x0f, 0x82, 0x1f, 0x00, 0x00, 0x00, 
	0xe9, 0x00, 0x1a, 0x00, 0x00, 
	0x90, 0x90, 0x90, 0x90, 0x90, 0x90, 0x90, 0x90, 
	
	0xf7, 0xd7, 
	0x44, 0x0f, 0xbc, 0xd7, 
	0x49, 0x29, 0xf2, 
	0x49, 0x39, 0xd2, 
	0x0f, 0x83, 0xe6, 0x19, 0x00, 0x00, 
	
	0x49, 0x8d, 0x52, 0x01, 
	0x49, 0x89, 0x10, 
	0x43, 0x0f, 0xbe, 0x3c, 0x17, 
	0x49, 0xc7, 0xc5, 0xff, 0xff, 0xff, 0xff, 
	0x85, 0xff, 
	0x0f, 0x84, 0xe8, 0x19, 0x00, 0x00, 
	0x49, 0x8b, 0x34, 0x24, 
	0x48, 0x8d, 0x56, 0xff, 
	0x41, 0x8b, 0x1c, 0xf4, 
	0x48, 0x83, 0xf9, 0xff, 
	0x4c, 0x0f, 0x45, 0xd1, 
	0x83, 0xc3, 0xff, 
	0x83, 0xfb, 0x05, 
	0x0f, 0x87, 0x20, 0x00, 0x00, 0x00, 
	0x49, 0x63, 0x0c, 0x9e, 
	0x4c, 0x01, 0xf1, 
	0xff, 0xe1, 
	
	0x83, 0xff, 0x2c, 
	0x0f, 0x84, 0x04, 0x06, 0x00, 0x00, 
	0x83, 0xff, 0x5d, 
	0x0f, 0x84, 0xe6, 0x05, 0x00, 0x00, 
	0xe9, 0xa1, 0x19, 0x00, 0x00, 
	
	0x49, 0x89, 0x14, 0x24, 
	0x83, 0xff, 0x7b, 
	0x0f, 0x86, 0xc3, 0x01, 0x00, 0x00, 
	0xe9, 0x8f, 0x19, 0x00, 0x00, 
	
	0x83, 0xff, 0x2c, 
	0x0f, 0x85, 0xbd, 0x05, 0x00, 0x00, 
	0x48, 0x81, 0xfe, 0xff, 0x0f, 0x00, 0x00, 
	0x0f, 0x8f, 0x95, 0x19, 0x00, 0x00, 
	0x48, 0x8d, 0x4e, 0x01, 
	0x49, 0x89, 0x0c, 0x24, 
	0x49, 0xc7, 0x44, 0xf4, 0x08, 0x03, 0x00, 0x00, 0x00, 
	0xe9, 0x95, 0xfd, 0xff, 0xff, 
	
	0x40, 0x80, 0xff, 0x22, 
	0x0f, 0x85, 0x59, 0x19, 0x00, 0x00, 
	0x49, 0xc7, 0x04, 0xf4, 0x04, 0x00, 0x00, 0x00, 
	0x4d, 0x8b, 0x08, 
	0x48, 0x8b, 0x44, 0x24, 0x28, 
	0x4c, 0x8b, 0x18, 
	0x4c, 0x89, 0xd9, 
	0x4c, 0x29, 0xc9, 
	0x0f, 0x84, 0x09, 0x22, 0x00, 0x00, 
	0x48, 0x83, 0xf9, 0x40, 
	0x0f, 0x82, 0xd1, 0x11, 0x00, 0x00, 
	0x4c, 0x89, 0xcf, 
	0x48, 0xf7, 0xd7, 
	0x49, 0xc7, 0xc0, 0xff, 0xff, 0xff, 0xff, 
	0x4d, 0x89, 0xcd, 
	0x45, 0x31, 0xf6, 
	0x90, 0x90, 0x90, 0x90, 0x90, 0x90, 0x90, 0x90, 0x90, 0x90, 0x90, 0x90, 0x90, 0x90, 0x90, 
	
	0xc4, 0x81, 0x7e, 0x6f, 0x04, 0x2f, 
	0xc4, 0x81, 0x7e, 0x6f, 0x4c, 0x2f, 0x20, 
	0xc5, 0xfd, 0x74, 0xd6, 
	0xc5, 0xfd, 0xd7, 0xd2, 
	0xc5, 0xf5, 0x74, 0xd6, 
	0xc5, 0xfd, 0xd7, 0xda, 
	0xc5, 0xfd, 0x74, 0xc7, 
	0xc5, 0xfd, 0xd7, 0xf0, 
	0xc5, 0xf5, 0x74, 0xc7, 
	0xc5, 0xfd, 0xd7, 0xc0, 
	0x48, 0xc1, 0xe3, 0x20, 
	0x48, 0x09, 0xda, 
	0x48, 0xc1, 0xe0, 0x20, 
	0x48, 0x09, 0xc6, 
	0x0f, 0x85, 0x30, 0x00, 0x00, 0x00, 
	0x4d, 0x85, 0xf6, 
	0x0f, 0x85, 0x38, 0x00, 0x00, 0x00, 
	0x45, 0x31, 0xf6, 
	0x48, 0x85, 0xd2, 
	0x0f, 0x85, 0x83, 0x00, 0x00, 0x00, 
	
	0x48, 0x83, 0xc1, 0xc0, 
	0x48, 0x83, 0xc7, 0xc0, 
	0x49, 0x83, 0xc5, 0x40, 
	0x48, 0x83, 0xf9, 0x3f, 
	0x0f, 0x87, 0x94, 0xff, 0xff, 0xff, 
	0xe9, 0xd7, 0x0d, 0x00, 0x00, 
	
	0x49, 0x83, 0xf8, 0xff, 
	0x0f, 0x85, 0x07, 0x00, 0x00, 0x00, 
	0x4c, 0x0f, 0xbc, 0xc6, 
	0x4d, 0x01, 0xe8, 
	
	0x4c, 0x89, 0xf0, 
	0x48, 0xf7, 0xd0, 
	0x48, 0x21, 0xf0, 
	0x4c, 0x8d, 0x24, 0x00, 
	0x4d, 0x09, 0xf4, 
	0x4c, 0x89, 0xe3, 
	0x48, 0xf7, 0xd3, 
	0x48, 0x21, 0xf3, 
	0x48, 0xbe, 0xaa, 0xaa, 0xaa, 0xaa, 0xaa, 0xaa, 0xaa, 0xaa, 
	0x48, 0x21, 0xf3, 
	0x45, 0x31, 0xf6, 
	0x48, 0x01, 0xc3, 
	0x41, 0x0f, 0x92, 0xc6, 
	0x48, 0x01, 0xdb, 
	0x48, 0xb8, 0x55, 0x55, 0x55, 0x55, 0x55, 0x55, 0x55, 0x55, 
	0x48, 0x31, 0xc3, 
	0x4c, 0x21, 0xe3, 
	0x48, 0xf7, 0xd3, 
	0x48, 0x21, 0xda, 
	0x4c, 0x8b, 0x64, 0x24, 0x10, 
	0x48, 0x85, 0xd2, 
	0x0f, 0x84, 0x7d, 0xff, 0xff, 0xff, 
	
	0x4c, 0x0f, 0xbc, 0xea, 
	0x49, 0x29, 0xfd, 
	0x4c, 0x8d, 0x35, 0xc5, 0x25, 0x00, 0x00, 
	0x4d, 0x85, 0xed, 
	0x0f, 0x88, 0x46, 0x18, 0x00, 0x00, 
	
	0x4c, 0x8b, 0x44, 0x24, 0x08, 
	0x4d, 0x89, 0x28, 
	0x4d, 0x85, 0xc9, 
	0x4c, 0x8b, 0x5c, 0x24, 0x20, 
	0x0f, 0x8f, 0x3a, 0xfc, 0xff, 0xff, 
	0xe9, 0x4c, 0x18, 0x00, 0x00, 
	
	0x40, 0x80, 0xff, 0x3a, 
	0x0f, 0x85, 0xf9, 0x17, 0x00, 0x00, 
	0x49, 0xc7, 0x04, 0xf4, 0x00, 0x00, 0x00, 0x00, 
	0xe9, 0x1e, 0xfc, 0xff, 0xff, 
	
	0x40, 0x80, 0xff, 0x5d, 
	0x0f, 0x84, 0x22, 0x04, 0x00, 0x00, 
	0x49, 0xc7, 0x04, 0xf4, 0x01, 0x00, 0x00, 0x00, 
	0x83, 0xff, 0x7b, 
	0x0f, 0x87, 0xd1, 0x17, 0x00, 0x00, 
	
	0x89, 0xf8, 
	0x48, 0x8d, 0x0d, 0x7e, 0x25, 0x00, 0x00, 
	0x48, 0x63, 0x04, 0x81, 
	0x48, 0x01, 0xc8, 
	0xff, 0xe0, 
	
	0x4c, 0x89, 0xc0, 
	0x48, 0x8b, 0x4c, 0x24, 0x28, 
	0x4c, 0x8b, 0x01, 
	0x4c, 0x8b, 0x08, 
	0x4d, 0x8d, 0x69, 0xff, 
	0x4d, 0x29, 0xe8, 
	0x0f, 0x84, 0x02, 0x18, 0x00, 0x00, 
	0x4b, 0x8d, 0x04, 0x0f, 
	0x48, 0x83, 0xc0, 0xff, 
	0x48, 0x89, 0x44, 0x24, 0x38, 
	0x80, 0x38, 0x30, 
	0x0f, 0x85, 0x3a, 0x00, 0x00, 0x00, 
	0x41, 0xbb, 0x01, 0x00, 0x00, 0x00, 
	0x49, 0x83, 0xf8, 0x01, 
	0x0f, 0x84, 0xc5, 0xfb, 0xff, 0xff, 
	0x43, 0x8a, 0x0c, 0x0f, 
	0x80, 0xc1, 0xd2, 
	0x80, 0xf9, 0x37, 
	0x0f, 0x87, 0xb5, 0xfb, 0xff, 0xff, 
	0x0f, 0xb6, 0xc1, 
	0x48, 0xb9, 0x01, 0x00, 0x80, 0x00, 0x00, 0x00, 0x80, 0x00, 
	0x48, 0x0f, 0xa3, 0xc1, 
	0x4c, 0x89, 0xe9, 
	0x0f, 0x83, 0x6a, 0xfb, 0xff, 0xff, 
	
	0x49, 0x83, 0xf8, 0x20, 
	0x4c, 0x89, 0x4c, 0x24, 0x18, 
	0x49, 0xc7, 0xc4, 0xff, 0xff, 0xff, 0xff, 
	0x0f, 0x82, 0xfc, 0x0f, 0x00, 0x00, 
	0x45, 0x31, 0xdb, 
	0x48, 0xc7, 0xc0, 0xff, 0xff, 0xff, 0xff, 
	0x48, 0xc7, 0x44, 0x24, 0x30, 0xff, 0xff, 0xff, 0xff, 
	0x90, 0x90, 0x90, 0x90, 0x90, 0x90, 0x90, 0x90, 0x90, 0x90, 0x90, 0x90, 0x90, 
	
	0x48, 0x8b, 0x4c, 0x24, 0x38, 
	0xc4, 0xa1, 0x7e, 0x6f, 0x04, 0x19, 
	0xc4, 0xc1, 0x7d, 0x64, 0xc8, 
	0xc5, 0xb5, 0x64, 0xd0, 
	0xc5, 0xed, 0xdb, 0xc9, 
	0xc5, 0xad, 0x74, 0xd0, 
	0xc5, 0xa5, 0x74, 0xd8, 
	0xc5, 0xe5, 0xeb, 0xd2, 
	0xc5, 0x9d, 0xdb, 0xd8, 
	0xc5, 0x95, 0x74, 0xc0, 
	0xc5, 0xfd, 0xd7, 0xf0, 
	0xc5, 0x8d, 0x74, 0xdb, 
	0xc5, 0xfd, 0xd7, 0xdb, 
	0xc5, 0xfd, 0xd7, 0xfa, 
	0xc5, 0xf5, 0xeb, 0xc0, 
	0xc5, 0xe5, 0xeb, 0xca, 
	0xc5, 0xfd, 0xeb, 0xc1, 
	0xc5, 0xfd, 0xd7, 0xc8, 
	0x48, 0xf7, 0xd1, 
	0x48, 0x0f, 0xbc, 0xc9, 
	0x83, 0xf9, 0x20, 
	0x0f, 0x84, 0x11, 0x00, 0x00, 0x00, 
	0xba, 0xff, 0xff, 0xff, 0xff, 
	0xd3, 0xe2, 
	0xf7, 0xd2, 
	0x21, 0xd6, 
	0x21, 0xd3, 
	0x21, 0xfa, 
	0x89, 0xd7, 
	
	0x8d, 0x56, 0xff, 
	0x21, 0xf2, 
	0x0f, 0x85, 0x43, 0x0c, 0x00, 0x00, 
	0x8d, 0x53, 0xff, 
	0x21, 0xda, 
	0x0f, 0x85, 0x38, 0x0c, 0x00, 0x00, 
	0x8d, 0x57, 0xff, 
	0x21, 0xfa, 
	0x0f, 0x85, 0x2d, 0x0c, 0x00, 0x00, 
	0x85, 0xf6, 
	0x0f, 0x84, 0x17, 0x00, 0x00, 0x00, 
	0x0f, 0xbc, 0xf6, 
	0x48, 0x83, 0x7c, 0x24, 0x30, 0xff, 
	0x0f, 0x85, 0x49, 0x0d, 0x00, 0x00, 
	0x4c, 0x01, 0xde, 
	0x48, 0x89, 0x74, 0x24, 0x30, 
	
	0x85, 0xdb, 
	0x0f, 0x84, 0x13, 0x00, 0x00, 0x00, 
	0x0f, 0xbc, 0xf3, 
	0x48, 0x83, 0xf8, 0xff, 
	0x0f, 0x85, 0x2c, 0x0d, 0x00, 0x00, 
	0x4c, 0x01, 0xde, 
	0x48, 0x89, 0xf0, 
	
	0x85, 0xff, 
	0x0f, 0x84, 0x13, 0x00, 0x00, 0x00, 
	0x0f, 0xbc, 0xf7, 
	0x49, 0x83, 0xfc, 0xff, 
	0x0f, 0x85, 0x11, 0x0d, 0x00, 0x00, 
	0x4c, 0x01, 0xde, 
	0x49, 0x89, 0xf4, 
	
	0x83, 0xf9, 0x20, 
	0x0f, 0x85, 0x21, 0x04, 0x00, 0x00, 
	0x49, 0x83, 0xc0, 0xe0, 
	0x49, 0x83, 0xc3, 0x20, 
	0x49, 0x83, 0xf8, 0x1f, 
	0x0f, 0x87, 0x02, 0xff, 0xff, 0xff, 
	0xc5, 0xf8, 0x77, 
	0xc5, 0x7a, 0x6f, 0x3d, 0xa7, 0xcb, 0xff, 0xff, 
	0xc5, 0x7e, 0x6f, 0x35, 0x3f, 0xcb, 0xff, 0xff, 
	0xc5, 0x7e, 0x6f, 0x2d, 0x17, 0xcb, 0xff, 0xff, 
	0xc5, 0x7e, 0x6f, 0x25, 0xaf, 0xc9, 0xff, 0xff, 
	0xc5, 0x7e, 0x6f, 0x1d, 0xe7, 0xca, 0xff, 0xff, 
	0xc5, 0x7e, 0x6f, 0x15, 0xbf, 0xca, 0xff, 0xff, 
	0xc5, 0x7e, 0x6f, 0x0d, 0x97, 0xca, 0xff, 0xff, 
	0xc5, 0x7e, 0x6f, 0x05, 0x6f, 0xca, 0xff, 0xff, 
	0xc5, 0xfe, 0x6f, 0x3d, 0xe7, 0xc9, 0xff, 0xff, 
	0xc5, 0xfe, 0x6f, 0x35, 0xbf, 0xc9, 0xff, 0xff, 
	0xc5, 0xfe, 0x6f, 0x2d, 0x37, 0xc9, 0xff, 0xff, 
	0x4c, 0x03, 0x5c, 0x24, 0x38, 
	0x49, 0x83, 0xf8, 0x10, 
	0x0f, 0x82, 0x37, 0x01, 0x00, 0x00, 
	
	0x4d, 0x89, 0xde, 
	0x4d, 0x29, 0xce, 
	0x4d, 0x29, 0xfe, 
	0x49, 0x83, 0xc6, 0x01, 
	0x45, 0x31, 0xc9, 
	0x90, 0x90, 0x90, 0x90, 0x90, 0x90, 0x90, 0x90, 
	
	0xc4, 0x81, 0x7a, 0x6f, 0x04, 0x0b, 
	0xc4, 0xc1, 0x79, 0x64, 0xcf, 
	0xc5, 0xfa, 0x6f, 0x15, 0x2d, 0xcb, 0xff, 0xff, 
	0xc5, 0xe9, 0x64, 0xd0, 
	0xc5, 0xf1, 0xdb, 0xca, 
	0xc5, 0xf9, 0x74, 0x15, 0x2d, 0xcb, 0xff, 0xff, 
	0xc5, 0xf9, 0x74, 0x1d, 0x35, 0xcb, 0xff, 0xff, 
	0xc5, 0xe1, 0xeb, 0xd2, 
	0xc5, 0xf9, 0xdb, 0x1d, 0xc9, 0xca, 0xff, 0xff, 
	0xc5, 0xf9, 0x74, 0x05, 0x31, 0xcb, 0xff, 0xff, 
	0xc5, 0xe1, 0x74, 0x1d, 0x39, 0xcb, 0xff, 0xff, 
	0xc5, 0xe1, 0xeb, 0xe0, 
	0xc5, 0xe9, 0xeb, 0xc9, 
	0xc5, 0xd9, 0xeb, 0xc9, 
	0xc5, 0xf9, 0xd7, 0xf0, 
	0xc5, 0xf9, 0xd7, 0xdb, 
	0xc5, 0xf9, 0xd7, 0xfa, 
	0xc5, 0xf9, 0xd7, 0xc9, 
	0xf7, 0xd1, 
	0x0f, 0xbc, 0xc9, 
	0x83, 0xf9, 0x10, 
	0x0f, 0x84, 0x11, 0x00, 0x00, 0x00, 
	0xba, 0xff, 0xff, 0xff, 0xff, 
	0xd3, 0xe2, 
	0xf7, 0xd2, 
	0x21, 0xd6, 
	0x21, 0xd3, 
	0x21, 0xfa, 
	0x89, 0xd7, 
	
	0x8d, 0x56, 0xff, 
	0x21, 0xf2, 
	0x0f, 0x85, 0x7d, 0x0c, 0x00, 0x00, 
	0x8d, 0x53, 0xff, 
	0x21, 0xda, 
	0x0f, 0x85, 0x72, 0x0c, 0x00, 0x00, 
	0x8d, 0x57, 0xff, 
	0x21, 0xfa, 
	0x0f, 0x85, 0x67, 0x0c, 0x00, 0x00, 
	0x85, 0xf6, 
	0x0f, 0x84, 0x1a, 0x00, 0x00, 0x00, 
	0x0f, 0xbc, 0xf6, 
	0x48, 0x83, 0x7c, 0x24, 0x30, 0xff, 
	0x0f, 0x85, 0x82, 0x0c, 0x00, 0x00, 
	0x4c, 0x01, 0xf6, 
	0x4c, 0x01, 0xce, 
	0x48, 0x89, 0x74, 0x24, 0x30, 
	
	0x85, 0xdb, 
	0x0f, 0x84, 0x16, 0x00, 0x00, 0x00, 
	0x0f, 0xbc, 0xf3, 
	0x48, 0x83, 0xf8, 0xff, 
	0x0f, 0x85, 0x62, 0x0c, 0x00, 0x00, 
	0x4c, 0x01, 0xf6, 
	0x4c, 0x01, 0xce, 
	0x48, 0x89, 0xf0, 
	
	0x85, 0xff, 
	0x0f, 0x84, 0x16, 0x00, 0x00, 0x00, 
	0x0f, 0xbc, 0xf7, 
	0x49, 0x83, 0xfc, 0xff, 
	0x0f, 0x85, 0x44, 0x0c, 0x00, 0x00, 
	0x4c, 0x01, 0xf6, 
	0x4c, 0x01, 0xce, 
	0x49, 0x89, 0xf4, 
	
	0x83, 0xf9, 0x10, 
	0x0f, 0x85, 0x9e, 0x02, 0x00, 0x00, 
	0x49, 0x83, 0xc0, 0xf0, 
	0x49, 0x83, 0xc1, 0x10, 
	0x49, 0x83, 0xf8, 0x0f, 
	0x0f, 0x87, 0xe4, 0xfe, 0xff, 0xff, 
	0x4d, 0x01, 0xcb, 
	
	0x4d, 0x85, 0xc0, 
	0x48, 0x8d, 0x1d, 0x87, 0x24, 0x00, 0x00, 
	0x4c, 0x8d, 0x35, 0x0c, 0x22, 0x00, 0x00, 
	0x0f, 0x84, 0x89, 0x02, 0x00, 0x00, 
	0x4f, 0x8d, 0x0c, 0x03, 
	0x4c, 0x89, 0xdf, 
	0x48, 0x2b, 0x7c, 0x24, 0x18, 
	0x4c, 0x29, 0xff, 
	0x48, 0x83, 0xc7, 0x01, 
	0x31, 0xc9, 
	0xe9, 0x0d, 0x00, 0x00, 0x00, 
	
	
	0x48, 0x83, 0xc1, 0x01, 
	0x49, 0x39, 0xc8, 
	0x0f, 0x84, 0x73, 0x09, 0x00, 0x00, 
	
	0x41, 0x0f, 0xbe, 0x34, 0x0b, 
	0x8d, 0x56, 0xd0, 
	0x83, 0xfa, 0x0a, 
	0x0f, 0x82, 0xe2, 0xff, 0xff, 0xff, 
	0x8d, 0x56, 0xd5, 
	0x83, 0xfa, 0x1a, 
	0x0f, 0x87, 0x1c, 0x00, 0x00, 0x00, 
	0x48, 0x63, 0x14, 0x93, 
	0x48, 0x01, 0xda, 
	0xff, 0xe2, 
	
	0x49, 0x83, 0xfc, 0xff, 
	0x0f, 0x85, 0x85, 0x0b, 0x00, 0x00, 
	0x4c, 0x8d, 0x24, 0x0f, 
	0xe9, 0xba, 0xff, 0xff, 0xff, 
	
	0x83, 0xfe, 0x65, 
	0x0f, 0x85, 0x1d, 0x02, 0x00, 0x00, 
	
	0x48, 0x83, 0xf8, 0xff, 
	0x0f, 0x85, 0x69, 0x0b, 0x00, 0x00, 
	0x48, 0x8d, 0x04, 0x0f, 
	0xe9, 0x9e, 0xff, 0xff, 0xff, 
	
	0x48, 0x83, 0x7c, 0x24, 0x30, 0xff, 
	0x0f, 0x85, 0x54, 0x0b, 0x00, 0x00, 
	0x48, 0x8d, 0x14, 0x0f, 
	0x48, 0x89, 0x54, 0x24, 0x30, 
	0xe9, 0x84, 0xff, 0xff, 0xff, 
	
	0x83, 0xff, 0x22, 
	0x0f, 0x84, 0x41, 0x00, 0x00, 0x00, 
	
	0x83, 0xff, 0x7d, 
	0x0f, 0x85, 0xc0, 0x13, 0x00, 0x00, 
	
	0x49, 0x89, 0x14, 0x24, 
	0x4d, 0x89, 0xd5, 
	0x48, 0x85, 0xd2, 
	0x0f, 0x85, 0x02, 0xf8, 0xff, 0xff, 
	0xe9, 0xb2, 0x13, 0x00, 0x00, 
	
	0x48, 0x81, 0xfe, 0xff, 0x0f, 0x00, 0x00, 
	0x0f, 0x8f, 0xba, 0x13, 0x00, 0x00, 
	0x48, 0x8d, 0x4e, 0x01, 
	0x49, 0x89, 0x0c, 0x24, 
	0x49, 0xc7, 0x44, 0xf4, 0x08, 0x00, 0x00, 0x00, 0x00, 
	0xe9, 0xba, 0xf7, 0xff, 0xff, 
	
	0x49, 0xc7, 0x04, 0xf4, 0x02, 0x00, 0x00, 0x00, 
	0x4d, 0x8b, 0x08, 
	0x48, 0x8b, 0x44, 0x24, 0x28, 
	0x4c, 0x8b, 0x18, 
	0x4c, 0x89, 0xd9, 
	0x4c, 0x29, 0xc9, 
	0x0f, 0x84, 0x38, 0x1c, 0x00, 0x00, 
	0x48, 0x83, 0xf9, 0x40, 
	0x0f, 0x82, 0xf6, 0x0c, 0x00, 0x00, 
	0x4c, 0x89, 0xcf, 
	0x48, 0xf7, 0xd7, 
	0x49, 0xc7, 0xc0, 0xff, 0xff, 0xff, 0xff, 
	0x4d, 0x89, 0xcd, 
	0x45, 0x31, 0xf6, 
	0x90, 0x90, 0x90, 0x90, 0x90, 0x90, 0x90, 0x90, 0x90, 0x90, 0x90, 0x90, 0x90, 0x90, 
	
	0xc4, 0x81, 0x7e, 0x6f, 0x04, 0x2f, 
	0xc4, 0x81, 0x7e, 0x6f, 0x4c, 0x2f, 0x20, 
	0xc5, 0xfd, 0x74, 0xd6, 
	0xc5, 0xfd, 0xd7, 0xd2, 
	0xc5, 0xf5, 0x74, 0xd6, 
	0xc5, 0xfd, 0xd7, 0xc2, 
	0xc5, 0xfd, 0x74, 0xc7, 
	0xc5, 0xfd, 0xd7, 0xf0, 
	0xc5, 0xf5, 0x74, 0xc7, 
	0xc5, 0xfd, 0xd7, 0xd8, 
	0x48, 0xc1, 0xe0, 0x20, 
	0x48, 0x09, 0xc2, 
	0x48, 0xc1, 0xe3, 0x20, 
	0x48, 0x09, 0xde, 
	0x0f, 0x85, 0x30, 0x00, 0x00, 0x00, 
	0x4d, 0x85, 0xf6, 
	0x0f, 0x85, 0x38, 0x00, 0x00, 0x00, 
	0x45, 0x31, 0xf6, 
	0x48, 0x85, 0xd2, 
	0x0f, 0x85, 0x83, 0x00, 0x00, 0x00, 
	
	0x48, 0x83, 0xc1, 0xc0, 
	0x48, 0x83, 0xc7, 0xc0, 
	0x49, 0x83, 0xc5, 0x40, 
	0x48, 0x83, 0xf9, 0x3f, 
	0x0f, 0x87, 0x94, 0xff, 0xff, 0xff, 
	0xe9, 0xbd, 0x09, 0x00, 0x00, 
	
	0x49, 0x83, 0xf8, 0xff, 
	0x0f, 0x85, 0x07, 0x00, 0x00, 0x00, 
	0x4c, 0x0f, 0xbc, 0xc6, 
	0x4d, 0x01, 0xe8, 
	
	0x4c, 0x89, 0xf0, 
	0x48, 0xf7, 0xd0, 
	0x48, 0x21, 0xf0, 
	0x4c, 0x8d, 0x24, 0x00, 
	0x4d, 0x09, 0xf4, 
	0x4c, 0x89, 0xe3, 
	0x48, 0xf7, 0xd3, 
	0x48, 0x21, 0xf3, 
	0x48, 0xbe, 0xaa, 0xaa, 0xaa, 0xaa, 0xaa, 0xaa, 0xaa, 0xaa, 
	0x48, 0x21, 0xf3, 
	0x45, 0x31, 0xf6, 
	0x48, 0x01, 0xc3, 
	0x41, 0x0f, 0x92, 0xc6, 
	0x48, 0x01, 0xdb, 
	0x48, 0xb8, 0x55, 0x55, 0x55, 0x55, 0x55, 0x55, 0x55, 0x55, 
	0x48, 0x31, 0xc3, 
	0x4c, 0x21, 0xe3, 
	0x48, 0xf7, 0xd3, 
	0x48, 0x21, 0xda, 
	0x4c, 0x8b, 0x64, 0x24, 0x10, 
	0x48, 0x85, 0xd2, 
	0x0f, 0x84, 0x7d, 0xff, 0xff, 0xff, 
	
	0x4c, 0x0f, 0xbc, 0xea, 
	0x49, 0x29, 0xfd, 
	0x4c, 0x8d, 0x35, 0xf5, 0x1f, 0x00, 0x00, 
	0x4d, 0x85, 0xed, 
	0x0f, 0x88, 0x76, 0x12, 0x00, 0x00, 
	
	0x4c, 0x8b, 0x44, 0x24, 0x08, 
	0x4d, 0x89, 0x28, 
	0x4d, 0x85, 0xc9, 
	0x0f, 0x8e, 0x86, 0x12, 0x00, 0x00, 
	0x49, 0x8b, 0x0c, 0x24, 
	0x48, 0x81, 0xf9, 0xff, 0x0f, 0x00, 0x00, 
	0x0f, 0x8f, 0x48, 0x12, 0x00, 0x00, 
	0x48, 0x8d, 0x41, 0x01, 
	0x49, 0x89, 0x04, 0x24, 
	0x49, 0xc7, 0x44, 0xcc, 0x08, 0x04, 0x00, 0x00, 0x00, 
	0x4c, 0x8b, 0x5c, 0x24, 0x20, 
	0xe9, 0x43, 0xf6, 0xff, 0xff, 
	
	0x4c, 0x01, 0xd9, 
	0x48, 0x03, 0x4c, 0x24, 0x38, 
	0xc5, 0xf8, 0x77, 
	0xc5, 0x7a, 0x6f, 0x3d, 0x90, 0xc7, 0xff, 0xff, 
	0x49, 0x89, 0xcb, 
	0xe9, 0x17, 0x00, 0x00, 0x00, 
	
	0x89, 0xc9, 
	0x49, 0x01, 0xcb, 
	0x4d, 0x01, 0xcb, 
	0x4c, 0x8d, 0x35, 0x85, 0x1f, 0x00, 0x00, 
	0xe9, 0x03, 0x00, 0x00, 0x00, 
	
	0x49, 0x01, 0xcb, 
	
	0x48, 0xc7, 0xc1, 0xff, 0xff, 0xff, 0xff, 
	0x48, 0x8b, 0x7c, 0x24, 0x30, 
	0x48, 0x85, 0xff, 
	0x48, 0x8b, 0x74, 0x24, 0x08, 
	0x0f, 0x84, 0x37, 0x12, 0x00, 0x00, 
	0x4d, 0x85, 0xe4, 
	0x0f, 0x84, 0x2e, 0x12, 0x00, 0x00, 
	0x48, 0x85, 0xc0, 
	0x0f, 0x84, 0x25, 0x12, 0x00, 0x00, 
	0x4c, 0x2b, 0x5c, 0x24, 0x38, 
	0x49, 0x8d, 0x4b, 0xff, 
	0x48, 0x39, 0xcf, 
	0x0f, 0x84, 0x4a, 0xf5, 0xff, 0xff, 
	0x49, 0x39, 0xcc, 
	0x0f, 0x84, 0x41, 0xf5, 0xff, 0xff, 
	0x48, 0x39, 0xc8, 
	0x0f, 0x84, 0x38, 0xf5, 0xff, 0xff, 
	0x4d, 0x85, 0xe4, 
	0xc5, 0xfe, 0x6f, 0x2d, 0xf6, 0xc4, 0xff, 0xff, 
	0xc5, 0xfe, 0x6f, 0x35, 0x6e, 0xc5, 0xff, 0xff, 
	0xc5, 0xfe, 0x6f, 0x3d, 0x86, 0xc5, 0xff, 0xff, 
	0xc5, 0x7e, 0x6f, 0x05, 0xfe, 0xc5, 0xff, 0xff, 
	0xc5, 0x7e, 0x6f, 0x0d, 0x16, 0xc6, 0xff, 0xff, 
	0xc5, 0x7e, 0x6f, 0x15, 0x2e, 0xc6, 0xff, 0xff, 
	0xc5, 0x7e, 0x6f, 0x1d, 0x46, 0xc6, 0xff, 0xff, 
	0xc5, 0x7e, 0x6f, 0x25, 0xfe, 0xc4, 0xff, 0xff, 
	0xc5, 0x7e, 0x6f, 0x2d, 0x56, 0xc6, 0xff, 0xff, 
	0xc5, 0x7e, 0x6f, 0x35, 0x6e, 0xc6, 0xff, 0xff, 
	0x0f, 0x8e, 0x27, 0x00, 0x00, 0x00, 
	0x49, 0x8d, 0x4c, 0x24, 0xff, 
	0x48, 0x39, 0xc8, 
	0x0f, 0x84, 0x19, 0x00, 0x00, 0x00, 
	0x49, 0xf7, 0xd4, 
	0x4d, 0x89, 0xe3, 
	0x4c, 0x8b, 0x64, 0x24, 0x10, 
	0x4d, 0x85, 0xdb, 
	0x0f, 0x89, 0x1e, 0xf5, 0xff, 0xff, 
	0xe9, 0x7e, 0x11, 0x00, 0x00, 
	
	0x48, 0x89, 0xf9, 
	0x48, 0x09, 0xc1, 
	0x0f, 0x99, 0xc1, 
	0x0f, 0x88, 0x90, 0x02, 0x00, 0x00, 
	0x48, 0x39, 0xc7, 
	0x0f, 0x8c, 0x87, 0x02, 0x00, 0x00, 
	0x48, 0xf7, 0xd7, 
	0x49, 0x89, 0xfb, 
	0x4c, 0x8b, 0x64, 0x24, 0x10, 
	0x4d, 0x85, 0xdb, 
	0x0f, 0x89, 0xed, 0xf4, 0xff, 0xff, 
	0xe9, 0x4d, 0x11, 0x00, 0x00, 
	
	0x4d, 0x8b, 0x08, 
	0x48, 0x8b, 0x44, 0x24, 0x28, 
	0x4c, 0x8b, 0x18, 
	0x4c, 0x89, 0xd9, 
	0x4c, 0x29, 0xc9, 
	0x0f, 0x84, 0x96, 0x19, 0x00, 0x00, 
	0x48, 0x83, 0xf9, 0x40, 
	0x0f, 0x82, 0x78, 0x0a, 0x00, 0x00, 
	0x4c, 0x89, 0xcf, 
	0x48, 0xf7, 0xd7, 
	0x49, 0xc7, 0xc0, 0xff, 0xff, 0xff, 0xff, 
	0x4d, 0x89, 0xcd, 
	0x45, 0x31, 0xf6, 
	0x90, 0x90, 0x90, 0x90, 0x90, 0x90, 0x90, 0x90, 0x90, 0x90, 0x90, 0x90, 
	
	0xc4, 0x81, 0x7e, 0x6f, 0x04, 0x2f, 
	0xc4, 0x81, 0x7e, 0x6f, 0x4c, 0x2f, 0x20, 
	0xc5, 0xfd, 0x74, 0xd6, 
	0xc5, 0xfd, 0xd7, 0xd2, 
	0xc5, 0xf5, 0x74, 0xd6, 
	0xc5, 0xfd, 0xd7, 0xc2, 
	0xc5, 0xfd, 0x74, 0xc7, 
	0xc5, 0xfd, 0xd7, 0xf0, 
	0xc5, 0xf5, 0x74, 0xc7, 
	0xc5, 0xfd, 0xd7, 0xd8, 
	0x48, 0xc1, 0xe0, 0x20, 
	0x48, 0x09, 0xc2, 
	0x48, 0xc1, 0xe3, 0x20, 
	0x48, 0x09, 0xde, 
	0x0f, 0x85, 0x30, 0x00, 0x00, 0x00, 
	0x4d, 0x85, 0xf6, 
	0x0f, 0x85, 0x38, 0x00, 0x00, 0x00, 
	0x45, 0x31, 0xf6, 
	0x48, 0x85, 0xd2, 
	0x0f, 0x85, 0x83, 0x00, 0x00, 0x00, 
	
	0x48, 0x83, 0xc1, 0xc0, 
	0x48, 0x83, 0xc7, 0xc0, 
	0x49, 0x83, 0xc5, 0x40, 
	0x48, 0x83, 0xf9, 0x3f, 
	0x0f, 0x87, 0x94, 0xff, 0xff, 0xff, 
	0xe9, 0x37, 0x08, 0x00, 0x00, 
	
	0x49, 0x83, 0xf8, 0xff, 
	0x0f, 0x85, 0x07, 0x00, 0x00, 0x00, 
	0x4c, 0x0f, 0xbc, 0xc6, 
	0x4d, 0x01, 0xe8, 
	
	0x4c, 0x89, 0xf0, 
	0x48, 0xf7, 0xd0, 
	0x48, 0x21, 0xf0, 
	0x4c, 0x8d, 0x24, 0x00, 
	0x4d, 0x09, 0xf4, 
	0x4c, 0x89, 0xe3, 
	0x48, 0xf7, 0xd3, 
	0x48, 0x21, 0xf3, 
	0x48, 0xbe, 0xaa, 0xaa, 0xaa, 0xaa, 0xaa, 0xaa, 0xaa, 0xaa, 
	0x48, 0x21, 0xf3, 
	0x45, 0x31, 0xf6, 
	0x48, 0x01, 0xc3, 
	0x41, 0x0f, 0x92, 0xc6, 
	0x48, 0x01, 0xdb, 
	0x48, 0xb8, 0x55, 0x55, 0x55, 0x55, 0x55, 0x55, 0x55, 0x55, 
	0x48, 0x31, 0xc3, 
	0x4c, 0x21, 0xe3, 
	0x48, 0xf7, 0xd3, 
	0x48, 0x21, 0xda, 
	0x4c, 0x8b, 0x64, 0x24, 0x10, 
	0x48, 0x85, 0xd2, 
	0x0f, 0x84, 0x7d, 0xff, 0xff, 0xff, 
	
	0x4c, 0x0f, 0xbc, 0xea, 
	0x49, 0x29, 0xfd, 
	
	0x4d, 0x85, 0xed, 
	0x4c, 0x8d, 0x35, 0x52, 0x1d, 0x00, 0x00, 
	0x0f, 0x89, 0x90, 0xf7, 0xff, 0xff, 
	0xe9, 0xd1, 0x0f, 0x00, 0x00, 
	
	0x48, 0x8b, 0x44, 0x24, 0x28, 
	0x4c, 0x8b, 0x30, 
	0x4d, 0x8b, 0x28, 
	0x4d, 0x29, 0xee, 
	0x0f, 0x84, 0x3c, 0x17, 0x00, 0x00, 
	0x4b, 0x8d, 0x04, 0x2f, 
	0x48, 0x89, 0x44, 0x24, 0x38, 
	0x80, 0x38, 0x30, 
	0x0f, 0x85, 0x68, 0x01, 0x00, 0x00, 
	0x41, 0xb9, 0x01, 0x00, 0x00, 0x00, 
	0x49, 0x83, 0xfe, 0x01, 
	0x0f, 0x85, 0x2a, 0x01, 0x00, 0x00, 
	
	0x4c, 0x89, 0xe9, 
	0xe9, 0x6b, 0x08, 0x00, 0x00, 
	
	0x49, 0x8b, 0x0c, 0x24, 
	0x48, 0x81, 0xf9, 0xff, 0x0f, 0x00, 0x00, 
	0x0f, 0x8f, 0x76, 0x0f, 0x00, 0x00, 
	0x48, 0x8d, 0x41, 0x01, 
	0x49, 0x89, 0x04, 0x24, 
	0x49, 0xc7, 0x44, 0xcc, 0x08, 0x05, 0x00, 0x00, 0x00, 
	0xe9, 0x76, 0xf3, 0xff, 0xff, 
	
	0x49, 0x8b, 0x08, 
	0x48, 0x8b, 0x44, 0x24, 0x28, 
	0x48, 0x8b, 0x10, 
	0x48, 0x8d, 0x42, 0xfc, 
	0x48, 0x39, 0xc1, 
	0x0f, 0x87, 0x53, 0x16, 0x00, 0x00, 
	0x41, 0x8b, 0x14, 0x0f, 
	0x81, 0xfa, 0x61, 0x6c, 0x73, 0x65, 
	0x0f, 0x85, 0xcf, 0x16, 0x00, 0x00, 
	0x48, 0x8d, 0x41, 0x04, 
	0x49, 0x89, 0x00, 
	0x48, 0x85, 0xc9, 
	0x0f, 0x8f, 0x3e, 0xf3, 0xff, 0xff, 
	0xe9, 0xae, 0x17, 0x00, 0x00, 
	
	0x49, 0x8b, 0x08, 
	0x48, 0x8b, 0x44, 0x24, 0x28, 
	0x48, 0x8b, 0x10, 
	0x48, 0x8d, 0x42, 0xfd, 
	0x48, 0x39, 0xc1, 
	0x0f, 0x87, 0x16, 0x16, 0x00, 0x00, 
	0x4c, 0x8d, 0x69, 0xff, 
	0x41, 0x81, 0x7c, 0x0f, 0xff, 0x6e, 0x75, 0x6c, 0x6c, 
	0x0f, 0x84, 0x30, 0x00, 0x00, 0x00, 
	0xe9, 0xe4, 0x16, 0x00, 0x00, 
	
	0x49, 0x8b, 0x08, 
	0x48, 0x8b, 0x44, 0x24, 0x28, 
	0x48, 0x8b, 0x10, 
	0x48, 0x8d, 0x42, 0xfd, 
	0x48, 0x39, 0xc1, 
	0x0f, 0x87, 0xe6, 0x15, 0x00, 0x00, 
	0x4c, 0x8d, 0x69, 0xff, 
	0x41, 0x81, 0x7c, 0x0f, 0xff, 0x74, 0x72, 0x75, 0x65, 
	0x0f, 0x85, 0x00, 0x17, 0x00, 0x00, 
	
	0x48, 0x8d, 0x41, 0x03, 
	0x49, 0x89, 0x00, 
	0x48, 0x85, 0xc9, 
	0x0f, 0x8f, 0xce, 0xf2, 0xff, 0xff, 
	0xe9, 0x9e, 0x0e, 0x00, 0x00, 
	
	0x49, 0x8b, 0x0c, 0x24, 
	0x48, 0x81, 0xf9, 0xff, 0x0f, 0x00, 0x00, 
	0x0f, 0x8f, 0xa2, 0x0e, 0x00, 0x00, 
	0x48, 0x8d, 0x41, 0x01, 
	0x49, 0x89, 0x04, 0x24, 
	0x49, 0xc7, 0x44, 0xcc, 0x08, 0x06, 0x00, 0x00, 0x00, 
	0xe9, 0xa2, 0xf2, 0xff, 0xff, 
	
	0x48, 0x8d, 0x50, 0xff, 
	0x48, 0x39, 0xd7, 
	0x48, 0xf7, 0xd0, 
	0x49, 0x0f, 0x45, 0xc3, 
	0x84, 0xc9, 
	0x4c, 0x0f, 0x45, 0xd8, 
	0x4c, 0x8b, 0x64, 0x24, 0x10, 
	0x4d, 0x85, 0xdb, 
	0x0f, 0x89, 0x58, 0xf2, 0xff, 0xff, 
	0xe9, 0xb8, 0x0e, 0x00, 0x00, 
	
	0x48, 0x8b, 0x44, 0x24, 0x38, 
	0x8a, 0x48, 0x01, 
	0x80, 0xc1, 0xd2, 
	0x80, 0xf9, 0x37, 
	0x0f, 0x87, 0xc2, 0xfe, 0xff, 0xff, 
	0x0f, 0xb6, 0xc1, 
	0x48, 0xb9, 0x01, 0x00, 0x80, 0x00, 0x00, 0x00, 0x80, 0x00, 
	0x48, 0x0f, 0xa3, 0xc1, 
	0x4c, 0x89, 0xe9, 
	0x0f, 0x83, 0x1b, 0x07, 0x00, 0x00, 
	
	0x49, 0xc7, 0xc4, 0xff, 0xff, 0xff, 0xff, 
	0x49, 0x83, 0xfe, 0x20, 
	0x0f, 0x82, 0xe2, 0x07, 0x00, 0x00, 
	0x45, 0x31, 0xc9, 
	0x49, 0xc7, 0xc0, 0xff, 0xff, 0xff, 0xff, 
	0x48, 0xc7, 0x44, 0x24, 0x30, 0xff, 0xff, 0xff, 0xff, 
	
	0x48, 0x8b, 0x44, 0x24, 0x38, 
	0xc4, 0xa1, 0x7e, 0x6f, 0x04, 0x08, 
	0xc4, 0xc1, 0x7d, 0x64, 0xc8, 
	0xc5, 0xb5, 0x64, 0xd0, 
	0xc5, 0xed, 0xdb, 0xc9, 
	0xc5, 0xad, 0x74, 0xd0, 
	0xc5, 0xa5, 0x74, 0xd8, 
	0xc5, 0xe5, 0xeb, 0xd2, 
	0xc5, 0x9d, 0xdb, 0xd8, 
	0xc5, 0x95, 0x74, 0xc0, 
	0xc5, 0xfd, 0xd7, 0xd8, 
	0xc5, 0x8d, 0x74, 0xdb, 
	0xc5, 0xfd, 0xd7, 0xf3, 
	0xc5, 0xfd, 0xd7, 0xfa, 
	0xc5, 0xf5, 0xeb, 0xc0, 
	0xc5, 0xe5, 0xeb, 0xca, 
	0xc5, 0xfd, 0xeb, 0xc1, 
	0xc5, 0xfd, 0xd7, 0xc0, 
	0x48, 0xf7, 0xd0, 
	0x48, 0x0f, 0xbc, 0xc8, 
	0x83, 0xf9, 0x20, 
	0x0f, 0x84, 0x11, 0x00, 0x00, 0x00, 
	0xb8, 0xff, 0xff, 0xff, 0xff, 
	0xd3, 0xe0, 
	0xf7, 0xd0, 
	0x21, 0xc3, 
	0x21, 0xc6, 
	0x21, 0xf8, 
	0x89, 0xc7, 
	
	0x8d, 0x53, 0xff, 
	0x21, 0xda, 
	0x0f, 0x85, 0x81, 0x05, 0x00, 0x00, 
	0x8d, 0x56, 0xff, 
	0x21, 0xf2, 
	0x0f, 0x85, 0x76, 0x05, 0x00, 0x00, 
	0x8d, 0x57, 0xff, 
	0x21, 0xfa, 
	0x0f, 0x85, 0x6b, 0x05, 0x00, 0x00, 
	0x85, 0xdb, 
	0x0f, 0x84, 0x17, 0x00, 0x00, 0x00, 
	0x0f, 0xbc, 0xdb, 
	0x48, 0x83, 0x7c, 0x24, 0x30, 0xff, 
	0x0f, 0x85, 0x34, 0x06, 0x00, 0x00, 
	0x4c, 0x01, 0xcb, 
	0x48, 0x89, 0x5c, 0x24, 0x30, 
	
	0x85, 0xf6, 
	0x0f, 0x84, 0x13, 0x00, 0x00, 0x00, 
	0x0f, 0xbc, 0xf6, 
	0x49, 0x83, 0xf8, 0xff, 
	0x0f, 0x85, 0xcf, 0x05, 0x00, 0x00, 
	0x4c, 0x01, 0xce, 
	0x49, 0x89, 0xf0, 
	
	0x85, 0xff, 
	0x0f, 0x84, 0x13, 0x00, 0x00, 0x00, 
	0x0f, 0xbc, 0xf7, 
	0x49, 0x83, 0xfc, 0xff, 
	0x0f, 0x85, 0xb4, 0x05, 0x00, 0x00, 
	0x4c, 0x01, 0xce, 
	0x49, 0x89, 0xf4, 
	
	0x83, 0xf9, 0x20, 
	0x0f, 0x85, 0x0d, 0x02, 0x00, 0x00, 
	0x49, 0x83, 0xc6, 0xe0, 
	0x49, 0x83, 0xc1, 0x20, 
	0x49, 0x83, 0xfe, 0x1f, 
	0x0f, 0x87, 0x02, 0xff, 0xff, 0xff, 
	0xc5, 0xf8, 0x77, 
	0x4c, 0x03, 0x4c, 0x24, 0x38, 
	0x4c, 0x89, 0x64, 0x24, 0x18, 
	0x49, 0x83, 0xfe, 0x10, 
	0xc5, 0x7a, 0x6f, 0x3d, 0x72, 0xc2, 0xff, 0xff, 
	0x0f, 0x82, 0x37, 0x01, 0x00, 0x00, 
	
	0x4d, 0x89, 0xcc, 
	0x4c, 0x2b, 0x64, 0x24, 0x38, 
	0x31, 0xc0, 
	
	0xc4, 0xc1, 0x7a, 0x6f, 0x04, 0x01, 
	0xc4, 0xc1, 0x79, 0x64, 0xcf, 
	0xc5, 0xfa, 0x6f, 0x15, 0x5f, 0xc2, 0xff, 0xff, 
	0xc5, 0xe9, 0x64, 0xd0, 
	0xc5, 0xf1, 0xdb, 0xca, 
	0xc5, 0xf9, 0x74, 0x15, 0x5f, 0xc2, 0xff, 0xff, 
	0xc5, 0xf9, 0x74, 0x1d, 0x67, 0xc2, 0xff, 0xff, 
	0xc5, 0xe1, 0xeb, 0xd2, 
	0xc5, 0xf9, 0xdb, 0x1d, 0xfb, 0xc1, 0xff, 0xff, 
	0xc5, 0xf9, 0x74, 0x05, 0x63, 0xc2, 0xff, 0xff, 
	0xc5, 0xe1, 0x74, 0x1d, 0x6b, 0xc2, 0xff, 0xff, 
	0xc5, 0xe1, 0xeb, 0xe0, 
	0xc5, 0xe9, 0xeb, 0xc9, 
	0xc5, 0xd9, 0xeb, 0xc9, 
	0xc5, 0x79, 0xd7, 0xd8, 
	0xc5, 0xf9, 0xd7, 0xf3, 
	0xc5, 0xf9, 0xd7, 0xfa, 
	0xc5, 0xf9, 0xd7, 0xc9, 
	0xf7, 0xd1, 
	0x0f, 0xbc, 0xc9, 
	0x83, 0xf9, 0x10, 
	0x0f, 0x84, 0x12, 0x00, 0x00, 0x00, 
	0xbb, 0xff, 0xff, 0xff, 0xff, 
	0xd3, 0xe3, 
	0xf7, 0xd3, 
	0x41, 0x21, 0xdb, 
	0x21, 0xde, 
	0x21, 0xfb, 
	0x89, 0xdf, 
	
	0x41, 0x8d, 0x5b, 0xff, 
	0x44, 0x21, 0xdb, 
	0x0f, 0x85, 0x9d, 0x04, 0x00, 0x00, 
	0x8d, 0x5e, 0xff, 
	0x21, 0xf3, 
	0x0f, 0x85, 0x92, 0x04, 0x00, 0x00, 
	0x8d, 0x5f, 0xff, 
	0x21, 0xfb, 
	0x0f, 0x85, 0x87, 0x04, 0x00, 0x00, 
	0x45, 0x85, 0xdb, 
	0x0f, 0x84, 0x1b, 0x00, 0x00, 0x00, 
	0x41, 0x0f, 0xbc, 0xdb, 
	0x48, 0x83, 0x7c, 0x24, 0x30, 0xff, 
	0x0f, 0x85, 0xc5, 0x05, 0x00, 0x00, 
	0x4c, 0x01, 0xe3, 
	0x48, 0x01, 0xc3, 
	0x48, 0x89, 0x5c, 0x24, 0x30, 
	
	0x4c, 0x8b, 0x5c, 0x24, 0x20, 
	0x85, 0xf6, 
	0x0f, 0x84, 0x16, 0x00, 0x00, 0x00, 
	0x0f, 0xbc, 0xf6, 
	0x49, 0x83, 0xf8, 0xff, 
	0x0f, 0x85, 0x07, 0x05, 0x00, 0x00, 
	0x4c, 0x01, 0xe6, 
	0x48, 0x01, 0xc6, 
	0x49, 0x89, 0xf0, 
	
	0x85, 0xff, 
	0x0f, 0x84, 0x1a, 0x00, 0x00, 0x00, 
	0x0f, 0xbc, 0xf7, 
	0x48, 0x83, 0x7c, 0x24, 0x18, 0xff, 
	0x0f, 0x85, 0xe7, 0x04, 0x00, 0x00, 
	0x4c, 0x01, 0xe6, 
	0x48, 0x01, 0xc6, 
	0x48, 0x89, 0x74, 0x24, 0x18, 
	
	0x83, 0xf9, 0x10, 
	0x0f, 0x85, 0x5d, 0x01, 0x00, 0x00, 
	0x49, 0x83, 0xc6, 0xf0, 
	0x48, 0x83, 0xc0, 0x10, 
	0x49, 0x83, 0xfe, 0x0f, 
	0x0f, 0x87, 0xd6, 0xfe, 0xff, 0xff, 
	0x49, 0x01, 0xc1, 
	
	0x4d, 0x85, 0xf6, 
	0x4c, 0x8b, 0x64, 0x24, 0x18, 
	0x0f, 0x84, 0x64, 0x01, 0x00, 0x00, 
	0x4b, 0x8d, 0x34, 0x31, 
	0x4c, 0x89, 0xcf, 
	0x48, 0x2b, 0x7c, 0x24, 0x38, 
	0x31, 0xc9, 
	0xe9, 0x21, 0x00, 0x00, 0x00, 
	
	0x49, 0x83, 0xfc, 0xff, 
	0x0f, 0x85, 0xfe, 0x03, 0x00, 0x00, 
	0x4c, 0x8d, 0x24, 0x0f, 
	0x90, 0x90, 0x90, 0x90, 0x90, 0x90, 
	
	0x48, 0x83, 0xc1, 0x01, 
	0x49, 0x39, 0xce, 
	0x0f, 0x84, 0x46, 0x03, 0x00, 0x00, 
	
	0x41, 0x0f, 0xbe, 0x1c, 0x09, 
	0x8d, 0x43, 0xd0, 
	0x83, 0xf8, 0x0a, 
	0x0f, 0x82, 0xe2, 0xff, 0xff, 0xff, 
	0x8d, 0x53, 0xd5, 
	0x83, 0xfa, 0x1a, 
	0x0f, 0x87, 0x2a, 0x00, 0x00, 0x00, 
	0x48, 0x8d, 0x1d, 0xe3, 0x1a, 0x00, 0x00, 
	0x48, 0x63, 0x04, 0x93, 
	0x48, 0x01, 0xd8, 
	0xff, 0xe0, 
	
	0x48, 0x83, 0x7c, 0x24, 0x30, 0xff, 
	0x0f, 0x85, 0xae, 0x03, 0x00, 0x00, 
	0x48, 0x8d, 0x04, 0x0f, 
	0x48, 0x89, 0x44, 0x24, 0x30, 
	0xe9, 0xac, 0xff, 0xff, 0xff, 
	
	0x83, 0xfb, 0x65, 
	0x0f, 0x85, 0xdd, 0x00, 0x00, 0x00, 
	
	0x49, 0x83, 0xf8, 0xff, 
	0x0f, 0x85, 0x8d, 0x03, 0x00, 0x00, 
	0x4c, 0x8d, 0x04, 0x0f, 
	0xe9, 0x90, 0xff, 0xff, 0xff, 
	
	0x4c, 0x01, 0xc9, 
	0x48, 0x03, 0x4c, 0x24, 0x38, 
	0xc5, 0xf8, 0x77, 
	0xc5, 0x7a, 0x6f, 0x3d, 0x7d, 0xc0, 0xff, 0xff, 
	0x49, 0x89, 0xc9, 
	0x48, 0xc7, 0xc1, 0xff, 0xff, 0xff, 0xff, 
	0x48, 0x8b, 0x54, 0x24, 0x30, 
	0x48, 0x85, 0xd2, 
	0x0f, 0x85, 0xb7, 0x00, 0x00, 0x00, 
	0xe9, 0x8d, 0x13, 0x00, 0x00, 
	
	0x4d, 0x89, 0xcb, 
	0xe9, 0xe7, 0xf8, 0xff, 0xff, 
	
	0x4d, 0x01, 0xfd, 
	0x48, 0x83, 0xf9, 0x20, 
	0x0f, 0x82, 0x1e, 0x05, 0x00, 0x00, 
	
	0xc4, 0xc1, 0x7e, 0x6f, 0x45, 0x00, 
	0xc5, 0xfd, 0x74, 0xce, 
	0xc5, 0xfd, 0xd7, 0xd1, 
	0xc5, 0xfd, 0x74, 0xc7, 
	0xc5, 0xfd, 0xd7, 0xf0, 
	0x85, 0xf6, 
	0x0f, 0x85, 0xa4, 0x04, 0x00, 0x00, 
	0x4d, 0x85, 0xf6, 
	0x0f, 0x85, 0xb2, 0x04, 0x00, 0x00, 
	0x45, 0x31, 0xf6, 
	0x48, 0x85, 0xd2, 
	0x0f, 0x84, 0xe3, 0x04, 0x00, 0x00, 
	
	0x48, 0x0f, 0xbc, 0xc2, 
	0x4d, 0x29, 0xfd, 
	0x49, 0x01, 0xc5, 
	0x49, 0x83, 0xc5, 0x01, 
	0x4c, 0x8d, 0x35, 0x0f, 0x18, 0x00, 0x00, 
	0x4d, 0x85, 0xed, 
	0x0f, 0x89, 0x4a, 0xf2, 0xff, 0xff, 
	0xe9, 0x8b, 0x0a, 0x00, 0x00, 
	
	0x0f, 0xbc, 0xc2, 
	0xe9, 0x2d, 0x01, 0x00, 0x00, 
	
	0x89, 0xc9, 
	0x49, 0x01, 0xc9, 
	0x49, 0x01, 0xc1, 
	0x4c, 0x8b, 0x64, 0x24, 0x18, 
	0x48, 0xc7, 0xc1, 0xff, 0xff, 0xff, 0xff, 
	0x48, 0x8b, 0x54, 0x24, 0x30, 
	0x48, 0x85, 0xd2, 
	0x0f, 0x85, 0x1d, 0x00, 0x00, 0x00, 
	0xe9, 0xf3, 0x12, 0x00, 0x00, 
	
	0x49, 0x01, 0xc9, 
	
	0x48, 0xc7, 0xc1, 0xff, 0xff, 0xff, 0xff, 
	0x48, 0x8b, 0x54, 0x24, 0x30, 
	0x48, 0x85, 0xd2, 
	0x0f, 0x84, 0xdb, 0x12, 0x00, 0x00, 
	
	0x4d, 0x85, 0xe4, 
	0xc5, 0xfe, 0x6f, 0x2d, 0x83, 0xbd, 0xff, 0xff, 
	0xc5, 0xfe, 0x6f, 0x35, 0xfb, 0xbd, 0xff, 0xff, 
	0xc5, 0xfe, 0x6f, 0x3d, 0x13, 0xbe, 0xff, 0xff, 
	0xc5, 0x7e, 0x6f, 0x05, 0x8b, 0xbe, 0xff, 0xff, 
	0xc5, 0x7e, 0x6f, 0x0d, 0xa3, 0xbe, 0xff, 0xff, 
	0xc5, 0x7e, 0x6f, 0x15, 0xbb, 0xbe, 0xff, 0xff, 
	0xc5, 0x7e, 0x6f, 0x1d, 0xd3, 0xbe, 0xff, 0xff, 
	0xc5, 0x7e, 0x6f, 0x25, 0x8b, 0xbd, 0xff, 0xff, 
	0xc5, 0x7e, 0x6f, 0x2d, 0xe3, 0xbe, 0xff, 0xff, 
	0xc5, 0x7e, 0x6f, 0x35, 0xfb, 0xbe, 0xff, 0xff, 
	0x0f, 0x84, 0x82, 0x12, 0x00, 0x00, 
	0x4d, 0x85, 0xc0, 
	0x0f, 0x84, 0x79, 0x12, 0x00, 0x00, 
	0x4c, 0x2b, 0x4c, 0x24, 0x38, 
	0x49, 0x8d, 0x49, 0xff, 
	0x48, 0x39, 0xca, 
	0x0f, 0x84, 0x34, 0x00, 0x00, 0x00, 
	0x49, 0x39, 0xcc, 
	0x0f, 0x84, 0x2b, 0x00, 0x00, 0x00, 
	0x49, 0x39, 0xc8, 
	0x0f, 0x84, 0x22, 0x00, 0x00, 0x00, 
	0x4d, 0x85, 0xe4, 
	0x0f, 0x8e, 0x21, 0x00, 0x00, 0x00, 
	0x49, 0x8d, 0x44, 0x24, 0xff, 
	0x49, 0x39, 0xc0, 
	0x0f, 0x84, 0x13, 0x00, 0x00, 0x00, 
	0x49, 0xf7, 0xd4, 
	0x4d, 0x89, 0xe1, 
	0xe9, 0x5e, 0x02, 0x00, 0x00, 
	
	0x49, 0xf7, 0xd9, 
	0xe9, 0x56, 0x02, 0x00, 0x00, 
	
	0x48, 0x89, 0xd0, 
	0x4c, 0x09, 0xc0, 
	0x0f, 0x99, 0xc1, 
	0x0f, 0x88, 0xb0, 0x00, 0x00, 0x00, 
	0x4c, 0x39, 0xc2, 
	0x0f, 0x8c, 0xa7, 0x00, 0x00, 0x00, 
	0x48, 0xf7, 0xd2, 
	0x49, 0x89, 0xd1, 
	0xe9, 0x33, 0x02, 0x00, 0x00, 
	
	0x4d, 0x29, 0xfa, 
	0x49, 0x01, 0xfa, 
	0x4c, 0x8b, 0x44, 0x24, 0x08, 
	0x49, 0x39, 0xd2, 
	0x0f, 0x82, 0x39, 0xef, 0xff, 0xff, 
	0xe9, 0x1a, 0x09, 0x00, 0x00, 
	
	0x89, 0xf0, 
	
	0x49, 0xf7, 0xd3, 
	0x49, 0x29, 0xc3, 
	0x48, 0x8b, 0x74, 0x24, 0x08, 
	0x4c, 0x8b, 0x64, 0x24, 0x10, 
	0x4d, 0x85, 0xdb, 
	0x0f, 0x89, 0x1f, 0xed, 0xff, 0xff, 
	0xe9, 0x7f, 0x09, 0x00, 0x00, 
	
	0x4d, 0x01, 0xfd, 
	0x48, 0x83, 0xf9, 0x20, 
	0x0f, 0x82, 0x9d, 0x04, 0x00, 0x00, 
	
	0xc4, 0xc1, 0x7e, 0x6f, 0x45, 0x00, 
	0xc5, 0xfd, 0x74, 0xce, 
	0xc5, 0xfd, 0xd7, 0xd1, 
	0xc5, 0xfd, 0x74, 0xc7, 
	0xc5, 0xfd, 0xd7, 0xf0, 
	0x85, 0xf6, 
	0x0f, 0x85, 0x23, 0x04, 0x00, 0x00, 
	0x4d, 0x85, 0xf6, 
	0x0f, 0x85, 0x31, 0x04, 0x00, 0x00, 
	0x45, 0x31, 0xf6, 
	0x48, 0x85, 0xd2, 
	0x0f, 0x84, 0x62, 0x04, 0x00, 0x00, 
	
	0x48, 0x0f, 0xbc, 0xc2, 
	0x4d, 0x29, 0xfd, 
	0x49, 0x01, 0xc5, 
	0x49, 0x83, 0xc5, 0x01, 
	0x4c, 0x8d, 0x35, 0x59, 0x16, 0x00, 0x00, 
	0x4d, 0x85, 0xed, 
	0x0f, 0x89, 0x64, 0xf6, 0xff, 0xff, 
	0xe9, 0xd5, 0x08, 0x00, 0x00, 
	
	0x49, 0x8d, 0x40, 0xff, 
	0x48, 0x39, 0xc2, 
	0x49, 0xf7, 0xd0, 
	0x4d, 0x0f, 0x45, 0xc1, 
	0x84, 0xc9, 
	0x4d, 0x0f, 0x45, 0xc8, 
	0xe9, 0x7e, 0x01, 0x00, 0x00, 
	
	0x0f, 0xbc, 0xc2, 
	0xe9, 0x2c, 0x00, 0x00, 0x00, 
	
	0x4c, 0x03, 0x7c, 0x24, 0x18, 
	0x4d, 0x29, 0xdf, 
	0x49, 0x29, 0xcf, 
	0x49, 0x83, 0xc7, 0xfe, 
	0x4d, 0x89, 0xfb, 
	0x48, 0x8b, 0x74, 0x24, 0x08, 
	0x4c, 0x8b, 0x64, 0x24, 0x10, 
	0x4d, 0x85, 0xdb, 
	0x0f, 0x89, 0x71, 0xec, 0xff, 0xff, 
	0xe9, 0xd1, 0x08, 0x00, 0x00, 
	
	0x89, 0xf0, 
	
	0x4c, 0x03, 0x7c, 0x24, 0x18, 
	0x4d, 0x29, 0xdf, 
	0x49, 0x29, 0xc7, 
	0x4d, 0x29, 0xcf, 
	0x49, 0x83, 0xc7, 0xfe, 
	0x4d, 0x89, 0xfb, 
	0x48, 0x8b, 0x74, 0x24, 0x08, 
	0x4c, 0x8b, 0x64, 0x24, 0x10, 
	0x4c, 0x8d, 0x35, 0xd8, 0x15, 0x00, 0x00, 
	0x4d, 0x85, 0xdb, 
	0x0f, 0x89, 0x3b, 0xec, 0xff, 0xff, 
	0xe9, 0x9b, 0x08, 0x00, 0x00, 
	
	0x4d, 0x01, 0xfa, 
	0x48, 0x85, 0xf6, 
	0x0f, 0x85, 0xba, 0xed, 0xff, 0xff, 
	0xe9, 0xf4, 0xed, 0xff, 0xff, 
	
	0x49, 0x89, 0xf1, 
	0x48, 0xc7, 0xc1, 0xff, 0xff, 0xff, 0xff, 
	0x48, 0x8b, 0x54, 0x24, 0x30, 
	0x48, 0x85, 0xd2, 
	0x0f, 0x85, 0xe7, 0xfd, 0xff, 0xff, 
	0xe9, 0xbd, 0x10, 0x00, 0x00, 
	
	0x0f, 0xbc, 0xc2, 
	0xe9, 0xda, 0x00, 0x00, 0x00, 
	
	0x4d, 0x01, 0xfd, 
	0x48, 0x83, 0xf9, 0x20, 
	0x0f, 0x82, 0x40, 0x05, 0x00, 0x00, 
	
	0xc4, 0xc1, 0x7e, 0x6f, 0x45, 0x00, 
	0xc5, 0xfd, 0x74, 0xce, 
	0xc5, 0xfd, 0xd7, 0xd1, 
	0xc5, 0xfd, 0x74, 0xc7, 
	0xc5, 0xfd, 0xd7, 0xf0, 
	0x85, 0xf6, 
	0x0f, 0x85, 0xc6, 0x04, 0x00, 0x00, 
	0x4d, 0x85, 0xf6, 
	0x0f, 0x85, 0xd4, 0x04, 0x00, 0x00, 
	0x45, 0x31, 0xf6, 
	0x48, 0x85, 0xd2, 
	0x0f, 0x84, 0x05, 0x05, 0x00, 0x00, 
	
	0x48, 0x0f, 0xbc, 0xc2, 
	0x4d, 0x29, 0xfd, 
	0x49, 0x01, 0xc5, 
	0x49, 0x83, 0xc5, 0x01, 
	0xe9, 0xe5, 0xf7, 0xff, 0xff, 
	
	0x0f, 0xbc, 0xcb, 
	
	0x4d, 0x01, 0xef, 
	0x4d, 0x29, 0xcf, 
	0x49, 0x29, 0xcf, 
	0x48, 0xf7, 0xd0, 
	0x4c, 0x01, 0xf8, 
	0x49, 0x89, 0xc1, 
	0x4c, 0x8b, 0x44, 0x24, 0x08, 
	0x4c, 0x8b, 0x64, 0x24, 0x10, 
	0x4c, 0x8b, 0x5c, 0x24, 0x20, 
	0xe9, 0xb3, 0x00, 0x00, 0x00, 
	
	0x4d, 0x01, 0xef, 
	0x4d, 0x29, 0xcf, 
	0x48, 0xf7, 0xd1, 
	0x4c, 0x01, 0xf9, 
	0x49, 0x89, 0xc9, 
	0xe9, 0x95, 0x00, 0x00, 0x00, 
	
	0x89, 0xf0, 
	0xe9, 0x43, 0x00, 0x00, 0x00, 
	
	0x4f, 0x8d, 0x2c, 0x0f, 
	0x49, 0xc7, 0xc0, 0xff, 0xff, 0xff, 0xff, 
	0x45, 0x31, 0xf6, 
	0x48, 0x83, 0xf9, 0x20, 
	0x0f, 0x83, 0x8e, 0xfc, 0xff, 0xff, 
	0xe9, 0xa7, 0x01, 0x00, 0x00, 
	
	0x48, 0xc7, 0xc0, 0xff, 0xff, 0xff, 0xff, 
	0x48, 0xc7, 0x44, 0x24, 0x30, 0xff, 0xff, 0xff, 0xff, 
	0x4c, 0x8b, 0x5c, 0x24, 0x38, 
	0x49, 0x83, 0xf8, 0x10, 
	0x0f, 0x83, 0x6d, 0xf1, 0xff, 0xff, 
	0xe9, 0x9f, 0xf2, 0xff, 0xff, 
	
	0x89, 0xd8, 
	
	0x49, 0xf7, 0xd1, 
	0x49, 0x29, 0xc1, 
	
	0x4c, 0x8b, 0x44, 0x24, 0x08, 
	0x4c, 0x8b, 0x64, 0x24, 0x10, 
	0x4d, 0x85, 0xc9, 
	0x0f, 0x88, 0xbf, 0x0f, 0x00, 0x00, 
	
	0x49, 0x8b, 0x08, 
	
	0x4c, 0x01, 0xc9, 
	0x49, 0x89, 0x08, 
	0x4d, 0x85, 0xed, 
	0x4c, 0x8d, 0x35, 0x8e, 0x14, 0x00, 0x00, 
	0x0f, 0x8f, 0x1c, 0xeb, 0xff, 0xff, 
	0xe9, 0x98, 0x0f, 0x00, 0x00, 
	
	0x89, 0xf1, 
	0x4d, 0x01, 0xef, 
	0x4d, 0x29, 0xcf, 
	0x49, 0x29, 0xcf, 
	0x48, 0xf7, 0xd0, 
	0x4c, 0x01, 0xf8, 
	0x49, 0x89, 0xc1, 
	
	0x4c, 0x8b, 0x44, 0x24, 0x08, 
	0x4c, 0x8b, 0x64, 0x24, 0x10, 
	
	0xc5, 0xfe, 0x6f, 0x2d, 0x31, 0xba, 0xff, 0xff, 
	0xc5, 0xfe, 0x6f, 0x35, 0xa9, 0xba, 0xff, 0xff, 
	0xc5, 0xfe, 0x6f, 0x3d, 0xc1, 0xba, 0xff, 0xff, 
	0xc5, 0x7e, 0x6f, 0x05, 0x39, 0xbb, 0xff, 0xff, 
	0xc5, 0x7e, 0x6f, 0x0d, 0x51, 0xbb, 0xff, 0xff, 
	0xc5, 0x7e, 0x6f, 0x15, 0x69, 0xbb, 0xff, 0xff, 
	0xc5, 0x7e, 0x6f, 0x1d, 0x81, 0xbb, 0xff, 0xff, 
	0xc5, 0x7e, 0x6f, 0x25, 0x39, 0xba, 0xff, 0xff, 
	0xc5, 0x7e, 0x6f, 0x2d, 0x91, 0xbb, 0xff, 0xff, 
	0xc5, 0x7e, 0x6f, 0x35, 0xa9, 0xbb, 0xff, 0xff, 
	0x4d, 0x85, 0xc9, 
	0x0f, 0x89, 0x6b, 0xff, 0xff, 0xff, 
	0xe9, 0x25, 0x0f, 0x00, 0x00, 
	
	0x4f, 0x8d, 0x2c, 0x0f, 
	0x49, 0xc7, 0xc0, 0xff, 0xff, 0xff, 0xff, 
	0x45, 0x31, 0xf6, 
	0x48, 0x83, 0xf9, 0x20, 
	0x0f, 0x83, 0x4e, 0xfd, 0xff, 0xff, 
	0xe9, 0xe6, 0x01, 0x00, 0x00, 
	
	0x89, 0xd9, 
	0xe9, 0xa5, 0xfe, 0xff, 0xff, 
	
	0x4f, 0x8d, 0x2c, 0x0f, 
	0x49, 0xc7, 0xc0, 0xff, 0xff, 0xff, 0xff, 
	0x45, 0x31, 0xf6, 
	0x48, 0x83, 0xf9, 0x20, 
	0x0f, 0x83, 0x44, 0xfe, 0xff, 0xff, 
	0xe9, 0x7f, 0x03, 0x00, 0x00, 
	
	0x49, 0xc7, 0xc0, 0xff, 0xff, 0xff, 0xff, 
	0x48, 0xc7, 0x44, 0x24, 0x30, 0xff, 0xff, 0xff, 0xff, 
	0x4c, 0x8b, 0x4c, 0x24, 0x38, 
	0x4c, 0x89, 0x64, 0x24, 0x18, 
	0x49, 0x83, 0xfe, 0x10, 
	0xc5, 0x7a, 0x6f, 0x3d, 0x94, 0xbb, 0xff, 0xff, 
	0x0f, 0x83, 0x22, 0xf9, 0xff, 0xff, 
	0xe9, 0x54, 0xfa, 0xff, 0xff, 
	
	0x49, 0x83, 0xf8, 0xff, 
	0x0f, 0x85, 0x0d, 0x00, 0x00, 0x00, 
	0x4c, 0x89, 0xe8, 
	0x4c, 0x29, 0xf8, 
	0x4c, 0x0f, 0xbc, 0xc6, 
	0x49, 0x01, 0xc0, 
	
	0x44, 0x89, 0xf0, 
	0xf7, 0xd0, 
	0x21, 0xf0, 
	0x8d, 0x3c, 0x00, 
	0x41, 0x8d, 0x1c, 0x46, 
	0xf7, 0xd7, 
	0x21, 0xf7, 
	0x81, 0xe7, 0xaa, 0xaa, 0xaa, 0xaa, 
	0x45, 0x31, 0xf6, 
	0x01, 0xc7, 
	0x41, 0x0f, 0x92, 0xc6, 
	0x01, 0xff, 
	0x81, 0xf7, 0x55, 0x55, 0x55, 0x55, 
	0x21, 0xdf, 
	0xf7, 0xd7, 
	0x21, 0xfa, 
	0x4c, 0x8b, 0x64, 0x24, 0x10, 
	0x48, 0x85, 0xd2, 
	0x0f, 0x85, 0x1d, 0xfb, 0xff, 0xff, 
	
	0x49, 0x83, 0xc5, 0x20, 
	0x48, 0x83, 0xc1, 0xe0, 
	
	0x4d, 0x85, 0xf6, 
	0x0f, 0x85, 0x05, 0x02, 0x00, 0x00, 
	0x4c, 0x89, 0xfa, 
	0x48, 0xf7, 0xd2, 
	0x4c, 0x89, 0xc7, 
	0x4c, 0x8d, 0x35, 0x20, 0x13, 0x00, 0x00, 
	0x48, 0x85, 0xc9, 
	0x0f, 0x84, 0x89, 0x00, 0x00, 0x00, 
	
	0x48, 0x83, 0xc2, 0x01, 
	
	0x31, 0xf6, 
	
	0x41, 0x0f, 0xb6, 0x5c, 0x35, 0x00, 
	0x80, 0xfb, 0x22, 
	0x0f, 0x84, 0x6d, 0x00, 0x00, 0x00, 
	0x80, 0xfb, 0x5c, 
	0x0f, 0x84, 0x12, 0x00, 0x00, 0x00, 
	0x48, 0x83, 0xc6, 0x01, 
	0x48, 0x39, 0xf1, 
	0x0f, 0x85, 0xdb, 0xff, 0xff, 0xff, 
	0xe9, 0x6a, 0x00, 0x00, 0x00, 
	
	0x48, 0x8d, 0x41, 0xff, 
	0x48, 0x39, 0xf0, 
	0x0f, 0x84, 0x6e, 0x05, 0x00, 0x00, 
	0x4a, 0x8d, 0x04, 0x2a, 
	0x48, 0x01, 0xf0, 
	0x48, 0x83, 0xff, 0xff, 
	0x4c, 0x0f, 0x44, 0xc0, 
	0x48, 0x0f, 0x44, 0xf8, 
	0x49, 0x01, 0xf5, 
	0x49, 0x83, 0xc5, 0x02, 
	0x48, 0x89, 0xc8, 
	0x48, 0x29, 0xf0, 
	0x48, 0x83, 0xc0, 0xfe, 
	0x48, 0x83, 0xc1, 0xfe, 
	0x48, 0x39, 0xf1, 
	0x48, 0x89, 0xc1, 
	0x4c, 0x8b, 0x64, 0x24, 0x10, 
	0x4c, 0x8d, 0x35, 0xa0, 0x12, 0x00, 0x00, 
	0x0f, 0x85, 0x87, 0xff, 0xff, 0xff, 
	0xe9, 0x29, 0x05, 0x00, 0x00, 
	
	0x49, 0x01, 0xf5, 
	0x49, 0x83, 0xc5, 0x01, 
	
	0x4d, 0x29, 0xfd, 
	0x4d, 0x85, 0xed, 
	0x0f, 0x89, 0xc6, 0xec, 0xff, 0xff, 
	0xe9, 0x07, 0x05, 0x00, 0x00, 
	
	0x80, 0xfb, 0x22, 
	0x0f, 0x85, 0x08, 0x05, 0x00, 0x00, 
	0x49, 0x01, 0xcd, 
	0x4c, 0x8b, 0x64, 0x24, 0x10, 
	0x4c, 0x8d, 0x35, 0x65, 0x12, 0x00, 0x00, 
	0xe9, 0xd2, 0xff, 0xff, 0xff, 
	
	0x49, 0x83, 0xf8, 0xff, 
	0x0f, 0x85, 0x0d, 0x00, 0x00, 0x00, 
	0x4c, 0x89, 0xe8, 
	0x4c, 0x29, 0xf8, 
	0x4c, 0x0f, 0xbc, 0xc6, 
	0x49, 0x01, 0xc0, 
	
	0x44, 0x89, 0xf0, 
	0xf7, 0xd0, 
	0x21, 0xf0, 
	0x8d, 0x3c, 0x00, 
	0x41, 0x8d, 0x1c, 0x46, 
	0xf7, 0xd7, 
	0x21, 0xf7, 
	0x81, 0xe7, 0xaa, 0xaa, 0xaa, 0xaa, 
	0x45, 0x31, 0xf6, 
	0x01, 0xc7, 
	0x41, 0x0f, 0x92, 0xc6, 
	0x01, 0xff, 
	0x81, 0xf7, 0x55, 0x55, 0x55, 0x55, 
	0x21, 0xdf, 
	0xf7, 0xd7, 
	0x21, 0xfa, 
	0x4c, 0x8b, 0x64, 0x24, 0x10, 
	0x48, 0x85, 0xd2, 
	0x0f, 0x85, 0x9e, 0xfb, 0xff, 0xff, 
	
	0x49, 0x83, 0xc5, 0x20, 
	0x48, 0x83, 0xc1, 0xe0, 
	
	0x4d, 0x85, 0xf6, 
	0x0f, 0x85, 0x14, 0x01, 0x00, 0x00, 
	0x4c, 0x89, 0xfa, 
	0x48, 0xf7, 0xd2, 
	0x4c, 0x89, 0xc7, 
	0x4c, 0x8d, 0x35, 0xeb, 0x11, 0x00, 0x00, 
	0x48, 0x85, 0xc9, 
	0x0f, 0x84, 0x89, 0x00, 0x00, 0x00, 
	
	0x48, 0x83, 0xc2, 0x01, 
	
	0x31, 0xf6, 
	
	0x41, 0x0f, 0xb6, 0x5c, 0x35, 0x00, 
	0x80, 0xfb, 0x22, 
	0x0f, 0x84, 0x6d, 0x00, 0x00, 0x00, 
	0x80, 0xfb, 0x5c, 
	0x0f, 0x84, 0x12, 0x00, 0x00, 0x00, 
	0x48, 0x83, 0xc6, 0x01, 
	0x48, 0x39, 0xf1, 
	0x0f, 0x85, 0xdb, 0xff, 0xff, 0xff, 
	0xe9, 0x6a, 0x00, 0x00, 0x00, 
	
	0x48, 0x8d, 0x41, 0xff, 
	0x48, 0x39, 0xf0, 
	0x0f, 0x84, 0x39, 0x04, 0x00, 0x00, 
	0x4a, 0x8d, 0x04, 0x2a, 
	0x48, 0x01, 0xf0, 
	0x48, 0x83, 0xff, 0xff, 
	0x4c, 0x0f, 0x44, 0xc0, 
	0x48, 0x0f, 0x44, 0xf8, 
	0x49, 0x01, 0xf5, 
	0x49, 0x83, 0xc5, 0x02, 
	0x48, 0x89, 0xc8, 
	0x48, 0x29, 0xf0, 
	0x48, 0x83, 0xc0, 0xfe, 
	0x48, 0x83, 0xc1, 0xfe, 
	0x48, 0x39, 0xf1, 
	0x48, 0x89, 0xc1, 
	0x4c, 0x8b, 0x64, 0x24, 0x10, 
	0x4c, 0x8d, 0x35, 0x6b, 0x11, 0x00, 0x00, 
	0x0f, 0x85, 0x87, 0xff, 0xff, 0xff, 
	0xe9, 0xf4, 0x03, 0x00, 0x00, 
	
	0x49, 0x01, 0xf5, 
	0x49, 0x83, 0xc5, 0x01, 
	
	0x4d, 0x29, 0xfd, 
	0x4d, 0x85, 0xed, 
	0x0f, 0x89, 0x61, 0xf1, 0xff, 0xff, 
	0xe9, 0xd2, 0x03, 0x00, 0x00, 
	
	0x80, 0xfb, 0x22, 
	0x0f, 0x85, 0xd3, 0x03, 0x00, 0x00, 
	0x49, 0x01, 0xcd, 
	0x4c, 0x8b, 0x64, 0x24, 0x10, 
	0x4c, 0x8d, 0x35, 0x30, 0x11, 0x00, 0x00, 
	0xe9, 0xd2, 0xff, 0xff, 0xff, 
	
	0x48, 0x85, 0xc9, 
	0x0f, 0x84, 0xb6, 0x03, 0x00, 0x00, 
	0x4c, 0x89, 0xfa, 
	0x48, 0xf7, 0xd2, 
	0x4a, 0x8d, 0x04, 0x2a, 
	0x49, 0x83, 0xf8, 0xff, 
	0x4c, 0x89, 0xc7, 
	0x4c, 0x0f, 0x44, 0xc0, 
	0x48, 0x0f, 0x44, 0xf8, 
	0x49, 0x83, 0xc5, 0x01, 
	0x48, 0x83, 0xc1, 0xff, 
	0x4c, 0x8b, 0x64, 0x24, 0x10, 
	0x4c, 0x8d, 0x35, 0xf5, 0x10, 0x00, 0x00, 
	0x48, 0x85, 0xc9, 
	0x0f, 0x85, 0xd5, 0xfd, 0xff, 0xff, 
	0xe9, 0x59, 0xfe, 0xff, 0xff, 
	
	0x48, 0x85, 0xc9, 
	0x0f, 0x84, 0x72, 0x03, 0x00, 0x00, 
	0x4c, 0x89, 0xfa, 
	0x48, 0xf7, 0xd2, 
	0x4a, 0x8d, 0x04, 0x2a, 
	0x49, 0x83, 0xf8, 0xff, 
	0x4c, 0x89, 0xc7, 
	0x4c, 0x0f, 0x44, 0xc0, 
	0x48, 0x0f, 0x44, 0xf8, 
	0x49, 0x83, 0xc5, 0x01, 
	0x48, 0x83, 0xc1, 0xff, 
	0x4c, 0x8b, 0x64, 0x24, 0x10, 
	0x4c, 0x8d, 0x35, 0xb1, 0x10, 0x00, 0x00, 
	0x48, 0x85, 0xc9, 
	0x0f, 0x85, 0xc6, 0xfe, 0xff, 0xff, 
	0xe9, 0x4a, 0xff, 0xff, 0xff, 
	
	0x49, 0x83, 0xf8, 0xff, 
	0x0f, 0x85, 0x0d, 0x00, 0x00, 0x00, 
	0x4c, 0x89, 0xe8, 
	0x4c, 0x29, 0xf8, 
	0x4c, 0x0f, 0xbc, 0xc6, 
	0x49, 0x01, 0xc0, 
	
	0x44, 0x89, 0xf0, 
	0xf7, 0xd0, 
	0x21, 0xf0, 
	0x8d, 0x3c, 0x00, 
	0x41, 0x8d, 0x1c, 0x46, 
	0xf7, 0xd7, 
	0x21, 0xf7, 
	0x81, 0xe7, 0xaa, 0xaa, 0xaa, 0xaa, 
	0x45, 0x31, 0xf6, 
	0x01, 0xc7, 
	0x41, 0x0f, 0x92, 0xc6, 
	0x01, 0xff, 
	0x81, 0xf7, 0x55, 0x55, 0x55, 0x55, 
	0x21, 0xdf, 
	0xf7, 0xd7, 
	0x21, 0xfa, 
	0x4c, 0x8b, 0x64, 0x24, 0x10, 
	0x48, 0x85, 0xd2, 
	0x0f, 0x85, 0xfb, 0xfa, 0xff, 0xff, 
	
	0x49, 0x83, 0xc5, 0x20, 
	0x48, 0x83, 0xc1, 0xe0, 
	
	0x4d, 0x85, 0xf6, 
	0x0f, 0x85, 0xad, 0x00, 0x00, 0x00, 
	0x4c, 0x89, 0xfa, 
	0x48, 0xf7, 0xd2, 
	0x4c, 0x89, 0xc7, 
	0x48, 0x85, 0xc9, 
	0x0f, 0x84, 0x7d, 0x00, 0x00, 0x00, 
	
	0x48, 0x83, 0xc2, 0x01, 
	
	0x31, 0xf6, 
	
	0x41, 0x0f, 0xb6, 0x5c, 0x35, 0x00, 
	0x80, 0xfb, 0x22, 
	0x0f, 0x84, 0x61, 0x00, 0x00, 0x00, 
	0x80, 0xfb, 0x5c, 
	0x0f, 0x84, 0x12, 0x00, 0x00, 0x00, 
	0x48, 0x83, 0xc6, 0x01, 
	0x48, 0x39, 0xf1, 
	0x0f, 0x85, 0xdb, 0xff, 0xff, 0xff, 
	0xe9, 0x5a, 0x00, 0x00, 0x00, 
	
	0x48, 0x8d, 0x41, 0xff, 
	0x48, 0x39, 0xf0, 
	0x0f, 0x84, 0x83, 0x02, 0x00, 0x00, 
	0x4a, 0x8d, 0x04, 0x2a, 
	0x48, 0x01, 0xf0, 
	0x48, 0x83, 0xff, 0xff, 
	0x4c, 0x0f, 0x44, 0xc0, 
	0x48, 0x0f, 0x44, 0xf8, 
	0x49, 0x01, 0xf5, 
	0x49, 0x83, 0xc5, 0x02, 
	0x48, 0x89, 0xc8, 
	0x48, 0x29, 0xf0, 
	0x48, 0x83, 0xc0, 0xfe, 
	0x48, 0x83, 0xc1, 0xfe, 
	0x48, 0x39, 0xf1, 
	0x48, 0x89, 0xc1, 
	0x0f, 0x85, 0x93, 0xff, 0xff, 0xff, 
	0xe9, 0x4a, 0x02, 0x00, 0x00, 
	
	0x49, 0x01, 0xf5, 
	0x49, 0x83, 0xc5, 0x01, 
	
	0x4d, 0x29, 0xfd, 
	0x4c, 0x8b, 0x64, 0x24, 0x10, 
	0xe9, 0x46, 0xf2, 0xff, 0xff, 
	
	0x80, 0xfb, 0x22, 
	0x0f, 0x85, 0x2d, 0x02, 0x00, 0x00, 
	0x49, 0x01, 0xcd, 
	0xe9, 0xe2, 0xff, 0xff, 0xff, 
	
	0x48, 0x85, 0xc9, 
	0x0f, 0x84, 0x1c, 0x02, 0x00, 0x00, 
	0x4c, 0x89, 0xfa, 
	0x48, 0xf7, 0xd2, 
	0x4a, 0x8d, 0x04, 0x2a, 
	0x49, 0x83, 0xf8, 0xff, 
	0x4c, 0x89, 0xc7, 
	0x4c, 0x0f, 0x44, 0xc0, 
	0x48, 0x0f, 0x44, 0xf8, 
	0x49, 0x83, 0xc5, 0x01, 
	0x48, 0x83, 0xc1, 0xff, 
	0x48, 0x85, 0xc9, 
	0x0f, 0x85, 0x32, 0xff, 0xff, 0xff, 
	0xe9, 0xaa, 0xff, 0xff, 0xff, 
	
	0x49, 0x89, 0xce, 
	0xe9, 0xac, 0x01, 0x00, 0x00, 
	
	0x49, 0x83, 0xc6, 0xff, 
	0x4d, 0x89, 0x30, 
	0x49, 0xc7, 0xc5, 0xde, 0xff, 0xff, 0xff, 
	0xe9, 0xa7, 0x01, 0x00, 0x00, 
	
	0xf7, 0xd1, 
	0x0f, 0xbc, 0xc1, 
	0x48, 0x29, 0xd0, 
	0x49, 0xc7, 0xc5, 0xff, 0xff, 0xff, 0xff, 
	0x48, 0x39, 0xd8, 
	0x0f, 0x83, 0x8f, 0x01, 0x00, 0x00, 
	
	0x48, 0x8d, 0x50, 0x01, 
	0x49, 0x89, 0x10, 
	0x41, 0x0f, 0xbe, 0x0c, 0x03, 
	0x83, 0xf9, 0x7b, 
	0x0f, 0x87, 0xf7, 0x01, 0x00, 0x00, 
	0x49, 0xc7, 0xc5, 0xff, 0xff, 0xff, 0xff, 
	0x48, 0x8d, 0x35, 0xe3, 0x11, 0x00, 0x00, 
	0x48, 0x63, 0x0c, 0x8e, 
	0x48, 0x01, 0xf1, 
	0xff, 0xe1, 
	
	0x49, 0x8b, 0x37, 
	0x48, 0x89, 0xf7, 
	0x48, 0x29, 0xd7, 
	0x48, 0x83, 0xff, 0x20, 
	0x0f, 0x82, 0x96, 0x0a, 0x00, 0x00, 
	0x48, 0x89, 0xc7, 
	0x48, 0xf7, 0xd7, 
	0xc5, 0xfe, 0x6f, 0x05, 0xcd, 0xb4, 0xff, 0xff, 
	0xc5, 0xfe, 0x6f, 0x0d, 0xe5, 0xb4, 0xff, 0xff, 
	0xc5, 0xfe, 0x6f, 0x15, 0xfd, 0xb4, 0xff, 0xff, 
	0x90, 0x90, 0x90, 0x90, 0x90, 0x90, 0x90, 0x90, 0x90, 0x90, 0x90, 0x90, 0x90, 
	
	0xc4, 0xc1, 0x7e, 0x6f, 0x1c, 0x13, 
	0xc5, 0xe5, 0x74, 0xe0, 
	0xc5, 0xe5, 0xdb, 0xd9, 
	0xc5, 0xe5, 0x74, 0xda, 
	0xc5, 0xe5, 0xeb, 0xdc, 
	0xc5, 0xfd, 0xd7, 0xcb, 
	0x85, 0xc9, 
	0x0f, 0x85, 0xd2, 0x00, 0x00, 0x00, 
	0x48, 0x83, 0xc2, 0x20, 
	0x48, 0x8d, 0x0c, 0x3e, 
	0x48, 0x83, 0xc1, 0xe0, 
	0x48, 0x83, 0xc7, 0xe0, 
	0x48, 0x83, 0xf9, 0x1f, 
	0x0f, 0x87, 0xc4, 0xff, 0xff, 0xff, 
	0x4c, 0x89, 0xda, 
	0x48, 0x29, 0xfa, 
	0x48, 0x01, 0xfe, 
	0x48, 0x89, 0xf7, 
	0x48, 0x83, 0xff, 0x10, 
	0x0f, 0x82, 0x54, 0x00, 0x00, 0x00, 
	
	0x4c, 0x89, 0xde, 
	0x48, 0x29, 0xd6, 
	0xc5, 0xfa, 0x6f, 0x05, 0x10, 0xb6, 0xff, 0xff, 
	0xc5, 0xfa, 0x6f, 0x0d, 0x18, 0xb6, 0xff, 0xff, 
	0xc5, 0xfa, 0x6f, 0x15, 0x20, 0xb6, 0xff, 0xff, 
	
	0xc5, 0xfa, 0x6f, 0x1a, 
	0xc5, 0xe1, 0x74, 0xe0, 
	0xc5, 0xe1, 0xdb, 0xd9, 
	0xc5, 0xe1, 0x74, 0xda, 
	0xc5, 0xe1, 0xeb, 0xdc, 
	0xc5, 0xf9, 0xd7, 0xcb, 
	0x85, 0xc9, 
	0x0f, 0x85, 0x26, 0x08, 0x00, 0x00, 
	0x48, 0x83, 0xc2, 0x10, 
	0x48, 0x83, 0xc7, 0xf0, 
	0x48, 0x83, 0xc6, 0xf0, 
	0x48, 0x83, 0xff, 0x0f, 
	0x0f, 0x87, 0xca, 0xff, 0xff, 0xff, 
	
	0x48, 0x85, 0xff, 
	0x0f, 0x84, 0x35, 0x00, 0x00, 0x00, 
	0x48, 0x8d, 0x1c, 0x3a, 
	0x31, 0xf6, 
	
	0x0f, 0xb6, 0x0c, 0x32, 
	0x80, 0xf9, 0x2c, 
	0x0f, 0x84, 0xbb, 0x09, 0x00, 0x00, 
	0x80, 0xf9, 0x7d, 
	0x0f, 0x84, 0xb2, 0x09, 0x00, 0x00, 
	0x80, 0xf9, 0x5d, 
	0x0f, 0x84, 0xa9, 0x09, 0x00, 0x00, 
	0x48, 0x83, 0xc6, 0x01, 
	0x48, 0x39, 0xf7, 
	0x0f, 0x85, 0xd4, 0xff, 0xff, 0xff, 
	0x48, 0x89, 0xda, 
	
	0x4c, 0x29, 0xda, 
	0xe9, 0x97, 0x09, 0x00, 0x00, 
	
	0x49, 0x89, 0xd6, 
	0xe9, 0x23, 0x00, 0x00, 0x00, 
	
	0x0f, 0xbc, 0xc9, 
	0x48, 0x29, 0xf9, 
	
	0x49, 0x89, 0x08, 
	0x49, 0x89, 0xc5, 
	0xe9, 0x20, 0x00, 0x00, 0x00, 
	
	0x4d, 0x89, 0x10, 
	
	0x49, 0xc7, 0xc5, 0xff, 0xff, 0xff, 0xff, 
	0xe9, 0x11, 0x00, 0x00, 0x00, 
	
	0x49, 0x89, 0xde, 
	
	0x49, 0x83, 0xc6, 0xff, 
	0x4d, 0x89, 0x30, 
	
	0x49, 0xc7, 0xc5, 0xfe, 0xff, 0xff, 0xff, 
	
	0x4c, 0x89, 0xe8, 
	0x48, 0x8d, 0x65, 0xd8, 
	0x5b, 
	0x41, 0x5c, 
	0x41, 0x5d, 
	0x41, 0x5e, 
	0x41, 0x5f, 
	0x5d, 
	0xc5, 0xf8, 0x77, 
	0xc3, 
	
	0x49, 0xc7, 0xc5, 0xf9, 0xff, 0xff, 0xff, 
	0xe9, 0xdf, 0xff, 0xff, 0xff, 
	
	0x49, 0x83, 0xfd, 0xff, 
	0x0f, 0x85, 0x0a, 0x00, 0x00, 0x00, 
	
	0x49, 0xc7, 0xc5, 0xff, 0xff, 0xff, 0xff, 
	0x4d, 0x89, 0xd8, 
	
	0x48, 0x8b, 0x44, 0x24, 0x08, 
	0x4c, 0x89, 0x00, 
	0xe9, 0xbe, 0xff, 0xff, 0xff, 
	
	0x49, 0x83, 0xc1, 0xff, 
	0x4d, 0x89, 0xcd, 
	0xe9, 0xb2, 0xff, 0xff, 0xff, 
	
	0x48, 0x8d, 0x48, 0x04, 
	0xe9, 0xc0, 0x03, 0x00, 0x00, 
	
	0x48, 0xc7, 0xc1, 0xff, 0xff, 0xff, 0xff, 
	0x48, 0x8b, 0x74, 0x24, 0x08, 
	0xe9, 0x03, 0x00, 0x00, 0x00, 
	
	0x4c, 0x89, 0xd9, 
	
	0x48, 0x8b, 0x06, 
	0x48, 0x29, 0xc8, 
	0x48, 0x83, 0xc0, 0xfe, 
	0x48, 0x89, 0x06, 
	0xe9, 0x7c, 0xff, 0xff, 0xff, 
	
	0x49, 0x89, 0x00, 
	0xe9, 0x74, 0xff, 0xff, 0xff, 
	
	0x4d, 0x8b, 0x07, 
	0x4d, 0x89, 0xc7, 
	0x49, 0x29, 0xd7, 
	0x49, 0x83, 0xff, 0x20, 
	0x0f, 0x8c, 0xd6, 0x08, 0x00, 0x00, 
	0x4d, 0x8d, 0x0c, 0x03, 
	0x49, 0x29, 0xc0, 
	0xbb, 0x1f, 0x00, 0x00, 0x00, 
	0x45, 0x31, 0xff, 
	0xc5, 0xfe, 0x6f, 0x05, 0x3c, 0xb3, 0xff, 0xff, 
	0xc5, 0xfe, 0x6f, 0x0d, 0x54, 0xb3, 0xff, 0xff, 
	0x45, 0x31, 0xe4, 
	
	0xc4, 0x81, 0x7e, 0x6f, 0x54, 0x39, 0x01, 
	0xc5, 0xed, 0x74, 0xd8, 
	0xc5, 0x7d, 0xd7, 0xf3, 
	0xc5, 0xed, 0x74, 0xd1, 
	0xc5, 0xfd, 0xd7, 0xca, 
	0x85, 0xc9, 
	0x0f, 0x85, 0x11, 0x00, 0x00, 0x00, 
	0x4d, 0x85, 0xe4, 
	0x0f, 0x85, 0x08, 0x00, 0x00, 0x00, 
	0x45, 0x31, 0xe4, 
	0xe9, 0x31, 0x00, 0x00, 0x00, 
	
	0x44, 0x89, 0xe6, 
	0xf7, 0xd6, 
	0x21, 0xce, 
	0x8d, 0x14, 0x36, 
	0x44, 0x09, 0xe2, 
	0x89, 0xd7, 
	0xf7, 0xd7, 
	0x21, 0xcf, 
	0x81, 0xe7, 0xaa, 0xaa, 0xaa, 0xaa, 
	0x45, 0x31, 0xe4, 
	0x01, 0xf7, 
	0x41, 0x0f, 0x92, 0xc4, 
	0x01, 0xff, 
	0x81, 0xf7, 0x55, 0x55, 0x55, 0x55, 
	0x21, 0xd7, 
	0xf7, 0xd7, 
	0x41, 0x21, 0xfe, 
	
	0x4d, 0x85, 0xf6, 
	0x0f, 0x85, 0xde, 0x05, 0x00, 0x00, 
	0x49, 0x83, 0xc7, 0x20, 
	0x49, 0x8d, 0x0c, 0x18, 
	0x48, 0x83, 0xc1, 0xe0, 
	0x48, 0x83, 0xc3, 0xe0, 
	0x48, 0x83, 0xf9, 0x3f, 
	0x0f, 0x8f, 0x7c, 0xff, 0xff, 0xff, 
	0x4d, 0x85, 0xe4, 
	0x0f, 0x85, 0x49, 0x08, 0x00, 0x00, 
	0x4b, 0x8d, 0x14, 0x0f, 
	0x48, 0x83, 0xc2, 0x01, 
	0x49, 0xf7, 0xd7, 
	0x4d, 0x01, 0xc7, 
	
	0x4d, 0x85, 0xff, 
	0x48, 0x8b, 0x7c, 0x24, 0x08, 
	0x0f, 0x8e, 0x9d, 0xfe, 0xff, 0xff, 
	0x49, 0xc7, 0xc5, 0xff, 0xff, 0xff, 0xff, 
	0xe9, 0xd1, 0x05, 0x00, 0x00, 
	
	0x4d, 0x8b, 0x27, 
	0x49, 0x29, 0xd4, 
	0x49, 0x01, 0xd3, 
	0x45, 0x31, 0xf6, 
	0xc5, 0xfe, 0x6f, 0x05, 0x88, 0xb2, 0xff, 0xff, 
	0xc5, 0xfe, 0x6f, 0x0d, 0x60, 0xb2, 0xff, 0xff, 
	0xc5, 0xe9, 0x76, 0xd2, 
	0xc5, 0xfe, 0x6f, 0x1d, 0xd4, 0xb2, 0xff, 0xff, 
	0xc5, 0xfe, 0x6f, 0x25, 0x2c, 0xb2, 0xff, 0xff, 
	0xc4, 0x41, 0x31, 0xef, 0xc9, 
	0x45, 0x31, 0xc9, 
	0x45, 0x31, 0xc0, 
	0x31, 0xdb, 
	0x49, 0x83, 0xfc, 0x40, 
	0x0f, 0x8c, 0x3d, 0x01, 0x00, 0x00, 
	
	0xc4, 0xc1, 0x7e, 0x6f, 0x3b, 
	0xc4, 0xc1, 0x7e, 0x6f, 0x73, 0x20, 
	0xc5, 0x45, 0x74, 0xc0, 
	0xc4, 0xc1, 0x7d, 0xd7, 0xf0, 
	0xc5, 0x4d, 0x74, 0xc0, 
	0xc4, 0xc1, 0x7d, 0xd7, 0xc8, 
	0x48, 0xc1, 0xe1, 0x20, 
	0x48, 0x09, 0xce, 
	0x48, 0x89, 0xf1, 
	0x4c, 0x09, 0xc9, 
	0x0f, 0x85, 0x0f, 0x00, 0x00, 0x00, 
	0x48, 0xc7, 0xc6, 0xff, 0xff, 0xff, 0xff, 
	0x45, 0x31, 0xc9, 
	0xe9, 0x46, 0x00, 0x00, 0x00, 
	
	0x4c, 0x89, 0xc9, 
	0x48, 0xf7, 0xd1, 
	0x48, 0x21, 0xf1, 
	0x4c, 0x8d, 0x14, 0x09, 
	0x4d, 0x09, 0xca, 
	0x4c, 0x89, 0xd7, 
	0x48, 0xf7, 0xd7, 
	0x48, 0xba, 0xaa, 0xaa, 0xaa, 0xaa, 0xaa, 0xaa, 0xaa, 0xaa, 
	0x48, 0x21, 0xd6, 
	0x48, 0x21, 0xfe, 
	0x45, 0x31, 0xc9, 
	0x48, 0x01, 0xce, 
	0x41, 0x0f, 0x92, 0xc1, 
	0x48, 0x01, 0xf6, 
	0x48, 0xb9, 0x55, 0x55, 0x55, 0x55, 0x55, 0x55, 0x55, 0x55, 
	0x48, 0x31, 0xce, 
	0x4c, 0x21, 0xd6, 
	0x48, 0xf7, 0xd6, 
	
	0xc5, 0x4d, 0x74, 0xc1, 
	0xc4, 0xc1, 0x7d, 0xd7, 0xc8, 
	0x48, 0xc1, 0xe1, 0x20, 
	0xc5, 0x45, 0x74, 0xc1, 
	0xc4, 0xc1, 0x7d, 0xd7, 0xd0, 
	0x48, 0x09, 0xca, 
	0x48, 0x21, 0xf2, 
	0xc4, 0xe1, 0xf9, 0x6e, 0xea, 
	0xc4, 0xe3, 0x51, 0x44, 0xea, 0x00, 
	0xc4, 0xc1, 0xf9, 0x7e, 0xea, 
	0x4d, 0x31, 0xf2, 
	0xc5, 0xc5, 0x74, 0xeb, 
	0xc5, 0xfd, 0xd7, 0xd5, 
	0xc5, 0xcd, 0x74, 0xeb, 
	0xc5, 0xfd, 0xd7, 0xcd, 
	0x48, 0xc1, 0xe1, 0x20, 
	0x48, 0x09, 0xca, 
	0x4c, 0x89, 0xd1, 
	0x48, 0xf7, 0xd1, 
	0x48, 0x21, 0xca, 
	0xc5, 0xc5, 0x74, 0xec, 
	0xc5, 0xfd, 0xd7, 0xfd, 
	0xc5, 0xcd, 0x74, 0xec, 
	0xc5, 0xfd, 0xd7, 0xf5, 
	0x48, 0xc1, 0xe6, 0x20, 
	0x48, 0x09, 0xf7, 
	0x48, 0x21, 0xcf, 
	0x0f, 0x84, 0x28, 0x00, 0x00, 0x00, 
	
	0x48, 0x8d, 0x4f, 0xff, 
	0x48, 0x89, 0xce, 
	0x48, 0x21, 0xd6, 
	0xf3, 0x48, 0x0f, 0xb8, 0xf6, 
	0x4c, 0x01, 0xc6, 
	0x48, 0x39, 0xde, 
	0x0f, 0x86, 0x04, 0x04, 0x00, 0x00, 
	0x48, 0x83, 0xc3, 0x01, 
	0x48, 0x21, 0xcf, 
	0x0f, 0x85, 0xd8, 0xff, 0xff, 0xff, 
	
	0x49, 0xc1, 0xfa, 0x3f, 
	0xf3, 0x48, 0x0f, 0xb8, 0xca, 
	0x49, 0x01, 0xc8, 
	0x49, 0x83, 0xc3, 0x40, 
	0x49, 0x83, 0xc4, 0xc0, 
	0x4d, 0x89, 0xd6, 
	0x49, 0x83, 0xfc, 0x40, 
	0x0f, 0x8d, 0xc3, 0xfe, 0xff, 0xff, 
	
	0x4d, 0x85, 0xe4, 
	0x0f, 0x8e, 0x7a, 0x06, 0x00, 0x00, 
	0xc5, 0x7e, 0x7f, 0x4c, 0x24, 0x60, 
	0xc5, 0x7e, 0x7f, 0x4c, 0x24, 0x40, 
	0x44, 0x89, 0xd9, 
	0x81, 0xe1, 0xff, 0x0f, 0x00, 0x00, 
	0x81, 0xf9, 0xc1, 0x0f, 0x00, 0x00, 
	0x0f, 0x82, 0x99, 0xfe, 0xff, 0xff, 
	0x49, 0x83, 0xfc, 0x20, 
	0x0f, 0x82, 0x1e, 0x00, 0x00, 0x00, 
	0xc4, 0xc1, 0x7e, 0x6f, 0x2b, 
	0xc5, 0xfe, 0x7f, 0x6c, 0x24, 0x40, 
	0x49, 0x83, 0xc3, 0x20, 
	0x49, 0x8d, 0x54, 0x24, 0xe0, 
	0x48, 0x8d, 0x7c, 0x24, 0x60, 
	0xe9, 0x08, 0x00, 0x00, 0x00, 
	
	0x48, 0x8d, 0x7c, 0x24, 0x40, 
	0x4c, 0x89, 0xe2, 
	
	0x48, 0x83, 0xfa, 0x10, 
	0x0f, 0x82, 0x5a, 0x00, 0x00, 0x00, 
	0xc4, 0xc1, 0x7a, 0x6f, 0x2b, 
	0xc5, 0xfa, 0x7f, 0x2f, 
	0x49, 0x83, 0xc3, 0x10, 
	0x48, 0x83, 0xc7, 0x10, 
	0x48, 0x83, 0xc2, 0xf0, 
	0x48, 0x83, 0xfa, 0x08, 
	0x0f, 0x83, 0x45, 0x00, 0x00, 0x00, 
	
	0x48, 0x83, 0xfa, 0x04, 
	0x0f, 0x8c, 0x57, 0x00, 0x00, 0x00, 
	
	0x41, 0x8b, 0x0b, 
	0x89, 0x0f, 
	0x49, 0x83, 0xc3, 0x04, 
	0x48, 0x83, 0xc7, 0x04, 
	0x48, 0x83, 0xc2, 0xfc, 
	0x48, 0x83, 0xfa, 0x02, 
	0x0f, 0x83, 0x46, 0x00, 0x00, 0x00, 
	
	0x4c, 0x89, 0xde, 
	0x4c, 0x8d, 0x5c, 0x24, 0x40, 
	0x48, 0x85, 0xd2, 
	0x0f, 0x85, 0x59, 0x00, 0x00, 0x00, 
	0xe9, 0x05, 0xfe, 0xff, 0xff, 
	
	0x48, 0x83, 0xfa, 0x08, 
	0x0f, 0x82, 0xbb, 0xff, 0xff, 0xff, 
	
	0x49, 0x8b, 0x0b, 
	0x48, 0x89, 0x0f, 
	0x49, 0x83, 0xc3, 0x08, 
	0x48, 0x83, 0xc7, 0x08, 
	0x48, 0x83, 0xc2, 0xf8, 
	0x48, 0x83, 0xfa, 0x04, 
	0x0f, 0x8d, 0xa9, 0xff, 0xff, 0xff, 
	
	0x48, 0x83, 0xfa, 0x02, 
	0x0f, 0x82, 0xba, 0xff, 0xff, 0xff, 
	
	0x41, 0x0f, 0xb7, 0x0b, 
	0x66, 0x89, 0x0f, 
	0x49, 0x83, 0xc3, 0x02, 
	0x48, 0x83, 0xc7, 0x02, 
	0x48, 0x83, 0xc2, 0xfe, 
	0x4c, 0x89, 0xde, 
	0x4c, 0x8d, 0x5c, 0x24, 0x40, 
	0x48, 0x85, 0xd2, 
	0x0f, 0x84, 0xb1, 0xfd, 0xff, 0xff, 
	
	0x8a, 0x0e, 
	0x88, 0x0f, 
	0x4c, 0x8d, 0x5c, 0x24, 0x40, 
	0xe9, 0xa3, 0xfd, 0xff, 0xff, 
	
	0x48, 0x8d, 0x48, 0x05, 
	
	0x49, 0x3b, 0x0f, 
	0x0f, 0x86, 0xb5, 0xfb, 0xff, 0xff, 
	0xe9, 0xdb, 0xfb, 0xff, 0xff, 
	
	0x4d, 0x8b, 0x27, 
	0x49, 0x29, 0xd4, 
	0x49, 0x01, 0xd3, 
	0x45, 0x31, 0xf6, 
	0xc5, 0xfe, 0x6f, 0x05, 0xd2, 0xaf, 0xff, 0xff, 
	0xc5, 0xfe, 0x6f, 0x0d, 0xaa, 0xaf, 0xff, 0xff, 
	0xc5, 0xe9, 0x76, 0xd2, 
	0xc5, 0xfe, 0x6f, 0x1d, 0xde, 0xaf, 0xff, 0xff, 
	0xc5, 0xfe, 0x6f, 0x25, 0xf6, 0xaf, 0xff, 0xff, 
	0xc4, 0x41, 0x31, 0xef, 0xc9, 
	0x45, 0x31, 0xc9, 
	0x45, 0x31, 0xc0, 
	0x31, 0xdb, 
	0x49, 0x83, 0xfc, 0x40, 
	0x0f, 0x8c, 0x3d, 0x01, 0x00, 0x00, 
	
	0xc4, 0xc1, 0x7e, 0x6f, 0x3b, 
	0xc4, 0xc1, 0x7e, 0x6f, 0x73, 0x20, 
	0xc5, 0x45, 0x74, 0xc0, 
	0xc4, 0xc1, 0x7d, 0xd7, 0xf0, 
	0xc5, 0x4d, 0x74, 0xc0, 
	0xc4, 0xc1, 0x7d, 0xd7, 0xc8, 
	0x48, 0xc1, 0xe1, 0x20, 
	0x48, 0x09, 0xce, 
	0x48, 0x89, 0xf1, 
	0x4c, 0x09, 0xc9, 
	0x0f, 0x85, 0x0f, 0x00, 0x00, 0x00, 
	0x48, 0xc7, 0xc6, 0xff, 0xff, 0xff, 0xff, 
	0x45, 0x31, 0xc9, 
	0xe9, 0x46, 0x00, 0x00, 0x00, 
	
	0x4c, 0x89, 0xc9, 
	0x48, 0xf7, 0xd1, 
	0x48, 0x21, 0xf1, 
	0x4c, 0x8d, 0x14, 0x09, 
	0x4d, 0x09, 0xca, 
	0x4c, 0x89, 0xd7, 
	0x48, 0xf7, 0xd7, 
	0x48, 0xba, 0xaa, 0xaa, 0xaa, 0xaa, 0xaa, 0xaa, 0xaa, 0xaa, 
	0x48, 0x21, 0xd6, 
	0x48, 0x21, 0xfe, 
	0x45, 0x31, 0xc9, 
	0x48, 0x01, 0xce, 
	0x41, 0x0f, 0x92, 0xc1, 
	0x48, 0x01, 0xf6, 
	0x48, 0xb9, 0x55, 0x55, 0x55, 0x55, 0x55, 0x55, 0x55, 0x55, 
	0x48, 0x31, 0xce, 
	0x4c, 0x21, 0xd6, 
	0x48, 0xf7, 0xd6, 
	
	0xc5, 0x4d, 0x74, 0xc1, 
	0xc4, 0xc1, 0x7d, 0xd7, 0xc8, 
	0x48, 0xc1, 0xe1, 0x20, 
	0xc5, 0x45, 0x74, 0xc1, 
	0xc4, 0xc1, 0x7d, 0xd7, 0xd0, 
	0x48, 0x09, 0xca, 
	0x48, 0x21, 0xf2, 
	0xc4, 0xe1, 0xf9, 0x6e, 0xea, 
	0xc4, 0xe3, 0x51, 0x44, 0xea, 0x00, 
	0xc4, 0xc1, 0xf9, 0x7e, 0xea, 
	0x4d, 0x31, 0xf2, 
	0xc5, 0xc5, 0x74, 0xeb, 
	0xc5, 0xfd, 0xd7, 0xd5, 
	0xc5, 0xcd, 0x74, 0xeb, 
	0xc5, 0xfd, 0xd7, 0xcd, 
	0x48, 0xc1, 0xe1, 0x20, 
	0x48, 0x09, 0xca, 
	0x4c, 0x89, 0xd1, 
	0x48, 0xf7, 0xd1, 
	0x48, 0x21, 0xca, 
	0xc5, 0xc5, 0x74, 0xec, 
	0xc5, 0xfd, 0xd7, 0xfd, 
	0xc5, 0xcd, 0x74, 0xec, 
	0xc5, 0xfd, 0xd7, 0xf5, 
	0x48, 0xc1, 0xe6, 0x20, 
	0x48, 0x09, 0xf7, 
	0x48, 0x21, 0xcf, 
	0x0f, 0x84, 0x28, 0x00, 0x00, 0x00, 
	
	0x48, 0x8d, 0x4f, 0xff, 
	0x48, 0x89, 0xce, 
	0x48, 0x21, 0xd6, 
	0xf3, 0x48, 0x0f, 0xb8, 0xf6, 
	0x4c, 0x01, 0xc6, 
	0x48, 0x39, 0xde, 
	0x0f, 0x86, 0x4e, 0x01, 0x00, 0x00, 
	0x48, 0x83, 0xc3, 0x01, 
	0x48, 0x21, 0xcf, 
	0x0f, 0x85, 0xd8, 0xff, 0xff, 0xff, 
	
	0x49, 0xc1, 0xfa, 0x3f, 
	0xf3, 0x48, 0x0f, 0xb8, 0xca, 
	0x49, 0x01, 0xc8, 
	0x49, 0x83, 0xc3, 0x40, 
	0x49, 0x83, 0xc4, 0xc0, 
	0x4d, 0x89, 0xd6, 
	0x49, 0x83, 0xfc, 0x40, 
	0x0f, 0x8d, 0xc3, 0xfe, 0xff, 0xff, 
	
	0x4d, 0x85, 0xe4, 
	0x0f, 0x8e, 0xc4, 0x03, 0x00, 0x00, 
	0xc5, 0x7e, 0x7f, 0x4c, 0x24, 0x60, 
	0xc5, 0x7e, 0x7f, 0x4c, 0x24, 0x40, 
	0x44, 0x89, 0xd9, 
	0x81, 0xe1, 0xff, 0x0f, 0x00, 0x00, 
	0x81, 0xf9, 0xc1, 0x0f, 0x00, 0x00, 
	0x0f, 0x82, 0x99, 0xfe, 0xff, 0xff, 
	0x49, 0x83, 0xfc, 0x20, 
	0x0f, 0x82, 0x1e, 0x00, 0x00, 0x00, 
	0xc4, 0xc1, 0x7e, 0x6f, 0x2b, 
	0xc5, 0xfe, 0x7f, 0x6c, 0x24, 0x40, 
	0x49, 0x83, 0xc3, 0x20, 
	0x49, 0x8d, 0x54, 0x24, 0xe0, 
	0x48, 0x8d, 0x7c, 0x24, 0x60, 
	0xe9, 0x08, 0x00, 0x00, 0x00, 
	
	0x48, 0x8d, 0x7c, 0x24, 0x40, 
	0x4c, 0x89, 0xe2, 
	
	0x48, 0x83, 0xfa, 0x10, 
	0x0f, 0x82, 0x5a, 0x00, 0x00, 0x00, 
	0xc4, 0xc1, 0x7a, 0x6f, 0x2b, 
	0xc5, 0xfa, 0x7f, 0x2f, 
	0x49, 0x83, 0xc3, 0x10, 
	0x48, 0x83, 0xc7, 0x10, 
	0x48, 0x83, 0xc2, 0xf0, 
	0x48, 0x83, 0xfa, 0x08, 
	0x0f, 0x83, 0x45, 0x00, 0x00, 0x00, 
	
	0x48, 0x83, 0xfa, 0x04, 
	0x0f, 0x8c, 0x57, 0x00, 0x00, 0x00, 
	
	0x41, 0x8b, 0x0b, 
	0x89, 0x0f, 
	0x49, 0x83, 0xc3, 0x04, 
	0x48, 0x83, 0xc7, 0x04, 
	0x48, 0x83, 0xc2, 0xfc, 
	0x48, 0x83, 0xfa, 0x02, 
	0x0f, 0x83, 0x46, 0x00, 0x00, 0x00, 
	
	0x4c, 0x89, 0xde, 
	0x4c, 0x8d, 0x5c, 0x24, 0x40, 
	0x48, 0x85, 0xd2, 
	0x0f, 0x85, 0x59, 0x00, 0x00, 0x00, 
	0xe9, 0x05, 0xfe, 0xff, 0xff, 
	
	0x48, 0x83, 0xfa, 0x08, 
	0x0f, 0x82, 0xbb, 0xff, 0xff, 0xff, 
	
	0x49, 0x8b, 0x0b, 
	0x48, 0x89, 0x0f, 
	0x49, 0x83, 0xc3, 0x08, 
	0x48, 0x83, 0xc7, 0x08, 
	0x48, 0x83, 0xc2, 0xf8, 
	0x48, 0x83, 0xfa, 0x04, 
	0x0f, 0x8d, 0xa9, 0xff, 0xff, 0xff, 
	
	0x48, 0x83, 0xfa, 0x02, 
	0x0f, 0x82, 0xba, 0xff, 0xff, 0xff, 
	
	0x41, 0x0f, 0xb7, 0x0b, 
	0x66, 0x89, 0x0f, 
	0x49, 0x83, 0xc3, 0x02, 
	0x48, 0x83, 0xc7, 0x02, 
	0x48, 0x83, 0xc2, 0xfe, 
	0x4c, 0x89, 0xde, 
	0x4c, 0x8d, 0x5c, 0x24, 0x40, 
	0x48, 0x85, 0xd2, 
	0x0f, 0x84, 0xb1, 0xfd, 0xff, 0xff, 
	
	0x8a, 0x0e, 
	0x88, 0x0f, 
	0x4c, 0x8d, 0x5c, 0x24, 0x40, 
	0xe9, 0xa3, 0xfd, 0xff, 0xff, 
	
	0x49, 0x8b, 0x0f, 
	0x48, 0x0f, 0xbc, 0xd7, 
	0x4c, 0x29, 0xe2, 
	0x48, 0x01, 0xd1, 
	0x48, 0x83, 0xc1, 0x01, 
	0x48, 0x8b, 0x74, 0x24, 0x08, 
	0x48, 0x89, 0x0e, 
	0x49, 0x8b, 0x17, 
	0x48, 0x39, 0xd1, 
	0x48, 0x0f, 0x47, 0xca, 
	0x48, 0x89, 0x0e, 
	0x48, 0xc7, 0xc1, 0xff, 0xff, 0xff, 0xff, 
	0x48, 0x0f, 0x47, 0xc1, 
	0x49, 0x89, 0xc5, 
	0xe9, 0xfe, 0xf8, 0xff, 0xff, 
	
	0x41, 0x0f, 0xbc, 0xce, 
	0x48, 0x01, 0xc1, 
	0x4c, 0x01, 0xf9, 
	0x48, 0x83, 0xc1, 0x02, 
	0x48, 0x8b, 0x54, 0x24, 0x08, 
	0x48, 0x89, 0x0a, 
	0x49, 0x89, 0xc5, 
	0xe9, 0xe0, 0xf8, 0xff, 0xff, 
	
	0x49, 0x89, 0x10, 
	0xe9, 0xd8, 0xf8, 0xff, 0xff, 
	
	0x48, 0xc7, 0xc1, 0xfe, 0xff, 0xff, 0xff, 
	0xbe, 0x02, 0x00, 0x00, 0x00, 
	0x48, 0x01, 0xf2, 
	0x49, 0x01, 0xcf, 
	0x0f, 0x8e, 0xc0, 0xf8, 0xff, 0xff, 
	
	0x0f, 0xb6, 0x0a, 
	0x80, 0xf9, 0x5c, 
	0x0f, 0x84, 0xdc, 0xff, 0xff, 0xff, 
	0x80, 0xf9, 0x22, 
	0x0f, 0x84, 0xa7, 0x01, 0x00, 0x00, 
	0x48, 0xc7, 0xc1, 0xff, 0xff, 0xff, 0xff, 
	0xbe, 0x01, 0x00, 0x00, 0x00, 
	0x48, 0x01, 0xf2, 
	0x49, 0x01, 0xcf, 
	0x0f, 0x8f, 0xd3, 0xff, 0xff, 0xff, 
	0xe9, 0x8e, 0xf8, 0xff, 0xff, 
	
	0x4c, 0x89, 0x8c, 0x24, 0x98, 0x00, 0x00, 0x00, 
	
	0x48, 0x8b, 0x84, 0x24, 0x98, 0x00, 0x00, 0x00, 
	
	0x49, 0x89, 0x00, 
	0x49, 0xc7, 0xc5, 0xff, 0xff, 0xff, 0xff, 
	0xe9, 0x6f, 0xf8, 0xff, 0xff, 
	
	0x66, 0x0f, 0xbc, 0xc9, 
	0x0f, 0xb7, 0xc9, 
	0x48, 0x29, 0xf1, 
	0xe9, 0x35, 0xf8, 0xff, 0xff, 
	
	0x48, 0xc7, 0xc1, 0xff, 0xff, 0xff, 0xff, 
	0xe9, 0x0c, 0x01, 0x00, 0x00, 
	
	0x49, 0xc7, 0xc5, 0xfe, 0xff, 0xff, 0xff, 
	0x80, 0xfa, 0x61, 
	0x0f, 0x85, 0x44, 0xf8, 0xff, 0xff, 
	0x48, 0x8d, 0x41, 0x01, 
	0x49, 0x89, 0x00, 
	0x41, 0x80, 0x7c, 0x0f, 0x01, 0x6c, 
	0x0f, 0x85, 0x31, 0xf8, 0xff, 0xff, 
	0x48, 0x8d, 0x41, 0x02, 
	0x49, 0x89, 0x00, 
	0x41, 0x80, 0x7c, 0x0f, 0x02, 0x73, 
	0x0f, 0x85, 0x1e, 0xf8, 0xff, 0xff, 
	0x48, 0x8d, 0x41, 0x03, 
	0x49, 0x89, 0x00, 
	0x41, 0x80, 0x7c, 0x0f, 0x03, 0x65, 
	0x0f, 0x85, 0x0b, 0xf8, 0xff, 0xff, 
	0x48, 0x83, 0xc1, 0x04, 
	0x48, 0x8b, 0x44, 0x24, 0x08, 
	0x48, 0x89, 0x08, 
	0xe9, 0xfa, 0xf7, 0xff, 0xff, 
	
	0x4d, 0x89, 0x28, 
	0x43, 0x80, 0x3c, 0x2f, 0x6e, 
	0x0f, 0x85, 0xe5, 0xf7, 0xff, 0xff, 
	0x49, 0x89, 0x08, 
	0x41, 0x80, 0x3c, 0x0f, 0x75, 
	0x0f, 0x85, 0xd7, 0xf7, 0xff, 0xff, 
	0x48, 0x8d, 0x41, 0x01, 
	0x49, 0x89, 0x00, 
	0x41, 0x80, 0x7c, 0x0f, 0x01, 0x6c, 
	0x0f, 0x85, 0xc4, 0xf7, 0xff, 0xff, 
	0x48, 0x8d, 0x41, 0x02, 
	0x49, 0x89, 0x00, 
	0x41, 0x80, 0x7c, 0x0f, 0x02, 0x6c, 
	0x0f, 0x85, 0xb1, 0xf7, 0xff, 0xff, 
	0xe9, 0x42, 0x00, 0x00, 0x00, 
	
	0x4d, 0x89, 0x28, 
	0x43, 0x80, 0x3c, 0x2f, 0x74, 
	0x0f, 0x85, 0x9e, 0xf7, 0xff, 0xff, 
	0x49, 0x89, 0x08, 
	0x41, 0x80, 0x3c, 0x0f, 0x72, 
	0x0f, 0x85, 0x90, 0xf7, 0xff, 0xff, 
	0x48, 0x8d, 0x41, 0x01, 
	0x49, 0x89, 0x00, 
	0x41, 0x80, 0x7c, 0x0f, 0x01, 0x75, 
	0x0f, 0x85, 0x7d, 0xf7, 0xff, 0xff, 
	0x48, 0x8d, 0x41, 0x02, 
	0x49, 0x89, 0x00, 
	0x41, 0x80, 0x7c, 0x0f, 0x02, 0x65, 
	0x0f, 0x85, 0x6a, 0xf7, 0xff, 0xff, 
	
	0x48, 0x83, 0xc1, 0x03, 
	0x48, 0x8b, 0x44, 0x24, 0x08, 
	0x48, 0x89, 0x08, 
	0xe9, 0x59, 0xf7, 0xff, 0xff, 
	
	0x48, 0x83, 0xc1, 0xff, 
	0x49, 0x89, 0xcd, 
	0xe9, 0x54, 0xf7, 0xff, 0xff, 
	
	0x49, 0x83, 0xc5, 0xff, 
	0xe9, 0x4b, 0xf7, 0xff, 0xff, 
	
	0x4c, 0x89, 0xc9, 
	
	0x48, 0xf7, 0xd1, 
	0x48, 0x8b, 0x44, 0x24, 0x08, 
	0x48, 0x01, 0x08, 
	0xe9, 0x31, 0xf7, 0xff, 0xff, 
	
	0x4d, 0x89, 0xcb, 
	0xe9, 0x5b, 0xf7, 0xff, 0xff, 
	
	0x4c, 0x29, 0xd8, 
	0x48, 0x01, 0xf0, 
	0x4c, 0x8b, 0x44, 0x24, 0x08, 
	0x49, 0xc7, 0xc5, 0xff, 0xff, 0xff, 0xff, 
	0x48, 0x39, 0xd8, 
	0x0f, 0x82, 0x86, 0xf5, 0xff, 0xff, 
	0xe9, 0x10, 0xf7, 0xff, 0xff, 
	
	0x49, 0xc7, 0xc5, 0xfe, 0xff, 0xff, 0xff, 
	0xe9, 0x3a, 0x00, 0x00, 0x00, 
	
	0x4c, 0x29, 0xda, 
	0x48, 0x83, 0xc2, 0x01, 
	0x48, 0x89, 0x17, 
	0x49, 0x89, 0xc5, 
	0xe9, 0xf2, 0xf6, 0xff, 0xff, 
	
	0x4c, 0x01, 0xd8, 
	0x48, 0x85, 0xd2, 
	0x0f, 0x85, 0x09, 0xda, 0xff, 0xff, 
	0xe9, 0x40, 0xda, 0xff, 0xff, 
	
	0x49, 0x83, 0xc3, 0x01, 
	0x49, 0xc7, 0xc5, 0xfd, 0xff, 0xff, 0xff, 
	0xe9, 0x04, 0x00, 0x00, 0x00, 
	
	0x49, 0x83, 0xc3, 0x01, 
	
	0x4d, 0x89, 0xda, 
	
	0x4d, 0x29, 0xe2, 
	0x48, 0x8b, 0x44, 0x24, 0x08, 
	0x4c, 0x89, 0x10, 
	0xe9, 0xba, 0xf6, 0xff, 0xff, 
	
	0x4c, 0x01, 0xda, 
	0x48, 0x83, 0xff, 0x10, 
	0x0f, 0x83, 0xda, 0xf5, 0xff, 0xff, 
	0xe9, 0x29, 0xf6, 0xff, 0xff, 
	
	0x4c, 0x29, 0xda, 
	0x48, 0x01, 0xf2, 
	
	0x48, 0x8b, 0x4c, 0x24, 0x08, 
	0x48, 0x89, 0x11, 
	0x49, 0x89, 0xc5, 
	0xe9, 0x92, 0xf6, 0xff, 0xff, 
	
	0x4c, 0x01, 0xda, 
	0xe9, 0xdf, 0xf7, 0xff, 0xff, 
	
	0x49, 0x8b, 0x07, 
	0x48, 0x8b, 0x4c, 0x24, 0x08, 
	0x48, 0x89, 0x01, 
	0xe9, 0x7a, 0xf6, 0xff, 0xff, 
	
	0x4c, 0x8b, 0x44, 0x24, 0x08, 
	0xe9, 0xea, 0xfd, 0xff, 0xff, 
	
	0x49, 0x8d, 0x48, 0xff, 
	0x4c, 0x39, 0xf9, 
	0x0f, 0x84, 0x63, 0xf6, 0xff, 0xff, 
	0x4b, 0x8d, 0x14, 0x0f, 
	0x48, 0x83, 0xc2, 0x02, 
	0x4d, 0x29, 0xf8, 
	0x49, 0x83, 0xc0, 0xfe, 
	0x4d, 0x89, 0xc7, 
	0xe9, 0xa1, 0xf7, 0xff, 0xff, 
	0x90, 0x90, 0x90, 
	
	
	
	
	
	
	
	
	
	0x7a, 0xce, 0xff, 0xff, 
	0x74, 0xce, 0xff, 0xff, 
	0x74, 0xce, 0xff, 0xff, 
	0x74, 0xce, 0xff, 0xff, 
	0x74, 0xce, 0xff, 0xff, 
	0x74, 0xce, 0xff, 0xff, 
	0x74, 0xce, 0xff, 0xff, 
	0x74, 0xce, 0xff, 0xff, 
	0x74, 0xce, 0xff, 0xff, 
	0x74, 0xce, 0xff, 0xff, 
	0x74, 0xce, 0xff, 0xff, 
	0x74, 0xce, 0xff, 0xff, 
	0x74, 0xce, 0xff, 0xff, 
	0x74, 0xce, 0xff, 0xff, 
	0x74, 0xce, 0xff, 0xff, 
	0x74, 0xce, 0xff, 0xff, 
	0x74, 0xce, 0xff, 0xff, 
	0x74, 0xce, 0xff, 0xff, 
	0x74, 0xce, 0xff, 0xff, 
	0x74, 0xce, 0xff, 0xff, 
	0x74, 0xce, 0xff, 0xff, 
	0x74, 0xce, 0xff, 0xff, 
	0x74, 0xce, 0xff, 0xff, 
	0x74, 0xce, 0xff, 0xff, 
	0x74, 0xce, 0xff, 0xff, 
	0x74, 0xce, 0xff, 0xff, 
	0x74, 0xce, 0xff, 0xff, 
	0x74, 0xce, 0xff, 0xff, 
	0x74, 0xce, 0xff, 0xff, 
	0x74, 0xce, 0xff, 0xff, 
	0x74, 0xce, 0xff, 0xff, 
	0x74, 0xce, 0xff, 0xff, 
	0x74, 0xce, 0xff, 0xff, 
	0x74, 0xce, 0xff, 0xff, 
	0x66, 0xcd, 0xff, 0xff, 
	0x74, 0xce, 0xff, 0xff, 
	0x74, 0xce, 0xff, 0xff, 
	0x74, 0xce, 0xff, 0xff, 
	0x74, 0xce, 0xff, 0xff, 
	0x74, 0xce, 0xff, 0xff, 
	0x74, 0xce, 0xff, 0xff, 
	0x74, 0xce, 0xff, 0xff, 
	0x74, 0xce, 0xff, 0xff, 
	0x74, 0xce, 0xff, 0xff, 
	0x74, 0xce, 0xff, 0xff, 
	0x2a, 0xcc, 0xff, 0xff, 
	0x74, 0xce, 0xff, 0xff, 
	0x74, 0xce, 0xff, 0xff, 
	0x2a, 0xcc, 0xff, 0xff, 
	0x2a, 0xcc, 0xff, 0xff, 
	0x2a, 0xcc, 0xff, 0xff, 
	0x2a, 0xcc, 0xff, 0xff, 
	0x2a, 0xcc, 0xff, 0xff, 
	0x2a, 0xcc, 0xff, 0xff, 
	0x2a, 0xcc, 0xff, 0xff, 
	0x2a, 0xcc, 0xff, 0xff, 
	0x2a, 0xcc, 0xff, 0xff, 
	0x2a, 0xcc, 0xff, 0xff, 
	0x74, 0xce, 0xff, 0xff, 
	0x74, 0xce, 0xff, 0xff, 
	0x74, 0xce, 0xff, 0xff, 
	0x74, 0xce, 0xff, 0xff, 
	0x74, 0xce, 0xff, 0xff, 
	0x74, 0xce, 0xff, 0xff, 
	0x74, 0xce, 0xff, 0xff, 
	0x74, 0xce, 0xff, 0xff, 
	0x74, 0xce, 0xff, 0xff, 
	0x74, 0xce, 0xff, 0xff, 
	0x74, 0xce, 0xff, 0xff, 
	0x74, 0xce, 0xff, 0xff, 
	0x74, 0xce, 0xff, 0xff, 
	0x74, 0xce, 0xff, 0xff, 
	0x74, 0xce, 0xff, 0xff, 
	0x74, 0xce, 0xff, 0xff, 
	0x74, 0xce, 0xff, 0xff, 
	0x74, 0xce, 0xff, 0xff, 
	0x74, 0xce, 0xff, 0xff, 
	0x74, 0xce, 0xff, 0xff, 
	0x74, 0xce, 0xff, 0xff, 
	0x74, 0xce, 0xff, 0xff, 
	0x74, 0xce, 0xff, 0xff, 
	0x74, 0xce, 0xff, 0xff, 
	0x74, 0xce, 0xff, 0xff, 
	0x74, 0xce, 0xff, 0xff, 
	0x74, 0xce, 0xff, 0xff, 
	0x74, 0xce, 0xff, 0xff, 
	0x74, 0xce, 0xff, 0xff, 
	0x74, 0xce, 0xff, 0xff, 
	0x74, 0xce, 0xff, 0xff, 
	0x74, 0xce, 0xff, 0xff, 
	0x74, 0xce, 0xff, 0xff, 
	0xeb, 0xd2, 0xff, 0xff, 
	0x74, 0xce, 0xff, 0xff, 
	0x74, 0xce, 0xff, 0xff, 
	0x74, 0xce, 0xff, 0xff, 
	0x74, 0xce, 0xff, 0xff, 
	0x74, 0xce, 0xff, 0xff, 
	0x74, 0xce, 0xff, 0xff, 
	0x74, 0xce, 0xff, 0xff, 
	0x74, 0xce, 0xff, 0xff, 
	0x74, 0xce, 0xff, 0xff, 
	0x74, 0xce, 0xff, 0xff, 
	0x57, 0xce, 0xff, 0xff, 
	0x74, 0xce, 0xff, 0xff, 
	0x74, 0xce, 0xff, 0xff, 
	0x74, 0xce, 0xff, 0xff, 
	0x74, 0xce, 0xff, 0xff, 
	0x74, 0xce, 0xff, 0xff, 
	0x74, 0xce, 0xff, 0xff, 
	0x74, 0xce, 0xff, 0xff, 
	0x53, 0xcd, 0xff, 0xff, 
	0x74, 0xce, 0xff, 0xff, 
	0x74, 0xce, 0xff, 0xff, 
	0x74, 0xce, 0xff, 0xff, 
	0x74, 0xce, 0xff, 0xff, 
	0x74, 0xce, 0xff, 0xff, 
	0x53, 0xcd, 0xff, 0xff, 
	0x74, 0xce, 0xff, 0xff, 
	0x74, 0xce, 0xff, 0xff, 
	0x74, 0xce, 0xff, 0xff, 
	0x74, 0xce, 0xff, 0xff, 
	0x74, 0xce, 0xff, 0xff, 
	0x74, 0xce, 0xff, 0xff, 
	0x4e, 0xd0, 0xff, 0xff, 
	
	
	
	
	
	
	
	
	
	0xfa, 0xba, 0xff, 0xff, 
	0xf4, 0xba, 0xff, 0xff, 
	0xf4, 0xba, 0xff, 0xff, 
	0xf4, 0xba, 0xff, 0xff, 
	0xf4, 0xba, 0xff, 0xff, 
	0xf4, 0xba, 0xff, 0xff, 
	0xf4, 0xba, 0xff, 0xff, 
	0xf4, 0xba, 0xff, 0xff, 
	0xf4, 0xba, 0xff, 0xff, 
	0xf4, 0xba, 0xff, 0xff, 
	0xf4, 0xba, 0xff, 0xff, 
	0xf4, 0xba, 0xff, 0xff, 
	0xf4, 0xba, 0xff, 0xff, 
	0xf4, 0xba, 0xff, 0xff, 
	0xf4, 0xba, 0xff, 0xff, 
	0xf4, 0xba, 0xff, 0xff, 
	0xf4, 0xba, 0xff, 0xff, 
	0xf4, 0xba, 0xff, 0xff, 
	0xf4, 0xba, 0xff, 0xff, 
	0xf4, 0xba, 0xff, 0xff, 
	0xf4, 0xba, 0xff, 0xff, 
	0xf4, 0xba, 0xff, 0xff, 
	0xf4, 0xba, 0xff, 0xff, 
	0xf4, 0xba, 0xff, 0xff, 
	0xf4, 0xba, 0xff, 0xff, 
	0xf4, 0xba, 0xff, 0xff, 
	0xf4, 0xba, 0xff, 0xff, 
	0xf4, 0xba, 0xff, 0xff, 
	0xf4, 0xba, 0xff, 0xff, 
	0xf4, 0xba, 0xff, 0xff, 
	0xf4, 0xba, 0xff, 0xff, 
	0xf4, 0xba, 0xff, 0xff, 
	0xf4, 0xba, 0xff, 0xff, 
	0xf4, 0xba, 0xff, 0xff, 
	0x56, 0xb7, 0xff, 0xff, 
	0xf4, 0xba, 0xff, 0xff, 
	0xf4, 0xba, 0xff, 0xff, 
	0xf4, 0xba, 0xff, 0xff, 
	0xf4, 0xba, 0xff, 0xff, 
	0xf4, 0xba, 0xff, 0xff, 
	0xf4, 0xba, 0xff, 0xff, 
	0xf4, 0xba, 0xff, 0xff, 
	0xf4, 0xba, 0xff, 0xff, 
	0xf4, 0xba, 0xff, 0xff, 
	0xf4, 0xba, 0xff, 0xff, 
	0x2a, 0xb6, 0xff, 0xff, 
	0xf4, 0xba, 0xff, 0xff, 
	0xf4, 0xba, 0xff, 0xff, 
	0x2a, 0xb6, 0xff, 0xff, 
	0x2a, 0xb6, 0xff, 0xff, 
	0x2a, 0xb6, 0xff, 0xff, 
	0x2a, 0xb6, 0xff, 0xff, 
	0x2a, 0xb6, 0xff, 0xff, 
	0x2a, 0xb6, 0xff, 0xff, 
	0x2a, 0xb6, 0xff, 0xff, 
	0x2a, 0xb6, 0xff, 0xff, 
	0x2a, 0xb6, 0xff, 0xff, 
	0x2a, 0xb6, 0xff, 0xff, 
	0xf4, 0xba, 0xff, 0xff, 
	0xf4, 0xba, 0xff, 0xff, 
	0xf4, 0xba, 0xff, 0xff, 
	0xf4, 0xba, 0xff, 0xff, 
	0xf4, 0xba, 0xff, 0xff, 
	0xf4, 0xba, 0xff, 0xff, 
	0xf4, 0xba, 0xff, 0xff, 
	0xf4, 0xba, 0xff, 0xff, 
	0xf4, 0xba, 0xff, 0xff, 
	0xf4, 0xba, 0xff, 0xff, 
	0xf4, 0xba, 0xff, 0xff, 
	0xf4, 0xba, 0xff, 0xff, 
	0xf4, 0xba, 0xff, 0xff, 
	0xf4, 0xba, 0xff, 0xff, 
	0xf4, 0xba, 0xff, 0xff, 
	0xf4, 0xba, 0xff, 0xff, 
	0xf4, 0xba, 0xff, 0xff, 
	0xf4, 0xba, 0xff, 0xff, 
	0xf4, 0xba, 0xff, 0xff, 
	0xf4, 0xba, 0xff, 0xff, 
	0xf4, 0xba, 0xff, 0xff, 
	0xf4, 0xba, 0xff, 0xff, 
	0xf4, 0xba, 0xff, 0xff, 
	0xf4, 0xba, 0xff, 0xff, 
	0xf4, 0xba, 0xff, 0xff, 
	0xf4, 0xba, 0xff, 0xff, 
	0xf4, 0xba, 0xff, 0xff, 
	0xf4, 0xba, 0xff, 0xff, 
	0xf4, 0xba, 0xff, 0xff, 
	0xf4, 0xba, 0xff, 0xff, 
	0xf4, 0xba, 0xff, 0xff, 
	0xf4, 0xba, 0xff, 0xff, 
	0xf4, 0xba, 0xff, 0xff, 
	0x47, 0xb8, 0xff, 0xff, 
	0xf4, 0xba, 0xff, 0xff, 
	0xf4, 0xba, 0xff, 0xff, 
	0xf4, 0xba, 0xff, 0xff, 
	0xf4, 0xba, 0xff, 0xff, 
	0xf4, 0xba, 0xff, 0xff, 
	0xf4, 0xba, 0xff, 0xff, 
	0xf4, 0xba, 0xff, 0xff, 
	0xf4, 0xba, 0xff, 0xff, 
	0xf4, 0xba, 0xff, 0xff, 
	0xf4, 0xba, 0xff, 0xff, 
	0xd9, 0xba, 0xff, 0xff, 
	0xf4, 0xba, 0xff, 0xff, 
	0xf4, 0xba, 0xff, 0xff, 
	0xf4, 0xba, 0xff, 0xff, 
	0xf4, 0xba, 0xff, 0xff, 
	0xf4, 0xba, 0xff, 0xff, 
	0xf4, 0xba, 0xff, 0xff, 
	0xf4, 0xba, 0xff, 0xff, 
	0x43, 0xb7, 0xff, 0xff, 
	0xf4, 0xba, 0xff, 0xff, 
	0xf4, 0xba, 0xff, 0xff, 
	0xf4, 0xba, 0xff, 0xff, 
	0xf4, 0xba, 0xff, 0xff, 
	0xf4, 0xba, 0xff, 0xff, 
	0x43, 0xb7, 0xff, 0xff, 
	0xf4, 0xba, 0xff, 0xff, 
	0xf4, 0xba, 0xff, 0xff, 
	0xf4, 0xba, 0xff, 0xff, 
	0xf4, 0xba, 0xff, 0xff, 
	0xf4, 0xba, 0xff, 0xff, 
	0xf4, 0xba, 0xff, 0xff, 
	0xad, 0xbc, 0xff, 0xff, 
	
	
	
	
	
	
	
	0xaa, 0xd8, 0xff, 0xff, 
	0xd3, 0xd8, 0xff, 0xff, 
	0xff, 0xd8, 0xff, 0xff, 
	0x5f, 0xda, 0xff, 0xff, 
	0x76, 0xda, 0xff, 0xff, 
	0x90, 0xde, 0xff, 0xff, 
	
	
	
	
	
	
	
	
	
	
	
	0x51, 0xf2, 0xff, 0xff, 
	0x4a, 0xf2, 0xff, 0xff, 
	0x4a, 0xf2, 0xff, 0xff, 
	0x4a, 0xf2, 0xff, 0xff, 
	0x4a, 0xf2, 0xff, 0xff, 
	0x4a, 0xf2, 0xff, 0xff, 
	0x4a, 0xf2, 0xff, 0xff, 
	0x4a, 0xf2, 0xff, 0xff, 
	0x4a, 0xf2, 0xff, 0xff, 
	0x4a, 0xf2, 0xff, 0xff, 
	0x4a, 0xf2, 0xff, 0xff, 
	0x4a, 0xf2, 0xff, 0xff, 
	0x4a, 0xf2, 0xff, 0xff, 
	0x4a, 0xf2, 0xff, 0xff, 
	0x4a, 0xf2, 0xff, 0xff, 
	0x4a, 0xf2, 0xff, 0xff, 
	0x4a, 0xf2, 0xff, 0xff, 
	0x4a, 0xf2, 0xff, 0xff, 
	0x4a, 0xf2, 0xff, 0xff, 
	0x4a, 0xf2, 0xff, 0xff, 
	0x4a, 0xf2, 0xff, 0xff, 
	0x4a, 0xf2, 0xff, 0xff, 
	0x4a, 0xf2, 0xff, 0xff, 
	0x4a, 0xf2, 0xff, 0xff, 
	0x4a, 0xf2, 0xff, 0xff, 
	0x4a, 0xf2, 0xff, 0xff, 
	0x4a, 0xf2, 0xff, 0xff, 
	0x4a, 0xf2, 0xff, 0xff, 
	0x4a, 0xf2, 0xff, 0xff, 
	0x4a, 0xf2, 0xff, 0xff, 
	0x4a, 0xf2, 0xff, 0xff, 
	0x4a, 0xf2, 0xff, 0xff, 
	0x4a, 0xf2, 0xff, 0xff, 
	0x4a, 0xf2, 0xff, 0xff, 
	0x6c, 0xe1, 0xff, 0xff, 
	0x4a, 0xf2, 0xff, 0xff, 
	0x4a, 0xf2, 0xff, 0xff, 
	0x4a, 0xf2, 0xff, 0xff, 
	0x4a, 0xf2, 0xff, 0xff, 
	0x4a, 0xf2, 0xff, 0xff, 
	0x4a, 0xf2, 0xff, 0xff, 
	0x4a, 0xf2, 0xff, 0xff, 
	0x4a, 0xf2, 0xff, 0xff, 
	0x4a, 0xf2, 0xff, 0xff, 
	0x4a, 0xf2, 0xff, 0xff, 
	0xa1, 0xe2, 0xff, 0xff, 
	0x4a, 0xf2, 0xff, 0xff, 
	0x4a, 0xf2, 0xff, 0xff, 
	0x8b, 0xda, 0xff, 0xff, 
	0x8b, 0xda, 0xff, 0xff, 
	0x8b, 0xda, 0xff, 0xff, 
	0x8b, 0xda, 0xff, 0xff, 
	0x8b, 0xda, 0xff, 0xff, 
	0x8b, 0xda, 0xff, 0xff, 
	0x8b, 0xda, 0xff, 0xff, 
	0x8b, 0xda, 0xff, 0xff, 
	0x8b, 0xda, 0xff, 0xff, 
	0x8b, 0xda, 0xff, 0xff, 
	0x4a, 0xf2, 0xff, 0xff, 
	0x4a, 0xf2, 0xff, 0xff, 
	0x4a, 0xf2, 0xff, 0xff, 
	0x4a, 0xf2, 0xff, 0xff, 
	0x4a, 0xf2, 0xff, 0xff, 
	0x4a, 0xf2, 0xff, 0xff, 
	0x4a, 0xf2, 0xff, 0xff, 
	0x4a, 0xf2, 0xff, 0xff, 
	0x4a, 0xf2, 0xff, 0xff, 
	0x4a, 0xf2, 0xff, 0xff, 
	0x4a, 0xf2, 0xff, 0xff, 
	0x4a, 0xf2, 0xff, 0xff, 
	0x4a, 0xf2, 0xff, 0xff, 
	0x4a, 0xf2, 0xff, 0xff, 
	0x4a, 0xf2, 0xff, 0xff, 
	0x4a, 0xf2, 0xff, 0xff, 
	0x4a, 0xf2, 0xff, 0xff, 
	0x4a, 0xf2, 0xff, 0xff, 
	0x4a, 0xf2, 0xff, 0xff, 
	0x4a, 0xf2, 0xff, 0xff, 
	0x4a, 0xf2, 0xff, 0xff, 
	0x4a, 0xf2, 0xff, 0xff, 
	0x4a, 0xf2, 0xff, 0xff, 
	0x4a, 0xf2, 0xff, 0xff, 
	0x4a, 0xf2, 0xff, 0xff, 
	0x4a, 0xf2, 0xff, 0xff, 
	0x4a, 0xf2, 0xff, 0xff, 
	0x4a, 0xf2, 0xff, 0xff, 
	0x4a, 0xf2, 0xff, 0xff, 
	0x4a, 0xf2, 0xff, 0xff, 
	0x4a, 0xf2, 0xff, 0xff, 
	0x4a, 0xf2, 0xff, 0xff, 
	0x4a, 0xf2, 0xff, 0xff, 
	0xdf, 0xe2, 0xff, 0xff, 
	0x4a, 0xf2, 0xff, 0xff, 
	0x4a, 0xf2, 0xff, 0xff, 
	0x4a, 0xf2, 0xff, 0xff, 
	0x4a, 0xf2, 0xff, 0xff, 
	0x4a, 0xf2, 0xff, 0xff, 
	0x4a, 0xf2, 0xff, 0xff, 
	0x4a, 0xf2, 0xff, 0xff, 
	0x4a, 0xf2, 0xff, 0xff, 
	0x4a, 0xf2, 0xff, 0xff, 
	0x4a, 0xf2, 0xff, 0xff, 
	0x06, 0xe3, 0xff, 0xff, 
	0x4a, 0xf2, 0xff, 0xff, 
	0x4a, 0xf2, 0xff, 0xff, 
	0x4a, 0xf2, 0xff, 0xff, 
	0x4a, 0xf2, 0xff, 0xff, 
	0x4a, 0xf2, 0xff, 0xff, 
	0x4a, 0xf2, 0xff, 0xff, 
	0x4a, 0xf2, 0xff, 0xff, 
	0x43, 0xe3, 0xff, 0xff, 
	0x4a, 0xf2, 0xff, 0xff, 
	0x4a, 0xf2, 0xff, 0xff, 
	0x4a, 0xf2, 0xff, 0xff, 
	0x4a, 0xf2, 0xff, 0xff, 
	0x4a, 0xf2, 0xff, 0xff, 
	0x73, 0xe3, 0xff, 0xff, 
	0x4a, 0xf2, 0xff, 0xff, 
	0x4a, 0xf2, 0xff, 0xff, 
	0x4a, 0xf2, 0xff, 0xff, 
	0x4a, 0xf2, 0xff, 0xff, 
	0x4a, 0xf2, 0xff, 0xff, 
	0x4a, 0xf2, 0xff, 0xff, 
	0xb3, 0xe3, 0xff, 0xff, 
	
	
	
	
	
	0xd8, 0xe4, 0xff, 0xff, 
	0x26, 0xe6, 0xff, 0xff, 
	0xd8, 0xe4, 0xff, 0xff, 
	0x26, 0xe5, 0xff, 0xff, 
	0x26, 0xe6, 0xff, 0xff, 
	0x26, 0xe6, 0xff, 0xff, 
	0x26, 0xe6, 0xff, 0xff, 
	0x26, 0xe6, 0xff, 0xff, 
	0x26, 0xe6, 0xff, 0xff, 
	0x26, 0xe6, 0xff, 0xff, 
	0x26, 0xe6, 0xff, 0xff, 
	0x26, 0xe6, 0xff, 0xff, 
	0x26, 0xe6, 0xff, 0xff, 
	0x26, 0xe6, 0xff, 0xff, 
	0x26, 0xe6, 0xff, 0xff, 
	0x26, 0xe6, 0xff, 0xff, 
	0x26, 0xe6, 0xff, 0xff, 
	0x26, 0xe6, 0xff, 0xff, 
	0x26, 0xe6, 0xff, 0xff, 
	0x26, 0xe6, 0xff, 0xff, 
	0x26, 0xe6, 0xff, 0xff, 
	0x26, 0xe6, 0xff, 0xff, 
	0x26, 0xe6, 0xff, 0xff, 
	0x26, 0xe6, 0xff, 0xff, 
	0x26, 0xe6, 0xff, 0xff, 
	0x26, 0xe6, 0xff, 0xff, 
	0x49, 0xe5, 0xff, 0xff, 
	
	
	
	
	
	0xd3, 0xdb, 0xff, 0xff, 
	0x0c, 0xde, 0xff, 0xff, 
	0xd3, 0xdb, 0xff, 0xff, 
	0x02, 0xdc, 0xff, 0xff, 
	0x0c, 0xde, 0xff, 0xff, 
	0x0c, 0xde, 0xff, 0xff, 
	0x0c, 0xde, 0xff, 0xff, 
	0x0c, 0xde, 0xff, 0xff, 
	0x0c, 0xde, 0xff, 0xff, 
	0x0c, 0xde, 0xff, 0xff, 
	0x0c, 0xde, 0xff, 0xff, 
	0x0c, 0xde, 0xff, 0xff, 
	0x0c, 0xde, 0xff, 0xff, 
	0x0c, 0xde, 0xff, 0xff, 
	0x0c, 0xde, 0xff, 0xff, 
	0x0c, 0xde, 0xff, 0xff, 
	0x0c, 0xde, 0xff, 0xff, 
	0x0c, 0xde, 0xff, 0xff, 
	0x0c, 0xde, 0xff, 0xff, 
	0x0c, 0xde, 0xff, 0xff, 
	0x0c, 0xde, 0xff, 0xff, 
	0x0c, 0xde, 0xff, 0xff, 
	0x0c, 0xde, 0xff, 0xff, 
	0x0c, 0xde, 0xff, 0xff, 
	0x0c, 0xde, 0xff, 0xff, 
	0x0c, 0xde, 0xff, 0xff, 
	0xef, 0xdb, 0xff, 0xff, 
	
	
	
	
	
	
	
	
	
	0x89, 0xef, 0xff, 0xff, 
	0x06, 0xf0, 0xff, 0xff, 
	0x06, 0xf0, 0xff, 0xff, 
	0x06, 0xf0, 0xff, 0xff, 
	0x06, 0xf0, 0xff, 0xff, 
	0x06, 0xf0, 0xff, 0xff, 
	0x06, 0xf0, 0xff, 0xff, 
	0x06, 0xf0, 0xff, 0xff, 
	0x06, 0xf0, 0xff, 0xff, 
	0x06, 0xf0, 0xff, 0xff, 
	0x06, 0xf0, 0xff, 0xff, 
	0x06, 0xf0, 0xff, 0xff, 
	0x06, 0xf0, 0xff, 0xff, 
	0x06, 0xf0, 0xff, 0xff, 
	0x06, 0xf0, 0xff, 0xff, 
	0x06, 0xf0, 0xff, 0xff, 
	0x06, 0xf0, 0xff, 0xff, 
	0x06, 0xf0, 0xff, 0xff, 
	0x06, 0xf0, 0xff, 0xff, 
	0x06, 0xf0, 0xff, 0xff, 
	0x06, 0xf0, 0xff, 0xff, 
	0x06, 0xf0, 0xff, 0xff, 
	0x06, 0xf0, 0xff, 0xff, 
	0x06, 0xf0, 0xff, 0xff, 
	0x06, 0xf0, 0xff, 0xff, 
	0x06, 0xf0, 0xff, 0xff, 
	0x06, 0xf0, 0xff, 0xff, 
	0x06, 0xf0, 0xff, 0xff, 
	0x06, 0xf0, 0xff, 0xff, 
	0x06, 0xf0, 0xff, 0xff, 
	0x06, 0xf0, 0xff, 0xff, 
	0x06, 0xf0, 0xff, 0xff, 
	0x06, 0xf0, 0xff, 0xff, 
	0x06, 0xf0, 0xff, 0xff, 
	0x0e, 0xf0, 0xff, 0xff, 
	0x06, 0xf0, 0xff, 0xff, 
	0x06, 0xf0, 0xff, 0xff, 
	0x06, 0xf0, 0xff, 0xff, 
	0x06, 0xf0, 0xff, 0xff, 
	0x06, 0xf0, 0xff, 0xff, 
	0x06, 0xf0, 0xff, 0xff, 
	0x06, 0xf0, 0xff, 0xff, 
	0x06, 0xf0, 0xff, 0xff, 
	0x06, 0xf0, 0xff, 0xff, 
	0x06, 0xf0, 0xff, 0xff, 
	0x26, 0xee, 0xff, 0xff, 
	0x06, 0xf0, 0xff, 0xff, 
	0x06, 0xf0, 0xff, 0xff, 
	0x26, 0xee, 0xff, 0xff, 
	0x26, 0xee, 0xff, 0xff, 
	0x26, 0xee, 0xff, 0xff, 
	0x26, 0xee, 0xff, 0xff, 
	0x26, 0xee, 0xff, 0xff, 
	0x26, 0xee, 0xff, 0xff, 
	0x26, 0xee, 0xff, 0xff, 
	0x26, 0xee, 0xff, 0xff, 
	0x26, 0xee, 0xff, 0xff, 
	0x26, 0xee, 0xff, 0xff, 
	0x06, 0xf0, 0xff, 0xff, 
	0x06, 0xf0, 0xff, 0xff, 
	0x06, 0xf0, 0xff, 0xff, 
	0x06, 0xf0, 0xff, 0xff, 
	0x06, 0xf0, 0xff, 0xff, 
	0x06, 0xf0, 0xff, 0xff, 
	0x06, 0xf0, 0xff, 0xff, 
	0x06, 0xf0, 0xff, 0xff, 
	0x06, 0xf0, 0xff, 0xff, 
	0x06, 0xf0, 0xff, 0xff, 
	0x06, 0xf0, 0xff, 0xff, 
	0x06, 0xf0, 0xff, 0xff, 
	0x06, 0xf0, 0xff, 0xff, 
	0x06, 0xf0, 0xff, 0xff, 
	0x06, 0xf0, 0xff, 0xff, 
	0x06, 0xf0, 0xff, 0xff, 
	0x06, 0xf0, 0xff, 0xff, 
	0x06, 0xf0, 0xff, 0xff, 
	0x06, 0xf0, 0xff, 0xff, 
	0x06, 0xf0, 0xff, 0xff, 
	0x06, 0xf0, 0xff, 0xff, 
	0x06, 0xf0, 0xff, 0xff, 
	0x06, 0xf0, 0xff, 0xff, 
	0x06, 0xf0, 0xff, 0xff, 
	0x06, 0xf0, 0xff, 0xff, 
	0x06, 0xf0, 0xff, 0xff, 
	0x06, 0xf0, 0xff, 0xff, 
	0x06, 0xf0, 0xff, 0xff, 
	0x06, 0xf0, 0xff, 0xff, 
	0x06, 0xf0, 0xff, 0xff, 
	0x06, 0xf0, 0xff, 0xff, 
	0x06, 0xf0, 0xff, 0xff, 
	0x06, 0xf0, 0xff, 0xff, 
	0xf8, 0xf0, 0xff, 0xff, 
	0x06, 0xf0, 0xff, 0xff, 
	0x06, 0xf0, 0xff, 0xff, 
	0x06, 0xf0, 0xff, 0xff, 
	0x06, 0xf0, 0xff, 0xff, 
	0x06, 0xf0, 0xff, 0xff, 
	0x06, 0xf0, 0xff, 0xff, 
	0x06, 0xf0, 0xff, 0xff, 
	0x06, 0xf0, 0xff, 0xff, 
	0x06, 0xf0, 0xff, 0xff, 
	0x06, 0xf0, 0xff, 0xff, 
	0x9c, 0xf3, 0xff, 0xff, 
	0x06, 0xf0, 0xff, 0xff, 
	0x06, 0xf0, 0xff, 0xff, 
	0x06, 0xf0, 0xff, 0xff, 
	0x06, 0xf0, 0xff, 0xff, 
	0x06, 0xf0, 0xff, 0xff, 
	0x06, 0xf0, 0xff, 0xff, 
	0x06, 0xf0, 0xff, 0xff, 
	0xd7, 0xef, 0xff, 0xff, 
	0x06, 0xf0, 0xff, 0xff, 
	0x06, 0xf0, 0xff, 0xff, 
	0x06, 0xf0, 0xff, 0xff, 
	0x06, 0xf0, 0xff, 0xff, 
	0x06, 0xf0, 0xff, 0xff, 
	0xd7, 0xef, 0xff, 0xff, 
	0x06, 0xf0, 0xff, 0xff, 
	0x06, 0xf0, 0xff, 0xff, 
	0x06, 0xf0, 0xff, 0xff, 
	0x06, 0xf0, 0xff, 0xff, 
	0x06, 0xf0, 0xff, 0xff, 
	0x06, 0xf0, 0xff, 0xff, 
	0xae, 0xf3, 0xff, 0xff, 
	
	
	0x02, 0x00, 0x00, 0x00, 
	
	
	0x00, 0x00, 0x00, 0x00, 0x00, 0x00, 0x00, 0x00, 0x00, 0x00, 0x00, 0x00, 0x00, 0x00, 0x00, 0x00, 
	0x00, 0x00, 0x00, 0x00, 0x00, 0x00, 0x00, 0x00, 0x00, 0x00, 0x00, 0x00, 0x00, 0x00, 0x00, 0x00, 
	0x00, 0x00, 0x22, 0x00, 0x00, 0x00, 0x00, 0x00, 0x00, 0x00, 0x00, 0x00, 0x00, 0x00, 0x00, 0x2f, 
	0x00, 0x00, 0x00, 0x00, 0x00, 0x00, 0x00, 0x00, 0x00, 0x00, 0x00, 0x00, 0x00, 0x00, 0x00, 0x00, 
	0x00, 0x00, 0x00, 0x00, 0x00, 0x00, 0x00, 0x00, 0x00, 0x00, 0x00, 0x00, 0x00, 0x00, 0x00, 0x00, 
	0x00, 0x00, 0x00, 0x00, 0x00, 0x00, 0x00, 0x00, 0x00, 0x00, 0x00, 0x00, 0x5c, 0x00, 0x00, 0x00, 
	0x00, 0x00, 0x08, 0x00, 0x00, 0x00, 0x0c, 0x00, 0x00, 0x00, 0x00, 0x00, 0x00, 0x00, 0x0a, 0x00, 
	0x00, 0x00, 0x0d, 0x00, 0x09, 0xff, 
	0x00, 0x00, 0x00, 0x00, 0x00, 0x00, 0x00, 0x00, 0x00, 0x00, 0x00, 0x00, 0x00, 0x00, 0x00, 0x00, 
	0x00, 0x00, 0x00, 0x00, 0x00, 0x00, 0x00, 0x00, 0x00, 0x00, 0x00, 0x00, 0x00, 0x00, 0x00, 0x00, 
	0x00, 0x00, 0x00, 0x00, 0x00, 0x00, 0x00, 0x00, 0x00, 0x00, 0x00, 0x00, 0x00, 0x00, 0x00, 0x00, 
	0x00, 0x00, 0x00, 0x00, 0x00, 0x00, 0x00, 0x00, 0x00, 0x00, 0x00, 0x00, 0x00, 0x00, 0x00, 0x00, 
	0x00, 0x00, 0x00, 0x00, 0x00, 0x00, 0x00, 0x00, 0x00, 0x00, 0x00, 0x00, 0x00, 0x00, 0x00, 0x00, 
	0x00, 0x00, 0x00, 0x00, 0x00, 0x00, 0x00, 0x00, 0x00, 0x00, 0x00, 0x00, 0x00, 0x00, 0x00, 0x00, 
	0x00, 0x00, 0x00, 0x00, 0x00, 0x00, 0x00, 0x00, 0x00, 0x00, 0x00, 0x00, 0x00, 0x00, 0x00, 0x00, 
	0x00, 0x00, 0x00, 0x00, 0x00, 0x00, 0x00, 0x00, 0x00, 0x00, 0x00, 0x00, 0x00, 0x00, 0x00, 0x00, 
	0x00, 0x00, 0x00, 0x00, 0x00, 0x00, 0x00, 0x00, 0x00, 0x00, 
}
 
