// +build amd64


package avx2

var _text_skip_one = []byte{
	
	
	0x20, 
	0x00, 
	0x00, 
	0x00, 
	0x00, 
	0x00, 
	0x00, 
	0x00, 
	0x00, 
	0x09, 
	0x0a, 
	0x00, 
	0x00, 
	0x0d, 
	0x00, 
	0x00, 
	0x20, 
	0x00, 
	0x00, 
	0x00, 
	0x00, 
	0x00, 
	0x00, 
	0x00, 
	0x00, 
	0x09, 
	0x0a, 
	0x00, 
	0x00, 
	0x0d, 
	0x00, 
	0x00, 
	
	0x2c, 0x2c, 0x2c, 0x2c, 0x2c, 0x2c, 0x2c, 0x2c, 0x2c, 0x2c, 0x2c, 0x2c, 0x2c, 0x2c, 0x2c, 0x2c, 
	0x2c, 0x2c, 0x2c, 0x2c, 0x2c, 0x2c, 0x2c, 0x2c, 0x2c, 0x2c, 0x2c, 0x2c, 0x2c, 0x2c, 0x2c, 0x2c, 
	
	0xdf, 0xdf, 0xdf, 0xdf, 0xdf, 0xdf, 0xdf, 0xdf, 0xdf, 0xdf, 0xdf, 0xdf, 0xdf, 0xdf, 0xdf, 0xdf, 
	0xdf, 0xdf, 0xdf, 0xdf, 0xdf, 0xdf, 0xdf, 0xdf, 0xdf, 0xdf, 0xdf, 0xdf, 0xdf, 0xdf, 0xdf, 0xdf, 
	
	0x5d, 0x5d, 0x5d, 0x5d, 0x5d, 0x5d, 0x5d, 0x5d, 0x5d, 0x5d, 0x5d, 0x5d, 0x5d, 0x5d, 0x5d, 0x5d, 
	0x5d, 0x5d, 0x5d, 0x5d, 0x5d, 0x5d, 0x5d, 0x5d, 0x5d, 0x5d, 0x5d, 0x5d, 0x5d, 0x5d, 0x5d, 0x5d, 
	
	0x22, 0x22, 0x22, 0x22, 0x22, 0x22, 0x22, 0x22, 0x22, 0x22, 0x22, 0x22, 0x22, 0x22, 0x22, 0x22, 
	0x22, 0x22, 0x22, 0x22, 0x22, 0x22, 0x22, 0x22, 0x22, 0x22, 0x22, 0x22, 0x22, 0x22, 0x22, 0x22, 
	
	0x5c, 0x5c, 0x5c, 0x5c, 0x5c, 0x5c, 0x5c, 0x5c, 0x5c, 0x5c, 0x5c, 0x5c, 0x5c, 0x5c, 0x5c, 0x5c, 
	0x5c, 0x5c, 0x5c, 0x5c, 0x5c, 0x5c, 0x5c, 0x5c, 0x5c, 0x5c, 0x5c, 0x5c, 0x5c, 0x5c, 0x5c, 0x5c, 
	
	0x7b, 0x7b, 0x7b, 0x7b, 0x7b, 0x7b, 0x7b, 0x7b, 0x7b, 0x7b, 0x7b, 0x7b, 0x7b, 0x7b, 0x7b, 0x7b, 
	0x7b, 0x7b, 0x7b, 0x7b, 0x7b, 0x7b, 0x7b, 0x7b, 0x7b, 0x7b, 0x7b, 0x7b, 0x7b, 0x7b, 0x7b, 0x7b, 
	
	0x7d, 0x7d, 0x7d, 0x7d, 0x7d, 0x7d, 0x7d, 0x7d, 0x7d, 0x7d, 0x7d, 0x7d, 0x7d, 0x7d, 0x7d, 0x7d, 
	0x7d, 0x7d, 0x7d, 0x7d, 0x7d, 0x7d, 0x7d, 0x7d, 0x7d, 0x7d, 0x7d, 0x7d, 0x7d, 0x7d, 0x7d, 0x7d, 
	
	0x5b, 0x5b, 0x5b, 0x5b, 0x5b, 0x5b, 0x5b, 0x5b, 0x5b, 0x5b, 0x5b, 0x5b, 0x5b, 0x5b, 0x5b, 0x5b, 
	0x5b, 0x5b, 0x5b, 0x5b, 0x5b, 0x5b, 0x5b, 0x5b, 0x5b, 0x5b, 0x5b, 0x5b, 0x5b, 0x5b, 0x5b, 0x5b, 
	
	0x20, 0x20, 0x20, 0x20, 0x20, 0x20, 0x20, 0x20, 0x20, 0x20, 0x20, 0x20, 0x20, 0x20, 0x20, 0x20, 
	0x20, 0x20, 0x20, 0x20, 0x20, 0x20, 0x20, 0x20, 0x20, 0x20, 0x20, 0x20, 0x20, 0x20, 0x20, 0x20, 
	
	0x2f, 0x2f, 0x2f, 0x2f, 0x2f, 0x2f, 0x2f, 0x2f, 0x2f, 0x2f, 0x2f, 0x2f, 0x2f, 0x2f, 0x2f, 0x2f, 
	0x2f, 0x2f, 0x2f, 0x2f, 0x2f, 0x2f, 0x2f, 0x2f, 0x2f, 0x2f, 0x2f, 0x2f, 0x2f, 0x2f, 0x2f, 0x2f, 
	
	0x3a, 0x3a, 0x3a, 0x3a, 0x3a, 0x3a, 0x3a, 0x3a, 0x3a, 0x3a, 0x3a, 0x3a, 0x3a, 0x3a, 0x3a, 0x3a, 
	0x3a, 0x3a, 0x3a, 0x3a, 0x3a, 0x3a, 0x3a, 0x3a, 0x3a, 0x3a, 0x3a, 0x3a, 0x3a, 0x3a, 0x3a, 0x3a, 
	
	0x2b, 0x2b, 0x2b, 0x2b, 0x2b, 0x2b, 0x2b, 0x2b, 0x2b, 0x2b, 0x2b, 0x2b, 0x2b, 0x2b, 0x2b, 0x2b, 
	0x2b, 0x2b, 0x2b, 0x2b, 0x2b, 0x2b, 0x2b, 0x2b, 0x2b, 0x2b, 0x2b, 0x2b, 0x2b, 0x2b, 0x2b, 0x2b, 
	
	0x2d, 0x2d, 0x2d, 0x2d, 0x2d, 0x2d, 0x2d, 0x2d, 0x2d, 0x2d, 0x2d, 0x2d, 0x2d, 0x2d, 0x2d, 0x2d, 
	0x2d, 0x2d, 0x2d, 0x2d, 0x2d, 0x2d, 0x2d, 0x2d, 0x2d, 0x2d, 0x2d, 0x2d, 0x2d, 0x2d, 0x2d, 0x2d, 
	
	0x2e, 0x2e, 0x2e, 0x2e, 0x2e, 0x2e, 0x2e, 0x2e, 0x2e, 0x2e, 0x2e, 0x2e, 0x2e, 0x2e, 0x2e, 0x2e, 
	0x2e, 0x2e, 0x2e, 0x2e, 0x2e, 0x2e, 0x2e, 0x2e, 0x2e, 0x2e, 0x2e, 0x2e, 0x2e, 0x2e, 0x2e, 0x2e, 
	
	0x45, 0x45, 0x45, 0x45, 0x45, 0x45, 0x45, 0x45, 0x45, 0x45, 0x45, 0x45, 0x45, 0x45, 0x45, 0x45, 
	0x45, 0x45, 0x45, 0x45, 0x45, 0x45, 0x45, 0x45, 0x45, 0x45, 0x45, 0x45, 0x45, 0x45, 0x45, 0x45, 
	
	
	0x2c, 0x2c, 0x2c, 0x2c, 0x2c, 0x2c, 0x2c, 0x2c, 0x2c, 0x2c, 0x2c, 0x2c, 0x2c, 0x2c, 0x2c, 0x2c, 
	
	0xdf, 0xdf, 0xdf, 0xdf, 0xdf, 0xdf, 0xdf, 0xdf, 0xdf, 0xdf, 0xdf, 0xdf, 0xdf, 0xdf, 0xdf, 0xdf, 
	
	0x5d, 0x5d, 0x5d, 0x5d, 0x5d, 0x5d, 0x5d, 0x5d, 0x5d, 0x5d, 0x5d, 0x5d, 0x5d, 0x5d, 0x5d, 0x5d, 
	
	0x01, 0x00, 0x00, 0x00, 
	0x00, 0x00, 0x00, 0x00, 
	0x00, 0x00, 0x00, 0x00, 
	0x00, 0x00, 0x00, 0x00, 
	
	0x2f, 0x2f, 0x2f, 0x2f, 0x2f, 0x2f, 0x2f, 0x2f, 0x2f, 0x2f, 0x2f, 0x2f, 0x2f, 0x2f, 0x2f, 0x2f, 
	
	0x3a, 0x3a, 0x3a, 0x3a, 0x3a, 0x3a, 0x3a, 0x3a, 0x3a, 0x3a, 0x3a, 0x3a, 0x3a, 0x3a, 0x3a, 0x3a, 
	
	0x2b, 0x2b, 0x2b, 0x2b, 0x2b, 0x2b, 0x2b, 0x2b, 0x2b, 0x2b, 0x2b, 0x2b, 0x2b, 0x2b, 0x2b, 0x2b, 
	
	0x2d, 0x2d, 0x2d, 0x2d, 0x2d, 0x2d, 0x2d, 0x2d, 0x2d, 0x2d, 0x2d, 0x2d, 0x2d, 0x2d, 0x2d, 0x2d, 
	
	0x2e, 0x2e, 0x2e, 0x2e, 0x2e, 0x2e, 0x2e, 0x2e, 0x2e, 0x2e, 0x2e, 0x2e, 0x2e, 0x2e, 0x2e, 0x2e, 
	
	0x45, 0x45, 0x45, 0x45, 0x45, 0x45, 0x45, 0x45, 0x45, 0x45, 0x45, 0x45, 0x45, 0x45, 0x45, 0x45, 
	
	
	0x55, 
	0x48, 0x89, 0xe5, 
	0x41, 0x57, 
	0x41, 0x56, 
	0x41, 0x55, 
	0x41, 0x54, 
	0x53, 
	0x48, 0x81, 0xec, 0xa0, 0x00, 0x00, 0x00, 
	0x49, 0x89, 0xca, 
	0x49, 0x89, 0xf3, 
	0x49, 0x89, 0xfd, 
	0x41, 0xf6, 0xc2, 0x40, 
	0x0f, 0x85, 0x82, 0x00, 0x00, 0x00, 
	0x49, 0x89, 0xd1, 
	0xc5, 0xfa, 0x6f, 0x05, 0x5e, 0xff, 0xff, 0xff, 
	0xc5, 0xfa, 0x7f, 0x02, 
	0x49, 0xc7, 0xc6, 0xff, 0xff, 0xff, 0xff, 
	0xc5, 0xfe, 0x6f, 0x2d, 0x1b, 0xfd, 0xff, 0xff, 
	0xc5, 0xfe, 0x6f, 0x35, 0x93, 0xfd, 0xff, 0xff, 
	0xc5, 0xfe, 0x6f, 0x3d, 0xab, 0xfd, 0xff, 0xff, 
	0xc5, 0x7e, 0x6f, 0x05, 0x23, 0xfe, 0xff, 0xff, 
	0xc4, 0x41, 0x35, 0x76, 0xc9, 
	0xc5, 0x7e, 0x6f, 0x15, 0x36, 0xfe, 0xff, 0xff, 
	0xc5, 0x7e, 0x6f, 0x1d, 0x4e, 0xfe, 0xff, 0xff, 
	0xc5, 0x7e, 0x6f, 0x25, 0x66, 0xfe, 0xff, 0xff, 
	0xc5, 0x7e, 0x6f, 0x2d, 0x7e, 0xfe, 0xff, 0xff, 
	0xc5, 0x7e, 0x6f, 0x35, 0x16, 0xfd, 0xff, 0xff, 
	0xc5, 0x7e, 0x6f, 0x3d, 0x8e, 0xfe, 0xff, 0xff, 
	0xc5, 0xfe, 0x6f, 0x25, 0xa6, 0xfe, 0xff, 0xff, 
	0x4c, 0x89, 0x54, 0x24, 0x18, 
	0x4c, 0x89, 0x5c, 0x24, 0x08, 
	0xe9, 0xc7, 0x03, 0x00, 0x00, 
	
	0x4d, 0x8b, 0x55, 0x00, 
	0x49, 0x8b, 0x55, 0x08, 
	0x49, 0x8b, 0x33, 
	0x48, 0x39, 0xd6, 
	0x0f, 0x83, 0x26, 0x00, 0x00, 0x00, 
	0x41, 0x8a, 0x04, 0x32, 
	0x3c, 0x0d, 
	0x0f, 0x84, 0x1a, 0x00, 0x00, 0x00, 
	0x3c, 0x20, 
	0x0f, 0x84, 0x12, 0x00, 0x00, 0x00, 
	0x04, 0xf7, 
	0x3c, 0x01, 
	0x0f, 0x86, 0x08, 0x00, 0x00, 0x00, 
	0x48, 0x89, 0xf0, 
	0xe9, 0x7b, 0x01, 0x00, 0x00, 
	
	0x48, 0x8d, 0x46, 0x01, 
	0x48, 0x39, 0xd0, 
	0x0f, 0x83, 0x22, 0x00, 0x00, 0x00, 
	0x41, 0x8a, 0x0c, 0x02, 
	0x80, 0xf9, 0x0d, 
	0x0f, 0x84, 0x15, 0x00, 0x00, 0x00, 
	0x80, 0xf9, 0x20, 
	0x0f, 0x84, 0x0c, 0x00, 0x00, 0x00, 
	0x80, 0xc1, 0xf7, 
	0x80, 0xf9, 0x01, 
	0x0f, 0x87, 0x4c, 0x01, 0x00, 0x00, 
	
	0x48, 0x8d, 0x46, 0x02, 
	0x48, 0x39, 0xd0, 
	0x0f, 0x83, 0x22, 0x00, 0x00, 0x00, 
	0x41, 0x8a, 0x0c, 0x02, 
	0x80, 0xf9, 0x0d, 
	0x0f, 0x84, 0x15, 0x00, 0x00, 0x00, 
	0x80, 0xf9, 0x20, 
	0x0f, 0x84, 0x0c, 0x00, 0x00, 0x00, 
	0x80, 0xc1, 0xf7, 
	0x80, 0xf9, 0x01, 
	0x0f, 0x87, 0x1d, 0x01, 0x00, 0x00, 
	
	0x48, 0x8d, 0x46, 0x03, 
	0x48, 0x39, 0xd0, 
	0x0f, 0x83, 0x22, 0x00, 0x00, 0x00, 
	0x41, 0x8a, 0x0c, 0x02, 
	0x80, 0xf9, 0x0d, 
	0x0f, 0x84, 0x15, 0x00, 0x00, 0x00, 
	0x80, 0xf9, 0x20, 
	0x0f, 0x84, 0x0c, 0x00, 0x00, 0x00, 
	0x80, 0xc1, 0xf7, 
	0x80, 0xf9, 0x01, 
	0x0f, 0x87, 0xee, 0x00, 0x00, 0x00, 
	
	0x48, 0x8d, 0x46, 0x04, 
	0x48, 0x89, 0xd7, 
	0x48, 0x29, 0xc7, 
	0x0f, 0x86, 0xb7, 0x00, 0x00, 0x00, 
	0x48, 0x83, 0xff, 0x20, 
	0x0f, 0x82, 0xab, 0x32, 0x00, 0x00, 
	0x48, 0xc7, 0xc7, 0xfc, 0xff, 0xff, 0xff, 
	0x48, 0x29, 0xf7, 
	0xc5, 0xfe, 0x6f, 0x05, 0xc4, 0xfb, 0xff, 0xff, 
	0x90, 0x90, 0x90, 0x90, 
	
	0xc4, 0xc1, 0x7e, 0x6f, 0x0c, 0x02, 
	0xc4, 0xe2, 0x7d, 0x00, 0xd1, 
	0xc5, 0xf5, 0x74, 0xca, 
	0xc5, 0xfd, 0xd7, 0xc9, 
	0x83, 0xf9, 0xff, 
	0x0f, 0x85, 0x8a, 0x00, 0x00, 0x00, 
	0x48, 0x83, 0xc0, 0x20, 
	0x48, 0x8d, 0x0c, 0x3a, 
	0x48, 0x83, 0xc1, 0xe0, 
	0x48, 0x83, 0xc7, 0xe0, 
	0x48, 0x83, 0xf9, 0x1f, 
	0x0f, 0x87, 0xca, 0xff, 0xff, 0xff, 
	0x4c, 0x89, 0xd0, 
	0x48, 0x29, 0xf8, 
	0x48, 0x01, 0xd7, 
	0x48, 0x85, 0xff, 
	0x0f, 0x84, 0x37, 0x00, 0x00, 0x00, 
	
	0x4c, 0x8d, 0x04, 0x38, 
	0x31, 0xf6, 
	0x48, 0xb9, 0x00, 0x26, 0x00, 0x00, 0x01, 0x00, 0x00, 0x00, 
	
	0x0f, 0xbe, 0x1c, 0x30, 
	0x83, 0xfb, 0x20, 
	0x0f, 0x87, 0xe8, 0x31, 0x00, 0x00, 
	0x48, 0x0f, 0xa3, 0xd9, 
	0x0f, 0x83, 0xde, 0x31, 0x00, 0x00, 
	0x48, 0x83, 0xc6, 0x01, 
	0x48, 0x39, 0xf7, 
	0x0f, 0x85, 0xdc, 0xff, 0xff, 0xff, 
	0x4c, 0x89, 0xc0, 
	
	0x4c, 0x29, 0xd0, 
	0x49, 0xc7, 0xc7, 0xff, 0xff, 0xff, 0xff, 
	0x48, 0x39, 0xd0, 
	0x0f, 0x82, 0x2c, 0x00, 0x00, 0x00, 
	0xe9, 0x01, 0x30, 0x00, 0x00, 
	
	0x49, 0x89, 0x03, 
	0x49, 0xc7, 0xc7, 0xff, 0xff, 0xff, 0xff, 
	0xe9, 0xf2, 0x2f, 0x00, 0x00, 
	
	0xf7, 0xd1, 
	0x0f, 0xbc, 0xc1, 
	0x48, 0x29, 0xf8, 
	0x49, 0xc7, 0xc7, 0xff, 0xff, 0xff, 0xff, 
	0x48, 0x39, 0xd0, 
	0x0f, 0x83, 0xda, 0x2f, 0x00, 0x00, 
	
	0x48, 0x8d, 0x50, 0x01, 
	0x49, 0x89, 0x13, 
	0x41, 0x0f, 0xbe, 0x0c, 0x02, 
	0x83, 0xf9, 0x7b, 
	0x0f, 0x87, 0xcd, 0x28, 0x00, 0x00, 
	0x49, 0xc7, 0xc7, 0xff, 0xff, 0xff, 0xff, 
	0x48, 0x8d, 0x35, 0x7b, 0x32, 0x00, 0x00, 
	0x48, 0x63, 0x0c, 0x8e, 
	0x48, 0x01, 0xf1, 
	0xff, 0xe1, 
	
	0x49, 0x8b, 0x7d, 0x08, 
	0x48, 0x89, 0xfe, 
	0x48, 0x29, 0xd6, 
	0x48, 0x83, 0xfe, 0x20, 
	0x0f, 0x82, 0xa8, 0x31, 0x00, 0x00, 
	0x48, 0x89, 0xc6, 
	0x48, 0xf7, 0xd6, 
	0xc5, 0xfe, 0x6f, 0x05, 0xd4, 0xfa, 0xff, 0xff, 
	0xc5, 0xfe, 0x6f, 0x0d, 0xec, 0xfa, 0xff, 0xff, 
	0xc5, 0xfe, 0x6f, 0x15, 0x04, 0xfb, 0xff, 0xff, 
	0x90, 0x90, 0x90, 0x90, 
	
	0xc4, 0xc1, 0x7e, 0x6f, 0x1c, 0x12, 
	0xc5, 0xe5, 0x74, 0xe0, 
	0xc5, 0xe5, 0xdb, 0xd9, 
	0xc5, 0xe5, 0x74, 0xda, 
	0xc5, 0xe5, 0xeb, 0xdc, 
	0xc5, 0xfd, 0xd7, 0xcb, 
	0x85, 0xc9, 
	0x0f, 0x85, 0xca, 0x00, 0x00, 0x00, 
	0x48, 0x83, 0xc2, 0x20, 
	0x48, 0x8d, 0x0c, 0x37, 
	0x48, 0x83, 0xc1, 0xe0, 
	0x48, 0x83, 0xc6, 0xe0, 
	0x48, 0x83, 0xf9, 0x1f, 
	0x0f, 0x87, 0xc4, 0xff, 0xff, 0xff, 
	0x4c, 0x89, 0xd2, 
	0x48, 0x29, 0xf2, 
	0x48, 0x01, 0xf7, 
	0x48, 0x89, 0xfe, 
	0x48, 0x83, 0xfe, 0x10, 
	0x0f, 0x82, 0x54, 0x00, 0x00, 0x00, 
	
	0x4c, 0x89, 0xd7, 
	0x48, 0x29, 0xd7, 
	0xc5, 0xfa, 0x6f, 0x05, 0x40, 0xfc, 0xff, 0xff, 
	0xc5, 0xfa, 0x6f, 0x0d, 0x48, 0xfc, 0xff, 0xff, 
	0xc5, 0xfa, 0x6f, 0x15, 0x50, 0xfc, 0xff, 0xff, 
	
	0xc5, 0xfa, 0x6f, 0x1a, 
	0xc5, 0xe1, 0x74, 0xe0, 
	0xc5, 0xe1, 0xdb, 0xd9, 
	0xc5, 0xe1, 0x74, 0xda, 
	0xc5, 0xe1, 0xeb, 0xdc, 
	0xc5, 0xf9, 0xd7, 0xcb, 
	0x85, 0xc9, 
	0x0f, 0x85, 0x70, 0x2f, 0x00, 0x00, 
	0x48, 0x83, 0xc2, 0x10, 
	0x48, 0x83, 0xc6, 0xf0, 
	0x48, 0x83, 0xc7, 0xf0, 
	0x48, 0x83, 0xfe, 0x0f, 
	0x0f, 0x87, 0xca, 0xff, 0xff, 0xff, 
	
	0x48, 0x85, 0xf6, 
	0x0f, 0x84, 0x35, 0x00, 0x00, 0x00, 
	0x48, 0x8d, 0x1c, 0x32, 
	0x31, 0xff, 
	
	0x0f, 0xb6, 0x0c, 0x3a, 
	0x80, 0xf9, 0x2c, 
	0x0f, 0x84, 0xd6, 0x30, 0x00, 0x00, 
	0x80, 0xf9, 0x7d, 
	0x0f, 0x84, 0xcd, 0x30, 0x00, 0x00, 
	0x80, 0xf9, 0x5d, 
	0x0f, 0x84, 0xc4, 0x30, 0x00, 0x00, 
	0x48, 0x83, 0xc7, 0x01, 
	0x48, 0x39, 0xfe, 
	0x0f, 0x85, 0xd4, 0xff, 0xff, 0xff, 
	0x48, 0x89, 0xda, 
	
	0x4c, 0x29, 0xd2, 
	0xe9, 0xb2, 0x30, 0x00, 0x00, 
	
	0x0f, 0xbc, 0xc9, 
	0x48, 0x29, 0xf1, 
	
	0x49, 0x89, 0x0b, 
	0x49, 0x89, 0xc7, 
	0xe9, 0x7b, 0x2e, 0x00, 0x00, 
	
	0x49, 0xf7, 0xd8, 
	0x4c, 0x8b, 0x5c, 0x24, 0x08, 
	0xc5, 0xfe, 0x6f, 0x2d, 0x93, 0xf9, 0xff, 0xff, 
	0xc5, 0xfe, 0x6f, 0x35, 0x0b, 0xfa, 0xff, 0xff, 
	0xc5, 0xfe, 0x6f, 0x3d, 0x23, 0xfa, 0xff, 0xff, 
	0xc5, 0x7e, 0x6f, 0x05, 0x9b, 0xfa, 0xff, 0xff, 
	0xc4, 0x41, 0x35, 0x76, 0xc9, 
	0xc5, 0x7e, 0x6f, 0x15, 0xae, 0xfa, 0xff, 0xff, 
	0xc5, 0x7e, 0x6f, 0x1d, 0xc6, 0xfa, 0xff, 0xff, 
	0xc5, 0x7e, 0x6f, 0x25, 0xde, 0xfa, 0xff, 0xff, 
	0xc5, 0x7e, 0x6f, 0x2d, 0xf6, 0xfa, 0xff, 0xff, 
	0xc5, 0x7e, 0x6f, 0x35, 0x8e, 0xf9, 0xff, 0xff, 
	0xc5, 0x7e, 0x6f, 0x3d, 0x06, 0xfb, 0xff, 0xff, 
	0xc5, 0xfe, 0x6f, 0x25, 0x1e, 0xfb, 0xff, 0xff, 
	0x4d, 0x85, 0xc0, 
	0x4c, 0x8b, 0x54, 0x24, 0x18, 
	0x0f, 0x88, 0xec, 0x2d, 0x00, 0x00, 
	
	0x49, 0x8b, 0x0b, 
	0x48, 0x83, 0xc1, 0xff, 
	
	0x4c, 0x01, 0xc1, 
	0x49, 0x89, 0x0b, 
	0x48, 0x83, 0x7c, 0x24, 0x28, 0x00, 
	0x4c, 0x8b, 0x6c, 0x24, 0x38, 
	0x0f, 0x8e, 0xea, 0x2d, 0x00, 0x00, 
	0x90, 0x90, 
	
	0x49, 0x8b, 0x11, 
	0x4d, 0x89, 0xf7, 
	0x48, 0x85, 0xd2, 
	0x0f, 0x85, 0x11, 0x00, 0x00, 0x00, 
	0xe9, 0xd4, 0x2d, 0x00, 0x00, 
	
	0x4c, 0x89, 0xf9, 
	0xe9, 0xcb, 0xff, 0xff, 0xff, 
	0x90, 0x90, 0x90, 0x90, 
	
	0x4c, 0x89, 0xf1, 
	0x4d, 0x8b, 0x45, 0x00, 
	0x49, 0x8b, 0x75, 0x08, 
	0x49, 0x8b, 0x3b, 
	0x48, 0x39, 0xf7, 
	0x4c, 0x89, 0x44, 0x24, 0x10, 
	0x0f, 0x83, 0x34, 0x00, 0x00, 0x00, 
	0x41, 0x8a, 0x04, 0x38, 
	0x3c, 0x0d, 
	0x0f, 0x84, 0x28, 0x00, 0x00, 0x00, 
	0x3c, 0x20, 
	0x0f, 0x84, 0x20, 0x00, 0x00, 0x00, 
	0x04, 0xf7, 
	0x3c, 0x01, 
	0x0f, 0x86, 0x16, 0x00, 0x00, 0x00, 
	0x49, 0x89, 0xfe, 
	0xe9, 0x80, 0x01, 0x00, 0x00, 
	0x90, 0x90, 0x90, 0x90, 0x90, 0x90, 0x90, 0x90, 0x90, 0x90, 0x90, 0x90, 0x90, 0x90, 
	
	0x4c, 0x8d, 0x77, 0x01, 
	0x49, 0x39, 0xf6, 
	0x0f, 0x83, 0x23, 0x00, 0x00, 0x00, 
	0x43, 0x8a, 0x14, 0x30, 
	0x80, 0xfa, 0x0d, 
	0x0f, 0x84, 0x16, 0x00, 0x00, 0x00, 
	0x80, 0xfa, 0x20, 
	0x0f, 0x84, 0x0d, 0x00, 0x00, 0x00, 
	0x80, 0xc2, 0xf7, 
	0x80, 0xfa, 0x01, 
	0x0f, 0x87, 0x43, 0x01, 0x00, 0x00, 
	0x90, 
	
	0x4c, 0x8d, 0x77, 0x02, 
	0x49, 0x39, 0xf6, 
	0x0f, 0x83, 0x23, 0x00, 0x00, 0x00, 
	0x43, 0x8a, 0x14, 0x30, 
	0x80, 0xfa, 0x0d, 
	0x0f, 0x84, 0x16, 0x00, 0x00, 0x00, 
	0x80, 0xfa, 0x20, 
	0x0f, 0x84, 0x0d, 0x00, 0x00, 0x00, 
	0x80, 0xc2, 0xf7, 
	0x80, 0xfa, 0x01, 
	0x0f, 0x87, 0x13, 0x01, 0x00, 0x00, 
	0x90, 
	
	0x4c, 0x8d, 0x77, 0x03, 
	0x49, 0x39, 0xf6, 
	0x0f, 0x83, 0x23, 0x00, 0x00, 0x00, 
	0x43, 0x8a, 0x14, 0x30, 
	0x80, 0xfa, 0x0d, 
	0x0f, 0x84, 0x16, 0x00, 0x00, 0x00, 
	0x80, 0xfa, 0x20, 
	0x0f, 0x84, 0x0d, 0x00, 0x00, 0x00, 
	0x80, 0xc2, 0xf7, 
	0x80, 0xfa, 0x01, 
	0x0f, 0x87, 0xe3, 0x00, 0x00, 0x00, 
	0x90, 
	
	0x4c, 0x8d, 0x77, 0x04, 
	0x48, 0x89, 0xf2, 
	0x4c, 0x29, 0xf2, 
	0x0f, 0x86, 0x86, 0x25, 0x00, 0x00, 
	0x48, 0x83, 0xfa, 0x20, 
	0x0f, 0x82, 0x58, 0x18, 0x00, 0x00, 
	0x48, 0xc7, 0xc2, 0xfc, 0xff, 0xff, 0xff, 
	0x48, 0x29, 0xfa, 
	0x90, 0x90, 0x90, 0x90, 0x90, 0x90, 0x90, 0x90, 0x90, 0x90, 0x90, 0x90, 
	
	0xc4, 0x81, 0x7e, 0x6f, 0x04, 0x30, 
	0xc4, 0xe2, 0x55, 0x00, 0xc8, 
	0xc5, 0xfd, 0x74, 0xc1, 
	0xc5, 0xfd, 0xd7, 0xf8, 
	0x83, 0xff, 0xff, 
	0x0f, 0x85, 0x84, 0x00, 0x00, 0x00, 
	0x49, 0x83, 0xc6, 0x20, 
	0x48, 0x8d, 0x3c, 0x16, 
	0x48, 0x83, 0xc7, 0xe0, 
	0x48, 0x83, 0xc2, 0xe0, 
	0x48, 0x83, 0xff, 0x1f, 
	0x0f, 0x87, 0xca, 0xff, 0xff, 0xff, 
	0x4d, 0x89, 0xc6, 
	0x49, 0x29, 0xd6, 
	0x48, 0x01, 0xf2, 
	0x48, 0x85, 0xd2, 
	0x0f, 0x84, 0x3f, 0x00, 0x00, 0x00, 
	
	0x4d, 0x8d, 0x04, 0x16, 
	0x31, 0xff, 
	0x90, 0x90, 
	
	0x41, 0x0f, 0xbe, 0x1c, 0x3e, 
	0x83, 0xfb, 0x20, 
	0x0f, 0x87, 0x1d, 0x16, 0x00, 0x00, 
	0x48, 0xb8, 0x00, 0x26, 0x00, 0x00, 0x01, 0x00, 0x00, 0x00, 
	0x48, 0x0f, 0xa3, 0xd8, 
	0x0f, 0x83, 0x09, 0x16, 0x00, 0x00, 
	0x48, 0x83, 0xc7, 0x01, 
	0x48, 0x39, 0xfa, 
	0x0f, 0x85, 0xd1, 0xff, 0xff, 0xff, 
	0x4d, 0x89, 0xc6, 
	0x4c, 0x8b, 0x44, 0x24, 0x10, 
	
	0x4d, 0x29, 0xc6, 
	0x49, 0x39, 0xf6, 
	0x0f, 0x82, 0x1f, 0x00, 0x00, 0x00, 
	0xe9, 0xd1, 0x24, 0x00, 0x00, 
	0x90, 0x90, 0x90, 0x90, 0x90, 0x90, 0x90, 0x90, 
	
	0xf7, 0xd7, 
	0x44, 0x0f, 0xbc, 0xf7, 
	0x49, 0x29, 0xd6, 
	0x49, 0x39, 0xf6, 
	0x0f, 0x83, 0xb7, 0x24, 0x00, 0x00, 
	
	0x49, 0x8d, 0x56, 0x01, 
	0x49, 0x89, 0x13, 
	0x43, 0x0f, 0xbe, 0x3c, 0x30, 
	0x49, 0xc7, 0xc7, 0xff, 0xff, 0xff, 0xff, 
	0x85, 0xff, 
	0x0f, 0x84, 0xeb, 0x2b, 0x00, 0x00, 
	0x49, 0x8b, 0x31, 
	0x48, 0x8d, 0x56, 0xff, 
	0x41, 0x8b, 0x1c, 0xf1, 
	0x48, 0x83, 0xf9, 0xff, 
	0x4c, 0x0f, 0x45, 0xf1, 
	0x83, 0xc3, 0xff, 
	0x83, 0xfb, 0x05, 
	0x0f, 0x87, 0xeb, 0x01, 0x00, 0x00, 
	0x48, 0x8d, 0x05, 0x79, 0x30, 0x00, 0x00, 
	0x48, 0x63, 0x0c, 0x98, 
	0x48, 0x01, 0xc1, 
	0xff, 0xe1, 
	
	0x83, 0xff, 0x2c, 
	0x0f, 0x84, 0x4f, 0x06, 0x00, 0x00, 
	0x83, 0xff, 0x5d, 
	0x0f, 0x84, 0x32, 0x06, 0x00, 0x00, 
	0xe9, 0x9e, 0x2b, 0x00, 0x00, 
	
	0x40, 0x80, 0xff, 0x5d, 
	0x0f, 0x84, 0x23, 0x06, 0x00, 0x00, 
	0x49, 0xc7, 0x04, 0xf1, 0x01, 0x00, 0x00, 0x00, 
	0x83, 0xff, 0x7b, 
	0x0f, 0x86, 0xb5, 0x01, 0x00, 0x00, 
	0xe9, 0x7e, 0x2b, 0x00, 0x00, 
	
	0x40, 0x80, 0xff, 0x22, 
	0x0f, 0x85, 0x74, 0x2b, 0x00, 0x00, 
	0x49, 0xc7, 0x04, 0xf1, 0x04, 0x00, 0x00, 0x00, 
	0x4d, 0x8b, 0x03, 
	0x4d, 0x8b, 0x65, 0x08, 
	0x41, 0xf6, 0xc2, 0x20, 
	0x0f, 0x85, 0x7f, 0x07, 0x00, 0x00, 
	0x4c, 0x89, 0xe3, 
	0x4c, 0x29, 0xc3, 
	0x0f, 0x84, 0x26, 0x2d, 0x00, 0x00, 
	0x48, 0x83, 0xfb, 0x40, 
	0x0f, 0x82, 0x94, 0x18, 0x00, 0x00, 
	0x4c, 0x89, 0xc6, 
	0x48, 0xf7, 0xd6, 
	0x48, 0xc7, 0x04, 0x24, 0xff, 0xff, 0xff, 0xff, 
	0x4d, 0x89, 0xc7, 
	0x45, 0x31, 0xd2, 
	
	
	0x48, 0x8b, 0x44, 0x24, 0x10, 
	0xc4, 0xa1, 0x7e, 0x6f, 0x04, 0x38, 
	0xc4, 0xa1, 0x7e, 0x6f, 0x4c, 0x38, 0x20, 
	0xc5, 0xfd, 0x74, 0xd6, 
	0xc5, 0xfd, 0xd7, 0xfa, 
	0xc5, 0xf5, 0x74, 0xd6, 
	0xc5, 0xfd, 0xd7, 0xca, 
	0xc5, 0xfd, 0x74, 0xc7, 
	0xc5, 0xfd, 0xd7, 0xd0, 
	0xc5, 0xf5, 0x74, 0xc7, 
	0xc5, 0xfd, 0xd7, 0xc0, 
	0x48, 0xc1, 0xe1, 0x20, 
	0x48, 0x09, 0xcf, 
	0x48, 0xc1, 0xe0, 0x20, 
	0x48, 0x09, 0xc2, 
	0x0f, 0x85, 0x30, 0x00, 0x00, 0x00, 
	0x4d, 0x85, 0xd2, 
	0x0f, 0x85, 0x4d, 0x00, 0x00, 0x00, 
	0x45, 0x31, 0xd2, 
	0x48, 0x85, 0xff, 
	0x0f, 0x85, 0xa9, 0x00, 0x00, 0x00, 
	
	0x48, 0x83, 0xc3, 0xc0, 
	0x48, 0x83, 0xc6, 0xc0, 
	0x49, 0x83, 0xc7, 0x40, 
	0x48, 0x83, 0xfb, 0x3f, 
	0x0f, 0x87, 0x8f, 0xff, 0xff, 0xff, 
	0xe9, 0xab, 0x14, 0x00, 0x00, 
	
	0x4c, 0x89, 0x4c, 0x24, 0x20, 
	0x4d, 0x89, 0xe9, 
	0x4d, 0x89, 0xdd, 
	0x48, 0x83, 0x3c, 0x24, 0xff, 
	0x0f, 0x85, 0x1b, 0x00, 0x00, 0x00, 
	0x48, 0x0f, 0xbc, 0xc2, 
	0x4c, 0x01, 0xf8, 
	0x48, 0x89, 0x04, 0x24, 
	0xe9, 0x0b, 0x00, 0x00, 0x00, 
	
	0x4c, 0x89, 0x4c, 0x24, 0x20, 
	0x4d, 0x89, 0xe9, 
	0x4d, 0x89, 0xdd, 
	
	0x4c, 0x89, 0xd0, 
	0x48, 0xf7, 0xd0, 
	0x48, 0x21, 0xd0, 
	0x4c, 0x8d, 0x1c, 0x00, 
	0x4d, 0x09, 0xd3, 
	0x4c, 0x89, 0xd9, 
	0x48, 0xf7, 0xd1, 
	0x48, 0x21, 0xd1, 
	0x48, 0xba, 0xaa, 0xaa, 0xaa, 0xaa, 0xaa, 0xaa, 0xaa, 0xaa, 
	0x48, 0x21, 0xd1, 
	0x45, 0x31, 0xd2, 
	0x48, 0x01, 0xc1, 
	0x41, 0x0f, 0x92, 0xc2, 
	0x48, 0x01, 0xc9, 
	0x48, 0xb8, 0x55, 0x55, 0x55, 0x55, 0x55, 0x55, 0x55, 0x55, 
	0x48, 0x31, 0xc1, 
	0x4c, 0x21, 0xd9, 
	0x48, 0xf7, 0xd1, 
	0x48, 0x21, 0xcf, 
	0x4d, 0x89, 0xeb, 
	0x4d, 0x89, 0xcd, 
	0x4c, 0x8b, 0x4c, 0x24, 0x20, 
	0x48, 0x85, 0xff, 
	0x0f, 0x84, 0x57, 0xff, 0xff, 0xff, 
	
	0x4c, 0x0f, 0xbc, 0xff, 
	0x49, 0x29, 0xf7, 
	0x4c, 0x8b, 0x54, 0x24, 0x18, 
	0xe9, 0x3c, 0x09, 0x00, 0x00, 
	
	0x40, 0x80, 0xff, 0x3a, 
	0x0f, 0x85, 0x12, 0x2a, 0x00, 0x00, 
	0x49, 0xc7, 0x04, 0xf1, 0x00, 0x00, 0x00, 0x00, 
	0xe9, 0x24, 0xfc, 0xff, 0xff, 
	
	0x83, 0xff, 0x2c, 
	0x0f, 0x85, 0x82, 0x04, 0x00, 0x00, 
	0x48, 0x81, 0xfe, 0xff, 0x0f, 0x00, 0x00, 
	0x0f, 0x8f, 0xc6, 0x22, 0x00, 0x00, 
	0x48, 0x8d, 0x4e, 0x01, 
	0x49, 0x89, 0x09, 
	0x49, 0xc7, 0x44, 0xf1, 0x08, 0x03, 0x00, 0x00, 0x00, 
	0xe9, 0xf9, 0xfb, 0xff, 0xff, 
	
	0x49, 0x89, 0x11, 
	0x83, 0xff, 0x7b, 
	0x0f, 0x87, 0xce, 0x29, 0x00, 0x00, 
	
	0x89, 0xf8, 
	0x48, 0x8d, 0x0d, 0x98, 0x2e, 0x00, 0x00, 
	0x48, 0x63, 0x04, 0x81, 
	0x48, 0x01, 0xc8, 
	0xff, 0xe0, 
	
	0x4c, 0x89, 0x6c, 0x24, 0x38, 
	0x4d, 0x8b, 0x6d, 0x08, 
	0x49, 0x8b, 0x03, 
	0x4c, 0x8d, 0x78, 0xff, 
	0x4d, 0x29, 0xfd, 
	0x0f, 0x84, 0x82, 0x29, 0x00, 0x00, 
	0x48, 0x89, 0x44, 0x24, 0x28, 
	0x4d, 0x8d, 0x24, 0x00, 
	0x49, 0x83, 0xc4, 0xff, 
	0x41, 0x80, 0x3c, 0x24, 0x30, 
	0x0f, 0x85, 0x43, 0x00, 0x00, 0x00, 
	0x41, 0xb8, 0x01, 0x00, 0x00, 0x00, 
	0x49, 0x83, 0xfd, 0x01, 
	0x0f, 0x84, 0xae, 0xfb, 0xff, 0xff, 
	0x48, 0x8b, 0x44, 0x24, 0x10, 
	0x48, 0x8b, 0x4c, 0x24, 0x28, 
	0x8a, 0x0c, 0x08, 
	0x80, 0xc1, 0xd2, 
	0x80, 0xf9, 0x37, 
	0x0f, 0x87, 0x95, 0xfb, 0xff, 0xff, 
	0x0f, 0xb6, 0xc1, 
	0x48, 0xb9, 0x01, 0x00, 0x80, 0x00, 0x00, 0x00, 0x80, 0x00, 
	0x48, 0x0f, 0xa3, 0xc1, 
	0x4c, 0x89, 0xf9, 
	0x0f, 0x83, 0x4e, 0xfb, 0xff, 0xff, 
	
	0x49, 0xc7, 0xc3, 0xff, 0xff, 0xff, 0xff, 
	0x49, 0x83, 0xfd, 0x20, 
	0x0f, 0x82, 0x29, 0x16, 0x00, 0x00, 
	0x45, 0x31, 0xc0, 
	0x49, 0xc7, 0xc2, 0xff, 0xff, 0xff, 0xff, 
	0x48, 0xc7, 0x04, 0x24, 0xff, 0xff, 0xff, 0xff, 
	0x90, 0x90, 0x90, 0x90, 
	
	0xc4, 0x81, 0x7e, 0x6f, 0x04, 0x04, 
	0xc4, 0xc1, 0x7d, 0x64, 0xca, 
	0xc5, 0xa5, 0x64, 0xd0, 
	0xc5, 0xed, 0xdb, 0xc9, 
	0xc5, 0x9d, 0x74, 0xd0, 
	0xc5, 0x95, 0x74, 0xd8, 
	0xc5, 0xe5, 0xeb, 0xd2, 
	0xc5, 0x8d, 0xdb, 0xd8, 
	0xc5, 0x85, 0x74, 0xc0, 
	0xc5, 0xfd, 0xd7, 0xd0, 
	0xc5, 0xe5, 0x74, 0xdc, 
	0xc5, 0xfd, 0xd7, 0xfb, 
	0xc5, 0xfd, 0xd7, 0xf2, 
	0xc5, 0xf5, 0xeb, 0xc0, 
	0xc5, 0xe5, 0xeb, 0xca, 
	0xc5, 0xfd, 0xeb, 0xc1, 
	0xc5, 0xfd, 0xd7, 0xc0, 
	0x48, 0xf7, 0xd0, 
	0x48, 0x0f, 0xbc, 0xc8, 
	0x83, 0xf9, 0x20, 
	0x0f, 0x84, 0x11, 0x00, 0x00, 0x00, 
	0xb8, 0xff, 0xff, 0xff, 0xff, 
	0xd3, 0xe0, 
	0xf7, 0xd0, 
	0x21, 0xc2, 
	0x21, 0xc7, 
	0x21, 0xf0, 
	0x89, 0xc6, 
	
	0x8d, 0x5a, 0xff, 
	0x21, 0xd3, 
	0x0f, 0x85, 0xf1, 0x10, 0x00, 0x00, 
	0x8d, 0x5f, 0xff, 
	0x21, 0xfb, 
	0x0f, 0x85, 0xe6, 0x10, 0x00, 0x00, 
	0x8d, 0x5e, 0xff, 
	0x21, 0xf3, 
	0x0f, 0x85, 0xdb, 0x10, 0x00, 0x00, 
	0x85, 0xd2, 
	0x0f, 0x84, 0x15, 0x00, 0x00, 0x00, 
	0x0f, 0xbc, 0xd2, 
	0x48, 0x83, 0x3c, 0x24, 0xff, 
	0x0f, 0x85, 0x65, 0x12, 0x00, 0x00, 
	0x4c, 0x01, 0xc2, 
	0x48, 0x89, 0x14, 0x24, 
	
	0x85, 0xff, 
	0x0f, 0x84, 0x13, 0x00, 0x00, 0x00, 
	0x0f, 0xbc, 0xd7, 
	0x49, 0x83, 0xfa, 0xff, 
	0x0f, 0x85, 0x49, 0x12, 0x00, 0x00, 
	0x4c, 0x01, 0xc2, 
	0x49, 0x89, 0xd2, 
	
	0x85, 0xf6, 
	0x0f, 0x84, 0x13, 0x00, 0x00, 0x00, 
	0x0f, 0xbc, 0xd6, 
	0x49, 0x83, 0xfb, 0xff, 
	0x0f, 0x85, 0x2e, 0x12, 0x00, 0x00, 
	0x4c, 0x01, 0xc2, 
	0x49, 0x89, 0xd3, 
	
	0x83, 0xf9, 0x20, 
	0x0f, 0x85, 0xbf, 0x05, 0x00, 0x00, 
	0x49, 0x83, 0xc5, 0xe0, 
	0x49, 0x83, 0xc0, 0x20, 
	0x49, 0x83, 0xfd, 0x1f, 
	0x0f, 0x87, 0x09, 0xff, 0xff, 0xff, 
	0xc5, 0xf8, 0x77, 
	0xc5, 0x7e, 0x6f, 0x3d, 0x0e, 0xf5, 0xff, 0xff, 
	0xc5, 0x7e, 0x6f, 0x35, 0x86, 0xf3, 0xff, 0xff, 
	0xc5, 0x7e, 0x6f, 0x2d, 0xde, 0xf4, 0xff, 0xff, 
	0xc5, 0x7e, 0x6f, 0x25, 0xb6, 0xf4, 0xff, 0xff, 
	0xc5, 0x7e, 0x6f, 0x1d, 0x8e, 0xf4, 0xff, 0xff, 
	0xc5, 0x7e, 0x6f, 0x15, 0x66, 0xf4, 0xff, 0xff, 
	0xc4, 0x41, 0x35, 0x76, 0xc9, 
	0xc5, 0x7e, 0x6f, 0x05, 0x39, 0xf4, 0xff, 0xff, 
	0xc5, 0xfe, 0x6f, 0x3d, 0xb1, 0xf3, 0xff, 0xff, 
	0xc5, 0xfe, 0x6f, 0x35, 0x89, 0xf3, 0xff, 0xff, 
	0xc5, 0xfe, 0x6f, 0x2d, 0x01, 0xf3, 0xff, 0xff, 
	0x4d, 0x01, 0xe0, 
	0x4c, 0x89, 0x4c, 0x24, 0x20, 
	0x49, 0x83, 0xfd, 0x10, 
	0x48, 0x8b, 0x44, 0x24, 0x28, 
	0x0f, 0x82, 0x81, 0x01, 0x00, 0x00, 
	
	0x4c, 0x89, 0xc1, 
	0x48, 0x29, 0xc1, 
	0x48, 0x2b, 0x4c, 0x24, 0x10, 
	0x48, 0x83, 0xc1, 0x01, 
	0x48, 0x89, 0x4c, 0x24, 0x30, 
	0x45, 0x31, 0xc9, 
	0x90, 0x90, 0x90, 
	
	0x4c, 0x89, 0xdb, 
	0x4d, 0x89, 0xd3, 
	0x4d, 0x89, 0xe2, 
	0xc4, 0x81, 0x7a, 0x6f, 0x04, 0x08, 
	0xc5, 0xf9, 0x64, 0x0d, 0xf9, 0xf4, 0xff, 0xff, 
	0xc5, 0xfa, 0x6f, 0x15, 0x01, 0xf5, 0xff, 0xff, 
	0xc5, 0xe9, 0x64, 0xd0, 
	0xc5, 0xf1, 0xdb, 0xca, 
	0xc5, 0xf9, 0x74, 0x15, 0x01, 0xf5, 0xff, 0xff, 
	0xc5, 0xf9, 0x74, 0x1d, 0x09, 0xf5, 0xff, 0xff, 
	0xc5, 0xe1, 0xeb, 0xd2, 
	0xc5, 0xf9, 0xdb, 0x1d, 0x9d, 0xf4, 0xff, 0xff, 
	0xc5, 0xf9, 0x74, 0x05, 0x05, 0xf5, 0xff, 0xff, 
	0xc5, 0xe1, 0x74, 0x1d, 0x0d, 0xf5, 0xff, 0xff, 
	0xc5, 0xe1, 0xeb, 0xe0, 
	0xc5, 0xe9, 0xeb, 0xc9, 
	0xc5, 0xd9, 0xeb, 0xc9, 
	0xc5, 0x79, 0xd7, 0xe0, 
	0xc5, 0xf9, 0xd7, 0xd3, 
	0xc5, 0xf9, 0xd7, 0xfa, 
	0xc5, 0xf9, 0xd7, 0xc1, 
	0xf7, 0xd0, 
	0x0f, 0xbc, 0xc8, 
	0x83, 0xf9, 0x10, 
	0x0f, 0x84, 0x12, 0x00, 0x00, 0x00, 
	0xb8, 0xff, 0xff, 0xff, 0xff, 
	0xd3, 0xe0, 
	0xf7, 0xd0, 
	0x41, 0x21, 0xc4, 
	0x21, 0xc2, 
	0x21, 0xf8, 
	0x89, 0xc7, 
	
	0xc5, 0xfe, 0x6f, 0x25, 0x19, 0xf4, 0xff, 0xff, 
	0x41, 0x8d, 0x74, 0x24, 0xff, 
	0x44, 0x21, 0xe6, 
	0x0f, 0x85, 0xaa, 0x11, 0x00, 0x00, 
	0x8d, 0x72, 0xff, 
	0x21, 0xd6, 
	0x0f, 0x85, 0x9f, 0x11, 0x00, 0x00, 
	0x8d, 0x77, 0xff, 
	0x21, 0xfe, 
	0x0f, 0x85, 0x94, 0x11, 0x00, 0x00, 
	0x45, 0x85, 0xe4, 
	0x0f, 0x84, 0x1e, 0x00, 0x00, 0x00, 
	0x41, 0x0f, 0xbc, 0xf4, 
	0x48, 0x83, 0x3c, 0x24, 0xff, 
	0x0f, 0x85, 0x94, 0x12, 0x00, 0x00, 
	0x48, 0x8b, 0x44, 0x24, 0x30, 
	0x4c, 0x01, 0xc8, 
	0x48, 0x01, 0xc6, 
	0x48, 0x89, 0x34, 0x24, 
	
	0x85, 0xd2, 
	0x4d, 0x89, 0xd4, 
	0x0f, 0x84, 0x33, 0x00, 0x00, 0x00, 
	0x0f, 0xbc, 0xd2, 
	0x49, 0x83, 0xfb, 0xff, 
	0x0f, 0x85, 0x31, 0x12, 0x00, 0x00, 
	0x48, 0x8b, 0x44, 0x24, 0x30, 
	0x4c, 0x01, 0xc8, 
	0x48, 0x01, 0xc2, 
	0x49, 0x89, 0xd2, 
	0x85, 0xff, 
	0x49, 0x89, 0xdb, 
	0x0f, 0x85, 0x1b, 0x00, 0x00, 0x00, 
	0xe9, 0x31, 0x00, 0x00, 0x00, 
	0x90, 0x90, 0x90, 0x90, 0x90, 0x90, 0x90, 0x90, 
	
	0x4d, 0x89, 0xda, 
	0x85, 0xff, 
	0x49, 0x89, 0xdb, 
	0x0f, 0x84, 0x1b, 0x00, 0x00, 0x00, 
	
	0x0f, 0xbc, 0xd7, 
	0x49, 0x83, 0xfb, 0xff, 
	0x0f, 0x85, 0xf0, 0x11, 0x00, 0x00, 
	0x48, 0x8b, 0x44, 0x24, 0x30, 
	0x4c, 0x01, 0xc8, 
	0x48, 0x01, 0xc2, 
	0x49, 0x89, 0xd3, 
	
	0x83, 0xf9, 0x10, 
	0x0f, 0x85, 0x89, 0x05, 0x00, 0x00, 
	0x49, 0x83, 0xc5, 0xf0, 
	0x49, 0x83, 0xc1, 0x10, 
	0x49, 0x83, 0xfd, 0x0f, 
	0x0f, 0x87, 0x9c, 0xfe, 0xff, 0xff, 
	0x4d, 0x01, 0xc8, 
	
	0x4d, 0x85, 0xed, 
	0x4c, 0x8b, 0x4c, 0x24, 0x20, 
	0xc5, 0xfe, 0x6f, 0x25, 0x39, 0xf3, 0xff, 0xff, 
	0x48, 0x8b, 0x44, 0x24, 0x28, 
	0x0f, 0x84, 0x82, 0x05, 0x00, 0x00, 
	0x4b, 0x8d, 0x34, 0x28, 
	0x4c, 0x89, 0xc7, 
	0x48, 0x29, 0xc7, 
	0x48, 0x2b, 0x7c, 0x24, 0x10, 
	0x48, 0x83, 0xc7, 0x01, 
	0x31, 0xc9, 
	0xe9, 0x21, 0x00, 0x00, 0x00, 
	
	0x49, 0x83, 0xfb, 0xff, 
	0x0f, 0x85, 0xb1, 0x10, 0x00, 0x00, 
	0x4c, 0x8d, 0x1c, 0x0f, 
	0x90, 0x90, 0x90, 0x90, 0x90, 0x90, 
	
	0x48, 0x83, 0xc1, 0x01, 
	0x49, 0x39, 0xcd, 
	0x0f, 0x84, 0xe3, 0x0d, 0x00, 0x00, 
	
	0x41, 0x0f, 0xbe, 0x14, 0x08, 
	0x8d, 0x42, 0xd0, 
	0x83, 0xf8, 0x0a, 
	0x0f, 0x82, 0xe2, 0xff, 0xff, 0xff, 
	0x8d, 0x5a, 0xd5, 
	0x83, 0xfb, 0x1a, 
	0x0f, 0x87, 0x28, 0x00, 0x00, 0x00, 
	0x48, 0x8d, 0x15, 0xef, 0x2c, 0x00, 0x00, 
	0x48, 0x63, 0x04, 0x9a, 
	0x48, 0x01, 0xd0, 
	0xff, 0xe0, 
	
	0x48, 0x83, 0x3c, 0x24, 0xff, 
	0x0f, 0x85, 0x62, 0x10, 0x00, 0x00, 
	0x48, 0x8d, 0x04, 0x0f, 
	0x48, 0x89, 0x04, 0x24, 
	0xe9, 0xae, 0xff, 0xff, 0xff, 
	
	0x83, 0xfa, 0x65, 
	0x0f, 0x85, 0xf6, 0x04, 0x00, 0x00, 
	
	0x49, 0x83, 0xfa, 0xff, 
	0x0f, 0x85, 0x42, 0x10, 0x00, 0x00, 
	0x4c, 0x8d, 0x14, 0x0f, 
	0xe9, 0x92, 0xff, 0xff, 0xff, 
	
	0x83, 0xff, 0x22, 
	0x0f, 0x84, 0x3f, 0x00, 0x00, 0x00, 
	
	0x83, 0xff, 0x7d, 
	0x0f, 0x85, 0x71, 0x25, 0x00, 0x00, 
	
	0x49, 0x89, 0x11, 
	0x4d, 0x89, 0xf7, 
	0x48, 0x85, 0xd2, 
	0x0f, 0x85, 0xa1, 0xf7, 0xff, 0xff, 
	0xe9, 0x64, 0x25, 0x00, 0x00, 
	
	0x48, 0x81, 0xfe, 0xff, 0x0f, 0x00, 0x00, 
	0x0f, 0x8f, 0x27, 0x1e, 0x00, 0x00, 
	0x48, 0x8d, 0x4e, 0x01, 
	0x49, 0x89, 0x09, 
	0x49, 0xc7, 0x44, 0xf1, 0x08, 0x00, 0x00, 0x00, 0x00, 
	0xe9, 0x5a, 0xf7, 0xff, 0xff, 
	
	0x49, 0xc7, 0x04, 0xf1, 0x02, 0x00, 0x00, 0x00, 
	0x4d, 0x8b, 0x03, 
	0x4d, 0x8b, 0x65, 0x08, 
	0x4c, 0x89, 0xe3, 
	0x41, 0xf6, 0xc2, 0x20, 
	0x0f, 0x85, 0xc7, 0x02, 0x00, 0x00, 
	0x4c, 0x29, 0xc3, 
	0x0f, 0x84, 0xed, 0x26, 0x00, 0x00, 
	0x48, 0x83, 0xfb, 0x40, 
	0x0f, 0x82, 0xdc, 0x12, 0x00, 0x00, 
	0x4c, 0x89, 0xc6, 
	0x48, 0xf7, 0xd6, 
	0x48, 0xc7, 0x04, 0x24, 0xff, 0xff, 0xff, 0xff, 
	0x4d, 0x89, 0xc7, 
	0x45, 0x31, 0xd2, 
	0x90, 0x90, 0x90, 0x90, 0x90, 0x90, 0x90, 
	
	0x48, 0x8b, 0x44, 0x24, 0x10, 
	0xc4, 0xa1, 0x7e, 0x6f, 0x04, 0x38, 
	0xc4, 0xa1, 0x7e, 0x6f, 0x4c, 0x38, 0x20, 
	0xc5, 0xfd, 0x74, 0xd6, 
	0xc5, 0xfd, 0xd7, 0xfa, 
	0xc5, 0xf5, 0x74, 0xd6, 
	0xc5, 0xfd, 0xd7, 0xc2, 
	0xc5, 0xfd, 0x74, 0xc7, 
	0xc5, 0xfd, 0xd7, 0xd0, 
	0xc5, 0xf5, 0x74, 0xc7, 
	0xc5, 0xfd, 0xd7, 0xc8, 
	0x48, 0xc1, 0xe0, 0x20, 
	0x48, 0x09, 0xc7, 
	0x48, 0xc1, 0xe1, 0x20, 
	0x48, 0x09, 0xca, 
	0x0f, 0x85, 0x30, 0x00, 0x00, 0x00, 
	0x4d, 0x85, 0xd2, 
	0x0f, 0x85, 0x4d, 0x00, 0x00, 0x00, 
	0x45, 0x31, 0xd2, 
	0x48, 0x85, 0xff, 
	0x0f, 0x85, 0xa9, 0x00, 0x00, 0x00, 
	
	0x48, 0x83, 0xc3, 0xc0, 
	0x48, 0x83, 0xc6, 0xc0, 
	0x49, 0x83, 0xc7, 0x40, 
	0x48, 0x83, 0xfb, 0x3f, 
	0x0f, 0x87, 0x8f, 0xff, 0xff, 0xff, 
	0xe9, 0x60, 0x0f, 0x00, 0x00, 
	
	0x4c, 0x89, 0x4c, 0x24, 0x20, 
	0x4d, 0x89, 0xe9, 
	0x4d, 0x89, 0xdd, 
	0x48, 0x83, 0x3c, 0x24, 0xff, 
	0x0f, 0x85, 0x1b, 0x00, 0x00, 0x00, 
	0x48, 0x0f, 0xbc, 0xc2, 
	0x4c, 0x01, 0xf8, 
	0x48, 0x89, 0x04, 0x24, 
	0xe9, 0x0b, 0x00, 0x00, 0x00, 
	
	0x4c, 0x89, 0x4c, 0x24, 0x20, 
	0x4d, 0x89, 0xe9, 
	0x4d, 0x89, 0xdd, 
	
	0x4c, 0x89, 0xd0, 
	0x48, 0xf7, 0xd0, 
	0x48, 0x21, 0xd0, 
	0x4c, 0x8d, 0x1c, 0x00, 
	0x4d, 0x09, 0xd3, 
	0x4c, 0x89, 0xd9, 
	0x48, 0xf7, 0xd1, 
	0x48, 0x21, 0xd1, 
	0x48, 0xba, 0xaa, 0xaa, 0xaa, 0xaa, 0xaa, 0xaa, 0xaa, 0xaa, 
	0x48, 0x21, 0xd1, 
	0x45, 0x31, 0xd2, 
	0x48, 0x01, 0xc1, 
	0x41, 0x0f, 0x92, 0xc2, 
	0x48, 0x01, 0xc9, 
	0x48, 0xb8, 0x55, 0x55, 0x55, 0x55, 0x55, 0x55, 0x55, 0x55, 
	0x48, 0x31, 0xc1, 
	0x4c, 0x21, 0xd9, 
	0x48, 0xf7, 0xd1, 
	0x48, 0x21, 0xcf, 
	0x4d, 0x89, 0xeb, 
	0x4d, 0x89, 0xcd, 
	0x4c, 0x8b, 0x4c, 0x24, 0x20, 
	0x48, 0x85, 0xff, 
	0x0f, 0x84, 0x57, 0xff, 0xff, 0xff, 
	
	0x4c, 0x0f, 0xbc, 0xff, 
	0x49, 0x29, 0xf7, 
	0x4c, 0x8b, 0x54, 0x24, 0x18, 
	0xe9, 0x42, 0x04, 0x00, 0x00, 
	
	0x4c, 0x89, 0xc8, 
	0x4d, 0x89, 0xe9, 
	0x4d, 0x89, 0xe5, 
	0x4d, 0x29, 0xc5, 
	0x0f, 0x84, 0xa1, 0x25, 0x00, 0x00, 
	0x49, 0x83, 0xfd, 0x40, 
	0x0f, 0x82, 0x32, 0x11, 0x00, 0x00, 
	0x48, 0xc7, 0x04, 0x24, 0xff, 0xff, 0xff, 0xff, 
	0x4d, 0x89, 0xc7, 
	0x45, 0x31, 0xdb, 
	0x90, 
	
	0x48, 0x8b, 0x4c, 0x24, 0x10, 
	0xc4, 0xa1, 0x7e, 0x6f, 0x04, 0x39, 
	0xc4, 0xa1, 0x7e, 0x6f, 0x4c, 0x39, 0x20, 
	0xc5, 0xfd, 0x74, 0xd6, 
	0xc5, 0xfd, 0xd7, 0xfa, 
	0xc5, 0xf5, 0x74, 0xd6, 
	0xc5, 0xfd, 0xd7, 0xca, 
	0xc5, 0xfd, 0x74, 0xd7, 
	0xc5, 0xfd, 0xd7, 0xd2, 
	0xc5, 0xf5, 0x74, 0xd7, 
	0xc5, 0xfd, 0xd7, 0xda, 
	0xc5, 0xbd, 0x64, 0xd1, 
	0xc4, 0xc1, 0x75, 0x64, 0xc9, 
	0xc5, 0xed, 0xdb, 0xc9, 
	0xc5, 0xfd, 0xd7, 0xf1, 
	0x48, 0xc1, 0xe1, 0x20, 
	0x48, 0x09, 0xcf, 
	0x48, 0xc1, 0xe3, 0x20, 
	0x48, 0xc1, 0xe6, 0x20, 
	0x48, 0x09, 0xda, 
	0x0f, 0x85, 0x49, 0x00, 0x00, 0x00, 
	0x4d, 0x85, 0xdb, 
	0x0f, 0x85, 0x56, 0x00, 0x00, 0x00, 
	0x45, 0x31, 0xdb, 
	
	0xc5, 0xbd, 0x64, 0xc8, 
	0xc4, 0xc1, 0x7d, 0x64, 0xc1, 
	0xc5, 0xf5, 0xdb, 0xc0, 
	0xc5, 0xfd, 0xd7, 0xc8, 
	0x48, 0x09, 0xce, 
	0x48, 0x85, 0xff, 
	0x0f, 0x85, 0x89, 0x00, 0x00, 0x00, 
	0x48, 0x85, 0xf6, 
	0x0f, 0x85, 0x8a, 0x23, 0x00, 0x00, 
	0x49, 0x83, 0xc5, 0xc0, 
	0x49, 0x83, 0xc7, 0x40, 
	0x49, 0x83, 0xfd, 0x3f, 
	0x0f, 0x87, 0x61, 0xff, 0xff, 0xff, 
	0xe9, 0x58, 0x0d, 0x00, 0x00, 
	
	0x48, 0x83, 0x3c, 0x24, 0xff, 
	0x0f, 0x85, 0x0b, 0x00, 0x00, 0x00, 
	0x48, 0x0f, 0xbc, 0xca, 
	0x4c, 0x01, 0xf9, 
	0x48, 0x89, 0x0c, 0x24, 
	
	0x4c, 0x89, 0xd9, 
	0x48, 0xf7, 0xd1, 
	0x48, 0x21, 0xd1, 
	0x4c, 0x8d, 0x14, 0x09, 
	0x4d, 0x09, 0xda, 
	0x4c, 0x89, 0xd3, 
	0x48, 0xf7, 0xd3, 
	0x48, 0x21, 0xd3, 
	0x48, 0xba, 0xaa, 0xaa, 0xaa, 0xaa, 0xaa, 0xaa, 0xaa, 0xaa, 
	0x48, 0x21, 0xd3, 
	0x45, 0x31, 0xdb, 
	0x48, 0x01, 0xcb, 
	0x41, 0x0f, 0x92, 0xc3, 
	0x48, 0x01, 0xdb, 
	0x48, 0xb9, 0x55, 0x55, 0x55, 0x55, 0x55, 0x55, 0x55, 0x55, 
	0x48, 0x31, 0xcb, 
	0x4c, 0x21, 0xd3, 
	0x48, 0xf7, 0xd3, 
	0x48, 0x21, 0xdf, 
	0x4c, 0x8b, 0x54, 0x24, 0x18, 
	0xe9, 0x5a, 0xff, 0xff, 0xff, 
	
	0x48, 0x0f, 0xbc, 0xcf, 
	0x48, 0x85, 0xf6, 
	0x0f, 0x84, 0x97, 0x01, 0x00, 0x00, 
	0x48, 0x0f, 0xbc, 0xd6, 
	0x4c, 0x8b, 0x5c, 0x24, 0x08, 
	0x4d, 0x89, 0xcd, 
	0x48, 0x39, 0xca, 
	0x0f, 0x83, 0x98, 0x01, 0x00, 0x00, 
	0xe9, 0x6f, 0x24, 0x00, 0x00, 
	
	0x4c, 0x01, 0xc1, 
	0x4c, 0x01, 0xe1, 
	0xc5, 0xf8, 0x77, 
	0x49, 0x89, 0xc8, 
	0x48, 0xc7, 0xc1, 0xff, 0xff, 0xff, 0xff, 
	0x48, 0x8b, 0x14, 0x24, 
	0x48, 0x85, 0xd2, 
	0x0f, 0x85, 0xd4, 0x01, 0x00, 0x00, 
	0xe9, 0x46, 0x22, 0x00, 0x00, 
	
	0x4c, 0x29, 0xc3, 
	0x0f, 0x84, 0x26, 0x24, 0x00, 0x00, 
	0x48, 0x83, 0xfb, 0x40, 
	0x0f, 0x82, 0x38, 0x10, 0x00, 0x00, 
	0x48, 0xc7, 0x04, 0x24, 0xff, 0xff, 0xff, 0xff, 
	0x4d, 0x89, 0xc7, 
	0x45, 0x31, 0xdb, 
	0x90, 0x90, 0x90, 0x90, 0x90, 0x90, 
	
	0x48, 0x8b, 0x44, 0x24, 0x10, 
	0xc4, 0xa1, 0x7e, 0x6f, 0x04, 0x38, 
	0xc4, 0xa1, 0x7e, 0x6f, 0x4c, 0x38, 0x20, 
	0xc5, 0xfd, 0x74, 0xd6, 
	0xc5, 0xfd, 0xd7, 0xfa, 
	0xc5, 0xf5, 0x74, 0xd6, 
	0xc5, 0xfd, 0xd7, 0xc2, 
	0xc5, 0xfd, 0x74, 0xd7, 
	0xc5, 0xfd, 0xd7, 0xd2, 
	0xc5, 0xf5, 0x74, 0xd7, 
	0xc5, 0xfd, 0xd7, 0xca, 
	0xc5, 0xbd, 0x64, 0xd1, 
	0xc4, 0xc1, 0x75, 0x64, 0xc9, 
	0xc5, 0xed, 0xdb, 0xc9, 
	0xc5, 0xfd, 0xd7, 0xf1, 
	0x48, 0xc1, 0xe0, 0x20, 
	0x48, 0x09, 0xc7, 
	0x48, 0xc1, 0xe1, 0x20, 
	0x48, 0xc1, 0xe6, 0x20, 
	0x48, 0x09, 0xca, 
	0x0f, 0x85, 0x49, 0x00, 0x00, 0x00, 
	0x4d, 0x85, 0xdb, 
	0x0f, 0x85, 0x56, 0x00, 0x00, 0x00, 
	0x45, 0x31, 0xdb, 
	
	0xc5, 0xbd, 0x64, 0xc8, 
	0xc4, 0xc1, 0x7d, 0x64, 0xc1, 
	0xc5, 0xf5, 0xdb, 0xc0, 
	0xc5, 0xfd, 0xd7, 0xc0, 
	0x48, 0x09, 0xc6, 
	0x48, 0x85, 0xff, 
	0x0f, 0x85, 0x89, 0x00, 0x00, 0x00, 
	0x48, 0x85, 0xf6, 
	0x0f, 0x85, 0x0a, 0x22, 0x00, 0x00, 
	0x48, 0x83, 0xc3, 0xc0, 
	0x49, 0x83, 0xc7, 0x40, 
	0x48, 0x83, 0xfb, 0x3f, 
	0x0f, 0x87, 0x61, 0xff, 0xff, 0xff, 
	0xe9, 0xcd, 0x0c, 0x00, 0x00, 
	
	0x48, 0x83, 0x3c, 0x24, 0xff, 
	0x0f, 0x85, 0x0b, 0x00, 0x00, 0x00, 
	0x48, 0x0f, 0xbc, 0xc2, 
	0x4c, 0x01, 0xf8, 
	0x48, 0x89, 0x04, 0x24, 
	
	0x4c, 0x89, 0xd8, 
	0x48, 0xf7, 0xd0, 
	0x48, 0x21, 0xd0, 
	0x4c, 0x8d, 0x14, 0x00, 
	0x4d, 0x09, 0xda, 
	0x4c, 0x89, 0xd1, 
	0x48, 0xf7, 0xd1, 
	0x48, 0x21, 0xd1, 
	0x48, 0xba, 0xaa, 0xaa, 0xaa, 0xaa, 0xaa, 0xaa, 0xaa, 0xaa, 
	0x48, 0x21, 0xd1, 
	0x45, 0x31, 0xdb, 
	0x48, 0x01, 0xc1, 
	0x41, 0x0f, 0x92, 0xc3, 
	0x48, 0x01, 0xc9, 
	0x48, 0xb8, 0x55, 0x55, 0x55, 0x55, 0x55, 0x55, 0x55, 0x55, 
	0x48, 0x31, 0xc1, 
	0x4c, 0x21, 0xd1, 
	0x48, 0xf7, 0xd1, 
	0x48, 0x21, 0xcf, 
	0x4c, 0x8b, 0x54, 0x24, 0x18, 
	0xe9, 0x5a, 0xff, 0xff, 0xff, 
	
	0x48, 0x0f, 0xbc, 0xcf, 
	0x48, 0x85, 0xf6, 
	0x0f, 0x84, 0x63, 0x01, 0x00, 0x00, 
	0x48, 0x0f, 0xbc, 0xd6, 
	0x4c, 0x8b, 0x5c, 0x24, 0x08, 
	0x48, 0x39, 0xca, 
	0x0f, 0x83, 0x64, 0x01, 0x00, 0x00, 
	0xe9, 0xf2, 0x22, 0x00, 0x00, 
	
	0xba, 0x40, 0x00, 0x00, 0x00, 
	0x4c, 0x8b, 0x5c, 0x24, 0x08, 
	0x4d, 0x89, 0xcd, 
	0x48, 0x39, 0xca, 
	0x0f, 0x82, 0xdc, 0x22, 0x00, 0x00, 
	
	0x49, 0x89, 0xc1, 
	0x49, 0x01, 0xcf, 
	0x49, 0x83, 0xc7, 0x01, 
	
	0x4d, 0x85, 0xff, 
	0x0f, 0x88, 0xba, 0x19, 0x00, 0x00, 
	
	0x4d, 0x89, 0x3b, 
	0x4d, 0x85, 0xc0, 
	0x0f, 0x8f, 0xea, 0xf2, 0xff, 0xff, 
	0xe9, 0xc9, 0x19, 0x00, 0x00, 
	
	0x89, 0xc8, 
	0x49, 0x01, 0xc0, 
	0x4d, 0x01, 0xc8, 
	0x4c, 0x8b, 0x4c, 0x24, 0x20, 
	0x48, 0xc7, 0xc1, 0xff, 0xff, 0xff, 0xff, 
	0x48, 0x8b, 0x14, 0x24, 
	0x48, 0x85, 0xd2, 
	0x0f, 0x85, 0x1c, 0x00, 0x00, 0x00, 
	0xe9, 0x8e, 0x20, 0x00, 0x00, 
	
	0x49, 0x01, 0xc8, 
	
	0x48, 0xc7, 0xc1, 0xff, 0xff, 0xff, 0xff, 
	0x48, 0x8b, 0x14, 0x24, 
	0x48, 0x85, 0xd2, 
	0x0f, 0x84, 0x77, 0x20, 0x00, 0x00, 
	
	0x4d, 0x85, 0xdb, 
	0x0f, 0x84, 0x6e, 0x20, 0x00, 0x00, 
	0x4d, 0x85, 0xd2, 
	0x0f, 0x84, 0x65, 0x20, 0x00, 0x00, 
	0x4d, 0x29, 0xe0, 
	0x49, 0x8d, 0x48, 0xff, 
	0x48, 0x39, 0xca, 
	0x0f, 0x84, 0xf3, 0xf1, 0xff, 0xff, 
	0x49, 0x39, 0xcb, 
	0x0f, 0x84, 0xea, 0xf1, 0xff, 0xff, 
	0x49, 0x39, 0xca, 
	0x0f, 0x84, 0xe1, 0xf1, 0xff, 0xff, 
	0x4d, 0x85, 0xdb, 
	0xc5, 0xfe, 0x6f, 0x2d, 0x79, 0xeb, 0xff, 0xff, 
	0xc5, 0xfe, 0x6f, 0x35, 0xf1, 0xeb, 0xff, 0xff, 
	0xc5, 0xfe, 0x6f, 0x3d, 0x09, 0xec, 0xff, 0xff, 
	0xc5, 0x7e, 0x6f, 0x05, 0x81, 0xec, 0xff, 0xff, 
	0xc4, 0x41, 0x35, 0x76, 0xc9, 
	0xc5, 0x7e, 0x6f, 0x15, 0x94, 0xec, 0xff, 0xff, 
	0xc5, 0x7e, 0x6f, 0x1d, 0xac, 0xec, 0xff, 0xff, 
	0xc5, 0x7e, 0x6f, 0x25, 0xc4, 0xec, 0xff, 0xff, 
	0xc5, 0x7e, 0x6f, 0x2d, 0xdc, 0xec, 0xff, 0xff, 
	0xc5, 0x7e, 0x6f, 0x35, 0x74, 0xeb, 0xff, 0xff, 
	0xc5, 0x7e, 0x6f, 0x3d, 0xec, 0xec, 0xff, 0xff, 
	0xc5, 0xfe, 0x6f, 0x25, 0x04, 0xed, 0xff, 0xff, 
	0x0f, 0x8e, 0x18, 0x00, 0x00, 0x00, 
	0x49, 0x8d, 0x43, 0xff, 
	0x49, 0x39, 0xc2, 
	0x0f, 0x84, 0x0b, 0x00, 0x00, 0x00, 
	0x49, 0xf7, 0xd3, 
	0x4d, 0x89, 0xd8, 
	0xe9, 0xa4, 0x0a, 0x00, 0x00, 
	
	0x48, 0x89, 0xd0, 
	0x4c, 0x09, 0xd0, 
	0x0f, 0x99, 0xc1, 
	0x0f, 0x88, 0xe1, 0x02, 0x00, 0x00, 
	0x4c, 0x39, 0xd2, 
	0x0f, 0x8c, 0xd8, 0x02, 0x00, 0x00, 
	0x48, 0xf7, 0xd2, 
	0x49, 0x89, 0xd0, 
	0xe9, 0x81, 0x0a, 0x00, 0x00, 
	
	0xba, 0x40, 0x00, 0x00, 0x00, 
	0x4c, 0x8b, 0x5c, 0x24, 0x08, 
	0x48, 0x39, 0xca, 
	0x0f, 0x82, 0x93, 0x21, 0x00, 0x00, 
	
	0x49, 0x01, 0xcf, 
	0x49, 0x83, 0xc7, 0x01, 
	
	0x4d, 0x85, 0xff, 
	0x0f, 0x88, 0x74, 0x18, 0x00, 0x00, 
	0x4d, 0x89, 0x3b, 
	0x4d, 0x85, 0xc0, 
	0x0f, 0x8e, 0x88, 0x18, 0x00, 0x00, 
	0x49, 0x8b, 0x09, 
	0x48, 0x81, 0xf9, 0xff, 0x0f, 0x00, 0x00, 
	0x0f, 0x8f, 0x4c, 0x18, 0x00, 0x00, 
	0x48, 0x8d, 0x41, 0x01, 
	0x49, 0x89, 0x01, 
	0x49, 0xc7, 0x44, 0xc9, 0x08, 0x04, 0x00, 0x00, 0x00, 
	0xe9, 0x7f, 0xf1, 0xff, 0xff, 
	
	0x4d, 0x8b, 0x03, 
	0x4d, 0x8b, 0x65, 0x08, 
	0x4c, 0x89, 0xe3, 
	0x41, 0xf6, 0xc2, 0x20, 
	0x0f, 0x85, 0x7e, 0x02, 0x00, 0x00, 
	0x4c, 0x29, 0xc3, 
	0x0f, 0x84, 0x1a, 0x21, 0x00, 0x00, 
	0x48, 0x83, 0xfb, 0x40, 
	0x0f, 0x82, 0x7c, 0x0d, 0x00, 0x00, 
	0x4c, 0x89, 0xc6, 
	0x48, 0xf7, 0xd6, 
	0x48, 0xc7, 0x04, 0x24, 0xff, 0xff, 0xff, 0xff, 
	0x4d, 0x89, 0xc7, 
	0x45, 0x31, 0xd2, 
	0x90, 0x90, 0x90, 0x90, 
	
	0x48, 0x8b, 0x44, 0x24, 0x10, 
	0xc4, 0xa1, 0x7e, 0x6f, 0x04, 0x38, 
	0xc4, 0xa1, 0x7e, 0x6f, 0x4c, 0x38, 0x20, 
	0xc5, 0xfd, 0x74, 0xd6, 
	0xc5, 0xfd, 0xd7, 0xfa, 
	0xc5, 0xf5, 0x74, 0xd6, 
	0xc5, 0xfd, 0xd7, 0xc2, 
	0xc5, 0xfd, 0x74, 0xc7, 
	0xc5, 0xfd, 0xd7, 0xd0, 
	0xc5, 0xf5, 0x74, 0xc7, 
	0xc5, 0xfd, 0xd7, 0xc8, 
	0x48, 0xc1, 0xe0, 0x20, 
	0x48, 0x09, 0xc7, 
	0x48, 0xc1, 0xe1, 0x20, 
	0x48, 0x09, 0xca, 
	0x0f, 0x85, 0x30, 0x00, 0x00, 0x00, 
	0x4d, 0x85, 0xd2, 
	0x0f, 0x85, 0x4d, 0x00, 0x00, 0x00, 
	0x45, 0x31, 0xd2, 
	0x48, 0x85, 0xff, 
	0x0f, 0x85, 0xa9, 0x00, 0x00, 0x00, 
	
	0x48, 0x83, 0xc3, 0xc0, 
	0x48, 0x83, 0xc6, 0xc0, 
	0x49, 0x83, 0xc7, 0x40, 
	0x48, 0x83, 0xfb, 0x3f, 
	0x0f, 0x87, 0x8f, 0xff, 0xff, 0xff, 
	0xe9, 0xaa, 0x0a, 0x00, 0x00, 
	
	0x4c, 0x89, 0x4c, 0x24, 0x20, 
	0x4d, 0x89, 0xe9, 
	0x4d, 0x89, 0xdd, 
	0x48, 0x83, 0x3c, 0x24, 0xff, 
	0x0f, 0x85, 0x1b, 0x00, 0x00, 0x00, 
	0x48, 0x0f, 0xbc, 0xc2, 
	0x4c, 0x01, 0xf8, 
	0x48, 0x89, 0x04, 0x24, 
	0xe9, 0x0b, 0x00, 0x00, 0x00, 
	
	0x4c, 0x89, 0x4c, 0x24, 0x20, 
	0x4d, 0x89, 0xe9, 
	0x4d, 0x89, 0xdd, 
	
	0x4c, 0x89, 0xd0, 
	0x48, 0xf7, 0xd0, 
	0x48, 0x21, 0xd0, 
	0x4c, 0x8d, 0x1c, 0x00, 
	0x4d, 0x09, 0xd3, 
	0x4c, 0x89, 0xd9, 
	0x48, 0xf7, 0xd1, 
	0x48, 0x21, 0xd1, 
	0x48, 0xba, 0xaa, 0xaa, 0xaa, 0xaa, 0xaa, 0xaa, 0xaa, 0xaa, 
	0x48, 0x21, 0xd1, 
	0x45, 0x31, 0xd2, 
	0x48, 0x01, 0xc1, 
	0x41, 0x0f, 0x92, 0xc2, 
	0x48, 0x01, 0xc9, 
	0x48, 0xb8, 0x55, 0x55, 0x55, 0x55, 0x55, 0x55, 0x55, 0x55, 
	0x48, 0x31, 0xc1, 
	0x4c, 0x21, 0xd9, 
	0x48, 0xf7, 0xd1, 
	0x48, 0x21, 0xcf, 
	0x4d, 0x89, 0xeb, 
	0x4d, 0x89, 0xcd, 
	0x4c, 0x8b, 0x4c, 0x24, 0x20, 
	0x48, 0x85, 0xff, 
	0x0f, 0x84, 0x57, 0xff, 0xff, 0xff, 
	
	0x4c, 0x0f, 0xbc, 0xff, 
	0x49, 0x29, 0xf7, 
	0x4c, 0x8b, 0x54, 0x24, 0x18, 
	0xe9, 0x41, 0x06, 0x00, 0x00, 
	
	0x4d, 0x8b, 0x55, 0x08, 
	0x4d, 0x8b, 0x3b, 
	0x4d, 0x29, 0xfa, 
	0x0f, 0x84, 0x9a, 0x1e, 0x00, 0x00, 
	0x4b, 0x8d, 0x04, 0x38, 
	0x48, 0x89, 0x44, 0x24, 0x30, 
	0x80, 0x38, 0x30, 
	0x0f, 0x85, 0x9a, 0x02, 0x00, 0x00, 
	0x41, 0xbc, 0x01, 0x00, 0x00, 0x00, 
	0x49, 0x83, 0xfa, 0x01, 
	0x0f, 0x85, 0x5c, 0x02, 0x00, 0x00, 
	
	0x4c, 0x89, 0xf9, 
	0xe9, 0x08, 0x0b, 0x00, 0x00, 
	
	0x49, 0x8b, 0x09, 
	0x48, 0x81, 0xf9, 0xff, 0x0f, 0x00, 0x00, 
	0x0f, 0x8f, 0x99, 0x16, 0x00, 0x00, 
	0x48, 0x8d, 0x41, 0x01, 
	0x49, 0x89, 0x01, 
	0x49, 0xc7, 0x44, 0xc9, 0x08, 0x05, 0x00, 0x00, 0x00, 
	0xe9, 0xcc, 0xef, 0xff, 0xff, 
	
	0x49, 0x8b, 0x0b, 
	0x49, 0x8b, 0x55, 0x08, 
	0x48, 0x8d, 0x42, 0xfc, 
	0x48, 0x39, 0xc1, 
	0x0f, 0x87, 0x94, 0x16, 0x00, 0x00, 
	0x41, 0x8b, 0x14, 0x08, 
	0x81, 0xfa, 0x61, 0x6c, 0x73, 0x65, 
	0x0f, 0x85, 0x33, 0x1e, 0x00, 0x00, 
	0x48, 0x8d, 0x41, 0x04, 
	0x49, 0x89, 0x03, 
	0x48, 0x85, 0xc9, 
	0x0f, 0x8f, 0x98, 0xef, 0xff, 0xff, 
	0xe9, 0x08, 0x1f, 0x00, 0x00, 
	
	0x49, 0x8b, 0x0b, 
	0x49, 0x8b, 0x55, 0x08, 
	0x48, 0x8d, 0x42, 0xfd, 
	0x48, 0x39, 0xc1, 
	0x0f, 0x87, 0x5b, 0x16, 0x00, 0x00, 
	0x4c, 0x8d, 0x79, 0xff, 
	0x41, 0x81, 0x7c, 0x08, 0xff, 0x6e, 0x75, 0x6c, 0x6c, 
	0x0f, 0x84, 0x51, 0x00, 0x00, 0x00, 
	0xe9, 0x47, 0x1e, 0x00, 0x00, 
	
	0x49, 0x8b, 0x09, 
	0x48, 0x81, 0xf9, 0xff, 0x0f, 0x00, 0x00, 
	0x0f, 0x8f, 0x0f, 0x16, 0x00, 0x00, 
	0x48, 0x8d, 0x41, 0x01, 
	0x49, 0x89, 0x01, 
	0x49, 0xc7, 0x44, 0xc9, 0x08, 0x06, 0x00, 0x00, 0x00, 
	0xe9, 0x42, 0xef, 0xff, 0xff, 
	
	0x49, 0x8b, 0x0b, 
	0x49, 0x8b, 0x55, 0x08, 
	0x48, 0x8d, 0x42, 0xfd, 
	0x48, 0x39, 0xc1, 
	0x0f, 0x87, 0x0a, 0x16, 0x00, 0x00, 
	0x4c, 0x8d, 0x79, 0xff, 
	0x41, 0x81, 0x7c, 0x08, 0xff, 0x74, 0x72, 0x75, 0x65, 
	0x0f, 0x85, 0x42, 0x1e, 0x00, 0x00, 
	
	0x48, 0x8d, 0x41, 0x03, 
	0x49, 0x89, 0x03, 
	0x48, 0x85, 0xc9, 
	0x0f, 0x8f, 0x0b, 0xef, 0xff, 0xff, 
	0xe9, 0xee, 0x1c, 0x00, 0x00, 
	
	0x49, 0x8d, 0x42, 0xff, 
	0x48, 0x39, 0xc2, 
	0x49, 0xf7, 0xd2, 
	0x4d, 0x0f, 0x45, 0xd0, 
	0x84, 0xc9, 
	0x4d, 0x0f, 0x45, 0xc2, 
	0xe9, 0x9b, 0x07, 0x00, 0x00, 
	
	0x4c, 0x29, 0xc3, 
	0x0f, 0x84, 0x9c, 0x1e, 0x00, 0x00, 
	0x48, 0x83, 0xfb, 0x40, 
	0x0f, 0x82, 0x21, 0x0b, 0x00, 0x00, 
	0x48, 0xc7, 0x04, 0x24, 0xff, 0xff, 0xff, 0xff, 
	0x4d, 0x89, 0xc7, 
	0x45, 0x31, 0xdb, 
	0x90, 0x90, 0x90, 0x90, 0x90, 0x90, 0x90, 0x90, 0x90, 0x90, 0x90, 0x90, 
	
	0x48, 0x8b, 0x44, 0x24, 0x10, 
	0xc4, 0xa1, 0x7e, 0x6f, 0x04, 0x38, 
	0xc4, 0xa1, 0x7e, 0x6f, 0x4c, 0x38, 0x20, 
	0xc5, 0xfd, 0x74, 0xd6, 
	0xc5, 0xfd, 0xd7, 0xfa, 
	0xc5, 0xf5, 0x74, 0xd6, 
	0xc5, 0xfd, 0xd7, 0xc2, 
	0xc5, 0xfd, 0x74, 0xd7, 
	0xc5, 0xfd, 0xd7, 0xd2, 
	0xc5, 0xf5, 0x74, 0xd7, 
	0xc5, 0xfd, 0xd7, 0xca, 
	0xc5, 0xbd, 0x64, 0xd1, 
	0xc4, 0xc1, 0x75, 0x64, 0xc9, 
	0xc5, 0xed, 0xdb, 0xc9, 
	0xc5, 0xfd, 0xd7, 0xf1, 
	0x48, 0xc1, 0xe0, 0x20, 
	0x48, 0x09, 0xc7, 
	0x48, 0xc1, 0xe1, 0x20, 
	0x48, 0xc1, 0xe6, 0x20, 
	0x48, 0x09, 0xca, 
	0x0f, 0x85, 0x49, 0x00, 0x00, 0x00, 
	0x4d, 0x85, 0xdb, 
	0x0f, 0x85, 0x56, 0x00, 0x00, 0x00, 
	0x45, 0x31, 0xdb, 
	
	0xc5, 0xbd, 0x64, 0xc8, 
	0xc4, 0xc1, 0x7d, 0x64, 0xc1, 
	0xc5, 0xf5, 0xdb, 0xc0, 
	0xc5, 0xfd, 0xd7, 0xc0, 
	0x48, 0x09, 0xc6, 
	0x48, 0x85, 0xff, 
	0x0f, 0x85, 0x89, 0x00, 0x00, 0x00, 
	0x48, 0x85, 0xf6, 
	0x0f, 0x85, 0x7a, 0x1c, 0x00, 0x00, 
	0x48, 0x83, 0xc3, 0xc0, 
	0x49, 0x83, 0xc7, 0x40, 
	0x48, 0x83, 0xfb, 0x3f, 
	0x0f, 0x87, 0x61, 0xff, 0xff, 0xff, 
	0xe9, 0x57, 0x08, 0x00, 0x00, 
	
	0x48, 0x83, 0x3c, 0x24, 0xff, 
	0x0f, 0x85, 0x0b, 0x00, 0x00, 0x00, 
	0x48, 0x0f, 0xbc, 0xc2, 
	0x4c, 0x01, 0xf8, 
	0x48, 0x89, 0x04, 0x24, 
	
	0x4c, 0x89, 0xd8, 
	0x48, 0xf7, 0xd0, 
	0x48, 0x21, 0xd0, 
	0x4c, 0x8d, 0x14, 0x00, 
	0x4d, 0x09, 0xda, 
	0x4c, 0x89, 0xd1, 
	0x48, 0xf7, 0xd1, 
	0x48, 0x21, 0xd1, 
	0x48, 0xba, 0xaa, 0xaa, 0xaa, 0xaa, 0xaa, 0xaa, 0xaa, 0xaa, 
	0x48, 0x21, 0xd1, 
	0x45, 0x31, 0xdb, 
	0x48, 0x01, 0xc1, 
	0x41, 0x0f, 0x92, 0xc3, 
	0x48, 0x01, 0xc9, 
	0x48, 0xb8, 0x55, 0x55, 0x55, 0x55, 0x55, 0x55, 0x55, 0x55, 
	0x48, 0x31, 0xc1, 
	0x4c, 0x21, 0xd1, 
	0x48, 0xf7, 0xd1, 
	0x48, 0x21, 0xcf, 
	0x4c, 0x8b, 0x54, 0x24, 0x18, 
	0xe9, 0x5a, 0xff, 0xff, 0xff, 
	
	0x48, 0x0f, 0xbc, 0xcf, 
	0x48, 0x85, 0xf6, 
	0x0f, 0x84, 0xa2, 0x03, 0x00, 0x00, 
	0x48, 0x0f, 0xbc, 0xd6, 
	0xe9, 0x9e, 0x03, 0x00, 0x00, 
	
	0x48, 0x8b, 0x44, 0x24, 0x30, 
	0x8a, 0x48, 0x01, 
	0x80, 0xc1, 0xd2, 
	0x80, 0xf9, 0x37, 
	0x0f, 0x87, 0x90, 0xfd, 0xff, 0xff, 
	0x0f, 0xb6, 0xc1, 
	0x48, 0xb9, 0x01, 0x00, 0x80, 0x00, 0x00, 0x00, 0x80, 0x00, 
	0x48, 0x0f, 0xa3, 0xc1, 
	0x4c, 0x89, 0xf9, 
	0x0f, 0x83, 0x86, 0x08, 0x00, 0x00, 
	
	0x49, 0xc7, 0xc0, 0xff, 0xff, 0xff, 0xff, 
	0x49, 0x83, 0xfa, 0x20, 
	0x0f, 0x82, 0x5a, 0x09, 0x00, 0x00, 
	0x45, 0x31, 0xe4, 
	0x49, 0xc7, 0xc3, 0xff, 0xff, 0xff, 0xff, 
	0x48, 0xc7, 0x04, 0x24, 0xff, 0xff, 0xff, 0xff, 
	0x90, 0x90, 0x90, 0x90, 0x90, 0x90, 0x90, 0x90, 0x90, 0x90, 0x90, 0x90, 
	
	0x48, 0x8b, 0x44, 0x24, 0x30, 
	0xc4, 0xa1, 0x7e, 0x6f, 0x04, 0x20, 
	0xc4, 0xc1, 0x7d, 0x64, 0xca, 
	0xc5, 0xa5, 0x64, 0xd0, 
	0xc5, 0xed, 0xdb, 0xc9, 
	0xc5, 0x9d, 0x74, 0xd0, 
	0xc5, 0x95, 0x74, 0xd8, 
	0xc5, 0xe5, 0xeb, 0xd2, 
	0xc5, 0x8d, 0xdb, 0xd8, 
	0xc5, 0x85, 0x74, 0xc0, 
	0xc5, 0xfd, 0xd7, 0xf8, 
	0xc5, 0xe5, 0x74, 0xdc, 
	0xc5, 0xfd, 0xd7, 0xd3, 
	0xc5, 0xfd, 0xd7, 0xf2, 
	0xc5, 0xf5, 0xeb, 0xc0, 
	0xc5, 0xe5, 0xeb, 0xca, 
	0xc5, 0xfd, 0xeb, 0xc1, 
	0xc5, 0xfd, 0xd7, 0xc0, 
	0x48, 0xf7, 0xd0, 
	0x48, 0x0f, 0xbc, 0xc8, 
	0x83, 0xf9, 0x20, 
	0x0f, 0x84, 0x11, 0x00, 0x00, 0x00, 
	0xb8, 0xff, 0xff, 0xff, 0xff, 
	0xd3, 0xe0, 
	0xf7, 0xd0, 
	0x21, 0xc7, 
	0x21, 0xc2, 
	0x21, 0xf0, 
	0x89, 0xc6, 
	
	0x8d, 0x5f, 0xff, 
	0x21, 0xfb, 
	0x0f, 0x85, 0x67, 0x06, 0x00, 0x00, 
	0x8d, 0x5a, 0xff, 
	0x21, 0xd3, 
	0x0f, 0x85, 0x5c, 0x06, 0x00, 0x00, 
	0x8d, 0x5e, 0xff, 
	0x21, 0xf3, 
	0x0f, 0x85, 0x51, 0x06, 0x00, 0x00, 
	0x85, 0xff, 
	0x0f, 0x84, 0x15, 0x00, 0x00, 0x00, 
	0x0f, 0xbc, 0xff, 
	0x48, 0x83, 0x3c, 0x24, 0xff, 
	0x0f, 0x85, 0x9a, 0x07, 0x00, 0x00, 
	0x4c, 0x01, 0xe7, 
	0x48, 0x89, 0x3c, 0x24, 
	
	0x85, 0xd2, 
	0x0f, 0x84, 0x13, 0x00, 0x00, 0x00, 
	0x0f, 0xbc, 0xd2, 
	0x49, 0x83, 0xfb, 0xff, 
	0x0f, 0x85, 0x4c, 0x07, 0x00, 0x00, 
	0x4c, 0x01, 0xe2, 
	0x49, 0x89, 0xd3, 
	
	0x85, 0xf6, 
	0x0f, 0x84, 0x13, 0x00, 0x00, 0x00, 
	0x0f, 0xbc, 0xd6, 
	0x49, 0x83, 0xf8, 0xff, 
	0x0f, 0x85, 0x31, 0x07, 0x00, 0x00, 
	0x4c, 0x01, 0xe2, 
	0x49, 0x89, 0xd0, 
	
	0x83, 0xf9, 0x20, 
	0x0f, 0x85, 0x0f, 0x02, 0x00, 0x00, 
	0x49, 0x83, 0xc2, 0xe0, 
	0x49, 0x83, 0xc4, 0x20, 
	0x49, 0x83, 0xfa, 0x1f, 
	0x0f, 0x87, 0x04, 0xff, 0xff, 0xff, 
	0xc5, 0xf8, 0x77, 
	0x4c, 0x03, 0x64, 0x24, 0x30, 
	0x4c, 0x89, 0x6c, 0x24, 0x38, 
	0x49, 0x83, 0xfa, 0x10, 
	0x0f, 0x82, 0x3a, 0x01, 0x00, 0x00, 
	
	0x4c, 0x89, 0xe3, 
	0x48, 0x2b, 0x5c, 0x24, 0x30, 
	0x45, 0x31, 0xed, 
	0x4c, 0x89, 0x4c, 0x24, 0x20, 
	
	0xc4, 0x81, 0x7a, 0x6f, 0x04, 0x2c, 
	0xc5, 0xf9, 0x64, 0x0d, 0x5f, 0xe7, 0xff, 0xff, 
	0xc5, 0xfa, 0x6f, 0x15, 0x67, 0xe7, 0xff, 0xff, 
	0xc5, 0xe9, 0x64, 0xd0, 
	0xc5, 0xf1, 0xdb, 0xca, 
	0xc5, 0xf9, 0x74, 0x15, 0x67, 0xe7, 0xff, 0xff, 
	0xc5, 0xf9, 0x74, 0x1d, 0x6f, 0xe7, 0xff, 0xff, 
	0xc5, 0xe1, 0xeb, 0xd2, 
	0xc5, 0xf9, 0xdb, 0x1d, 0x03, 0xe7, 0xff, 0xff, 
	0xc5, 0xf9, 0x74, 0x05, 0x6b, 0xe7, 0xff, 0xff, 
	0xc5, 0xe1, 0x74, 0x1d, 0x73, 0xe7, 0xff, 0xff, 
	0xc5, 0xe1, 0xeb, 0xe0, 
	0xc5, 0xe9, 0xeb, 0xc9, 
	0xc5, 0xd9, 0xeb, 0xc9, 
	0xc5, 0x79, 0xd7, 0xc8, 
	0xc5, 0xf9, 0xd7, 0xfb, 
	0xc5, 0xf9, 0xd7, 0xd2, 
	0xc5, 0xf9, 0xd7, 0xc1, 
	0xf7, 0xd0, 
	0x0f, 0xbc, 0xc8, 
	0x83, 0xf9, 0x10, 
	0x0f, 0x84, 0x12, 0x00, 0x00, 0x00, 
	0xb8, 0xff, 0xff, 0xff, 0xff, 
	0xd3, 0xe0, 
	0xf7, 0xd0, 
	0x41, 0x21, 0xc1, 
	0x21, 0xc7, 
	0x21, 0xd0, 
	0x89, 0xc2, 
	
	0x41, 0x8d, 0x71, 0xff, 
	0x44, 0x21, 0xce, 
	0x0f, 0x85, 0x0f, 0x06, 0x00, 0x00, 
	0x8d, 0x77, 0xff, 
	0x21, 0xfe, 
	0x0f, 0x85, 0x04, 0x06, 0x00, 0x00, 
	0x8d, 0x72, 0xff, 
	0x21, 0xd6, 
	0x0f, 0x85, 0xf9, 0x05, 0x00, 0x00, 
	0x45, 0x85, 0xc9, 
	0x0f, 0x84, 0x19, 0x00, 0x00, 0x00, 
	0x41, 0x0f, 0xbc, 0xf1, 
	0x48, 0x83, 0x3c, 0x24, 0xff, 
	0x0f, 0x85, 0xd7, 0x06, 0x00, 0x00, 
	0x48, 0x01, 0xde, 
	0x4c, 0x01, 0xee, 
	0x48, 0x89, 0x34, 0x24, 
	
	0x4c, 0x8b, 0x4c, 0x24, 0x20, 
	0x85, 0xff, 
	0x0f, 0x84, 0x16, 0x00, 0x00, 0x00, 
	0x0f, 0xbc, 0xf7, 
	0x49, 0x83, 0xfb, 0xff, 
	0x0f, 0x85, 0xba, 0x06, 0x00, 0x00, 
	0x48, 0x01, 0xde, 
	0x4c, 0x01, 0xee, 
	0x49, 0x89, 0xf3, 
	
	0x85, 0xd2, 
	0x0f, 0x84, 0x16, 0x00, 0x00, 0x00, 
	0x0f, 0xbc, 0xd2, 
	0x49, 0x83, 0xf8, 0xff, 
	0x0f, 0x85, 0xa3, 0x06, 0x00, 0x00, 
	0x48, 0x01, 0xda, 
	0x4c, 0x01, 0xea, 
	0x49, 0x89, 0xd0, 
	
	0x83, 0xf9, 0x10, 
	0x0f, 0x85, 0x34, 0x01, 0x00, 0x00, 
	0x49, 0x83, 0xc2, 0xf0, 
	0x49, 0x83, 0xc5, 0x10, 
	0x49, 0x83, 0xfa, 0x0f, 
	0x0f, 0x87, 0xd9, 0xfe, 0xff, 0xff, 
	0x4d, 0x01, 0xec, 
	
	0x4d, 0x85, 0xd2, 
	0x4c, 0x8b, 0x6c, 0x24, 0x38, 
	0x0f, 0x84, 0x3a, 0x01, 0x00, 0x00, 
	0x4b, 0x8d, 0x14, 0x14, 
	0x4c, 0x89, 0xe6, 
	0x48, 0x2b, 0x74, 0x24, 0x30, 
	0x31, 0xc9, 
	0xe9, 0x2f, 0x00, 0x00, 0x00, 
	
	0x48, 0x83, 0x3c, 0x24, 0xff, 
	0x0f, 0x85, 0x7a, 0x05, 0x00, 0x00, 
	0x48, 0x8d, 0x04, 0x0e, 
	0x48, 0x89, 0x04, 0x24, 
	0x90, 0x90, 0x90, 0x90, 0x90, 0x90, 0x90, 0x90, 0x90, 0x90, 0x90, 0x90, 0x90, 0x90, 0x90, 
	
	0x48, 0x83, 0xc1, 0x01, 
	0x49, 0x39, 0xca, 
	0x0f, 0x84, 0x26, 0x04, 0x00, 0x00, 
	
	0x41, 0x0f, 0xbe, 0x3c, 0x0c, 
	0x8d, 0x47, 0xd0, 
	0x83, 0xf8, 0x0a, 
	0x0f, 0x82, 0xe2, 0xff, 0xff, 0xff, 
	0x8d, 0x5f, 0xd5, 
	0x83, 0xfb, 0x1a, 
	0x0f, 0x87, 0x23, 0x00, 0x00, 0x00, 
	0x48, 0x8d, 0x3d, 0x23, 0x1f, 0x00, 0x00, 
	0x48, 0x63, 0x04, 0x9f, 
	0x48, 0x01, 0xf8, 
	0xff, 0xe0, 
	
	0x49, 0x83, 0xf8, 0xff, 
	0x0f, 0x85, 0x1f, 0x05, 0x00, 0x00, 
	0x4c, 0x8d, 0x04, 0x0e, 
	0xe9, 0xb3, 0xff, 0xff, 0xff, 
	
	0x83, 0xff, 0x65, 
	0x0f, 0x85, 0xac, 0x00, 0x00, 0x00, 
	
	0x49, 0x83, 0xfb, 0xff, 
	0x0f, 0x85, 0x03, 0x05, 0x00, 0x00, 
	0x4c, 0x8d, 0x1c, 0x0e, 
	0xe9, 0x97, 0xff, 0xff, 0xff, 
	
	0x4c, 0x01, 0xe1, 
	0x48, 0x03, 0x4c, 0x24, 0x30, 
	0xc5, 0xf8, 0x77, 
	0x49, 0x89, 0xcc, 
	0x48, 0xc7, 0xc1, 0xff, 0xff, 0xff, 0xff, 
	0x48, 0x8b, 0x14, 0x24, 
	0x48, 0x85, 0xd2, 
	0x0f, 0x85, 0x8e, 0x00, 0x00, 0x00, 
	0xe9, 0xad, 0x19, 0x00, 0x00, 
	
	0x49, 0x89, 0xf0, 
	0x48, 0xc7, 0xc1, 0xff, 0xff, 0xff, 0xff, 
	0x48, 0x8b, 0x14, 0x24, 
	0x48, 0x85, 0xd2, 
	0x0f, 0x85, 0x61, 0xf7, 0xff, 0xff, 
	0xe9, 0xd3, 0x17, 0x00, 0x00, 
	
	0xba, 0x40, 0x00, 0x00, 0x00, 
	
	0x4c, 0x8b, 0x5c, 0x24, 0x08, 
	0x48, 0x39, 0xca, 
	0x0f, 0x82, 0xc4, 0x19, 0x00, 0x00, 
	0x49, 0x01, 0xcf, 
	0x49, 0x83, 0xc7, 0x01, 
	
	0x4d, 0x85, 0xff, 
	0x0f, 0x89, 0xeb, 0xf6, 0xff, 0xff, 
	0xe9, 0xa0, 0x10, 0x00, 0x00, 
	
	0x0f, 0xbc, 0xc3, 
	0xe9, 0x9a, 0x01, 0x00, 0x00, 
	
	0x89, 0xc8, 
	0x49, 0x01, 0xc4, 
	0x4d, 0x01, 0xec, 
	0x4c, 0x8b, 0x6c, 0x24, 0x38, 
	0x48, 0xc7, 0xc1, 0xff, 0xff, 0xff, 0xff, 
	0x48, 0x8b, 0x14, 0x24, 
	0x48, 0x85, 0xd2, 
	0x0f, 0x85, 0x1c, 0x00, 0x00, 0x00, 
	0xe9, 0x3b, 0x19, 0x00, 0x00, 
	
	0x49, 0x01, 0xcc, 
	
	0x48, 0xc7, 0xc1, 0xff, 0xff, 0xff, 0xff, 
	0x48, 0x8b, 0x14, 0x24, 
	0x48, 0x85, 0xd2, 
	0x0f, 0x84, 0x24, 0x19, 0x00, 0x00, 
	
	0x4d, 0x85, 0xc0, 
	0x0f, 0x84, 0x1b, 0x19, 0x00, 0x00, 
	0x4d, 0x85, 0xdb, 
	0x0f, 0x84, 0x12, 0x19, 0x00, 0x00, 
	0x4c, 0x2b, 0x64, 0x24, 0x30, 
	0x49, 0x8d, 0x4c, 0x24, 0xff, 
	0x48, 0x39, 0xca, 
	0x0f, 0x84, 0x90, 0x00, 0x00, 0x00, 
	0x49, 0x39, 0xc8, 
	0x0f, 0x84, 0x87, 0x00, 0x00, 0x00, 
	0x49, 0x39, 0xcb, 
	0x0f, 0x84, 0x7e, 0x00, 0x00, 0x00, 
	0x4d, 0x85, 0xc0, 
	0xc5, 0xfe, 0x6f, 0x2d, 0x65, 0xe2, 0xff, 0xff, 
	0xc5, 0xfe, 0x6f, 0x35, 0xdd, 0xe2, 0xff, 0xff, 
	0xc5, 0xfe, 0x6f, 0x3d, 0xf5, 0xe2, 0xff, 0xff, 
	0xc5, 0x7e, 0x6f, 0x05, 0x6d, 0xe3, 0xff, 0xff, 
	0xc4, 0x41, 0x35, 0x76, 0xc9, 
	0xc5, 0x7e, 0x6f, 0x15, 0x80, 0xe3, 0xff, 0xff, 
	0xc5, 0x7e, 0x6f, 0x1d, 0x98, 0xe3, 0xff, 0xff, 
	0xc5, 0x7e, 0x6f, 0x25, 0xb0, 0xe3, 0xff, 0xff, 
	0xc5, 0x7e, 0x6f, 0x2d, 0xc8, 0xe3, 0xff, 0xff, 
	0xc5, 0x7e, 0x6f, 0x35, 0x60, 0xe2, 0xff, 0xff, 
	0xc5, 0x7e, 0x6f, 0x3d, 0xd8, 0xe3, 0xff, 0xff, 
	0xc5, 0xfe, 0x6f, 0x25, 0xf0, 0xe3, 0xff, 0xff, 
	0x0f, 0x8e, 0x82, 0x00, 0x00, 0x00, 
	0x49, 0x8d, 0x40, 0xff, 
	0x49, 0x39, 0xc3, 
	0x0f, 0x84, 0x75, 0x00, 0x00, 0x00, 
	0x49, 0xf7, 0xd0, 
	0x4d, 0x89, 0xc4, 
	0xe9, 0xe8, 0x03, 0x00, 0x00, 
	
	0x49, 0xf7, 0xdc, 
	
	0x4c, 0x8b, 0x5c, 0x24, 0x08, 
	
	0xc5, 0xfe, 0x6f, 0x2d, 0xe2, 0xe1, 0xff, 0xff, 
	0xc5, 0xfe, 0x6f, 0x35, 0x5a, 0xe2, 0xff, 0xff, 
	0xc5, 0xfe, 0x6f, 0x3d, 0x72, 0xe2, 0xff, 0xff, 
	0xc5, 0x7e, 0x6f, 0x05, 0xea, 0xe2, 0xff, 0xff, 
	0xc4, 0x41, 0x35, 0x76, 0xc9, 
	0xc5, 0x7e, 0x6f, 0x15, 0xfd, 0xe2, 0xff, 0xff, 
	0xc5, 0x7e, 0x6f, 0x1d, 0x15, 0xe3, 0xff, 0xff, 
	0xc5, 0x7e, 0x6f, 0x25, 0x2d, 0xe3, 0xff, 0xff, 
	0xc5, 0x7e, 0x6f, 0x2d, 0x45, 0xe3, 0xff, 0xff, 
	0xc5, 0x7e, 0x6f, 0x35, 0xdd, 0xe1, 0xff, 0xff, 
	0xc5, 0x7e, 0x6f, 0x3d, 0x55, 0xe3, 0xff, 0xff, 
	0xc5, 0xfe, 0x6f, 0x25, 0x6d, 0xe3, 0xff, 0xff, 
	0xe9, 0x83, 0x03, 0x00, 0x00, 
	
	0x48, 0x89, 0xd0, 
	0x4c, 0x09, 0xd8, 
	0x0f, 0x99, 0xc1, 
	0x0f, 0x88, 0xdf, 0x00, 0x00, 0x00, 
	0x4c, 0x39, 0xda, 
	0x0f, 0x8c, 0xd6, 0x00, 0x00, 0x00, 
	0x48, 0xf7, 0xd2, 
	0x49, 0x89, 0xd4, 
	0xe9, 0x5b, 0x03, 0x00, 0x00, 
	
	0x4c, 0x8b, 0x44, 0x24, 0x10, 
	0x4d, 0x29, 0xc6, 
	0x49, 0x01, 0xfe, 
	0x49, 0x39, 0xf6, 
	0x0f, 0x82, 0x23, 0xea, 0xff, 0xff, 
	0xe9, 0xd5, 0x0e, 0x00, 0x00, 
	
	0x89, 0xd0, 
	
	0x49, 0xf7, 0xd0, 
	0x49, 0x29, 0xc0, 
	0xe9, 0xdd, 0x00, 0x00, 0x00, 
	
	0x4c, 0x03, 0x7c, 0x24, 0x10, 
	0x48, 0x83, 0xfb, 0x20, 
	0x0f, 0x82, 0xf5, 0x04, 0x00, 0x00, 
	
	0xc4, 0xc1, 0x7e, 0x6f, 0x07, 
	0xc5, 0xfd, 0x74, 0xce, 
	0xc5, 0xfd, 0xd7, 0xf1, 
	0xc5, 0xfd, 0x74, 0xc7, 
	0xc5, 0xfd, 0xd7, 0xd0, 
	0x85, 0xd2, 
	0x0f, 0x85, 0x6d, 0x04, 0x00, 0x00, 
	0x4d, 0x85, 0xd2, 
	0x0f, 0x85, 0x82, 0x04, 0x00, 0x00, 
	0x45, 0x31, 0xd2, 
	0x48, 0x85, 0xf6, 
	0x0f, 0x84, 0xbb, 0x04, 0x00, 0x00, 
	
	0x48, 0x0f, 0xbc, 0xc6, 
	0x4c, 0x2b, 0x7c, 0x24, 0x10, 
	0x49, 0x01, 0xc7, 
	0x49, 0x83, 0xc7, 0x01, 
	0x4c, 0x8b, 0x54, 0x24, 0x18, 
	0xe9, 0xd5, 0xf4, 0xff, 0xff, 
	
	0x4c, 0x03, 0x7c, 0x24, 0x10, 
	0x49, 0x83, 0xfd, 0x20, 
	0x0f, 0x82, 0x36, 0x03, 0x00, 0x00, 
	
	0xc4, 0xc1, 0x7e, 0x6f, 0x07, 
	0xc5, 0xfd, 0x74, 0xce, 
	0xc5, 0x7d, 0xd7, 0xd1, 
	0xc5, 0xfd, 0x74, 0xcf, 
	0xc5, 0xfd, 0xd7, 0xd1, 
	0x85, 0xd2, 
	0x0f, 0x85, 0x63, 0x05, 0x00, 0x00, 
	0x4d, 0x85, 0xdb, 
	0x0f, 0x85, 0x78, 0x05, 0x00, 0x00, 
	0x45, 0x31, 0xdb, 
	0x4d, 0x85, 0xd2, 
	0x0f, 0x84, 0xb2, 0x05, 0x00, 0x00, 
	
	0x49, 0x0f, 0xbc, 0xd2, 
	0xe9, 0xae, 0x05, 0x00, 0x00, 
	
	0x49, 0x8d, 0x43, 0xff, 
	0x48, 0x39, 0xc2, 
	0x49, 0xf7, 0xd3, 
	0x4d, 0x0f, 0x45, 0xdc, 
	0x84, 0xc9, 
	0x4d, 0x0f, 0x45, 0xe3, 
	0xe9, 0x77, 0x02, 0x00, 0x00, 
	
	0x0f, 0xbc, 0xc6, 
	0xe9, 0x12, 0x01, 0x00, 0x00, 
	
	0x48, 0x8b, 0x44, 0x24, 0x10, 
	0x48, 0x03, 0x44, 0x24, 0x28, 
	0x4c, 0x29, 0xc0, 
	0x48, 0x29, 0xc8, 
	0x48, 0x83, 0xc0, 0xfe, 
	0x49, 0x89, 0xc0, 
	
	0x4c, 0x8b, 0x5c, 0x24, 0x08, 
	0x4d, 0x85, 0xc0, 
	0x4c, 0x8b, 0x54, 0x24, 0x18, 
	0x0f, 0x89, 0x1f, 0xe7, 0xff, 0xff, 
	0xe9, 0x06, 0x15, 0x00, 0x00, 
	
	0x4c, 0x03, 0x7c, 0x24, 0x10, 
	0x48, 0x83, 0xfb, 0x20, 
	0x0f, 0x82, 0xd9, 0x06, 0x00, 0x00, 
	
	0xc4, 0xc1, 0x7e, 0x6f, 0x07, 
	0xc5, 0xfd, 0x74, 0xce, 
	0xc5, 0xfd, 0xd7, 0xf1, 
	0xc5, 0xfd, 0x74, 0xc7, 
	0xc5, 0xfd, 0xd7, 0xd0, 
	0x85, 0xd2, 
	0x0f, 0x85, 0x51, 0x06, 0x00, 0x00, 
	0x4d, 0x85, 0xd2, 
	0x0f, 0x85, 0x66, 0x06, 0x00, 0x00, 
	0x45, 0x31, 0xd2, 
	0x48, 0x85, 0xf6, 
	0x0f, 0x84, 0x9f, 0x06, 0x00, 0x00, 
	
	0x48, 0x0f, 0xbc, 0xc6, 
	0x4c, 0x2b, 0x7c, 0x24, 0x10, 
	0x49, 0x01, 0xc7, 
	0x49, 0x83, 0xc7, 0x01, 
	0x4c, 0x8b, 0x54, 0x24, 0x18, 
	0xe9, 0x26, 0xf5, 0xff, 0xff, 
	
	0x4c, 0x03, 0x7c, 0x24, 0x10, 
	0x48, 0x83, 0xfb, 0x20, 
	0x0f, 0x82, 0xc2, 0x02, 0x00, 0x00, 
	
	0xc4, 0xc1, 0x7e, 0x6f, 0x07, 
	0xc5, 0xfd, 0x74, 0xce, 
	0xc5, 0x7d, 0xd7, 0xd1, 
	0xc5, 0xfd, 0x74, 0xcf, 
	0xc5, 0xfd, 0xd7, 0xd1, 
	0x85, 0xd2, 
	0x0f, 0x85, 0x47, 0x07, 0x00, 0x00, 
	0x4d, 0x85, 0xdb, 
	0x0f, 0x85, 0x5c, 0x07, 0x00, 0x00, 
	0x45, 0x31, 0xdb, 
	0x4d, 0x85, 0xd2, 
	0x0f, 0x84, 0x96, 0x07, 0x00, 0x00, 
	
	0x49, 0x0f, 0xbc, 0xd2, 
	0xe9, 0x92, 0x07, 0x00, 0x00, 
	
	0x89, 0xd0, 
	0xe9, 0x37, 0x00, 0x00, 0x00, 
	
	0x4d, 0x01, 0xc6, 
	0x48, 0x85, 0xd2, 
	0x0f, 0x85, 0xfa, 0xe7, 0xff, 0xff, 
	0xe9, 0x34, 0xe8, 0xff, 0xff, 
	
	0x49, 0x89, 0xd4, 
	0x48, 0xc7, 0xc1, 0xff, 0xff, 0xff, 0xff, 
	0x48, 0x8b, 0x14, 0x24, 
	0x48, 0x85, 0xd2, 
	0x0f, 0x85, 0xcf, 0xfc, 0xff, 0xff, 
	0xe9, 0xee, 0x15, 0x00, 0x00, 
	
	0x0f, 0xbc, 0xc3, 
	0xe9, 0x59, 0x01, 0x00, 0x00, 
	
	0x89, 0xf0, 
	
	0x48, 0x8b, 0x4c, 0x24, 0x10, 
	0x48, 0x03, 0x4c, 0x24, 0x28, 
	0x4c, 0x29, 0xc1, 
	0x48, 0x29, 0xc1, 
	0x4c, 0x29, 0xc9, 
	0x48, 0x83, 0xc1, 0xfe, 
	0x49, 0x89, 0xc8, 
	0x4c, 0x8b, 0x5c, 0x24, 0x08, 
	0x4c, 0x8b, 0x4c, 0x24, 0x20, 
	0x4d, 0x85, 0xc0, 
	0x4c, 0x8b, 0x54, 0x24, 0x18, 
	0x0f, 0x89, 0x05, 0xe6, 0xff, 0xff, 
	0xe9, 0xec, 0x13, 0x00, 0x00, 
	
	0x4c, 0x03, 0x7c, 0x24, 0x10, 
	0x48, 0x83, 0xfb, 0x20, 
	0x0f, 0x82, 0xf6, 0x09, 0x00, 0x00, 
	
	0xc4, 0xc1, 0x7e, 0x6f, 0x07, 
	0xc5, 0xfd, 0x74, 0xce, 
	0xc5, 0xfd, 0xd7, 0xf1, 
	0xc5, 0xfd, 0x74, 0xc7, 
	0xc5, 0xfd, 0xd7, 0xd0, 
	0x85, 0xd2, 
	0x0f, 0x85, 0x6e, 0x09, 0x00, 0x00, 
	0x4d, 0x85, 0xd2, 
	0x0f, 0x85, 0x83, 0x09, 0x00, 0x00, 
	0x45, 0x31, 0xd2, 
	0x48, 0x85, 0xf6, 
	0x0f, 0x84, 0xbc, 0x09, 0x00, 0x00, 
	
	0x48, 0x0f, 0xbc, 0xc6, 
	0x4c, 0x2b, 0x7c, 0x24, 0x10, 
	0x49, 0x01, 0xc7, 
	0x49, 0x83, 0xc7, 0x01, 
	0x4c, 0x8b, 0x54, 0x24, 0x18, 
	0xe9, 0xdb, 0xfb, 0xff, 0xff, 
	
	0x4c, 0x03, 0x7c, 0x24, 0x10, 
	0x48, 0x83, 0xfb, 0x20, 
	0x0f, 0x82, 0x1c, 0x0b, 0x00, 0x00, 
	
	0xc4, 0xc1, 0x7e, 0x6f, 0x07, 
	0xc5, 0xfd, 0x74, 0xce, 
	0xc5, 0x7d, 0xd7, 0xd1, 
	0xc5, 0xfd, 0x74, 0xcf, 
	0xc5, 0xfd, 0xd7, 0xd1, 
	0x85, 0xd2, 
	0x0f, 0x85, 0x3b, 0x0a, 0x00, 0x00, 
	0x4d, 0x85, 0xdb, 
	0x0f, 0x85, 0x50, 0x0a, 0x00, 0x00, 
	0x45, 0x31, 0xdb, 
	0x4d, 0x85, 0xd2, 
	0x0f, 0x84, 0x8a, 0x0a, 0x00, 0x00, 
	
	0x49, 0x0f, 0xbc, 0xd2, 
	0xe9, 0x86, 0x0a, 0x00, 0x00, 
	
	0x0f, 0xbc, 0xc6, 
	
	0x48, 0x8b, 0x4c, 0x24, 0x10, 
	0x4c, 0x01, 0xf9, 
	0x4c, 0x29, 0xe1, 
	0x48, 0x29, 0xc1, 
	0x49, 0xf7, 0xd5, 
	0x49, 0x01, 0xcd, 
	0x4d, 0x89, 0xec, 
	0x4c, 0x8b, 0x5c, 0x24, 0x08, 
	0x4c, 0x8b, 0x6c, 0x24, 0x38, 
	0x4c, 0x8b, 0x4c, 0x24, 0x20, 
	0xe9, 0x73, 0xfc, 0xff, 0xff, 
	
	0x48, 0x8b, 0x44, 0x24, 0x10, 
	0x4c, 0x01, 0xf8, 
	0x4c, 0x29, 0xe0, 
	0x48, 0xf7, 0xd1, 
	0x48, 0x01, 0xc1, 
	0x49, 0x89, 0xcc, 
	0xe9, 0x55, 0xfc, 0xff, 0xff, 
	
	0x89, 0xd0, 
	0xe9, 0x2d, 0x00, 0x00, 0x00, 
	
	0x49, 0xc7, 0xc2, 0xff, 0xff, 0xff, 0xff, 
	0x48, 0xc7, 0x04, 0x24, 0xff, 0xff, 0xff, 0xff, 
	0x4d, 0x89, 0xe0, 
	0x4c, 0x89, 0x4c, 0x24, 0x20, 
	0x49, 0x83, 0xfd, 0x10, 
	0x48, 0x8b, 0x44, 0x24, 0x28, 
	0x0f, 0x83, 0x2d, 0xeb, 0xff, 0xff, 
	0xe9, 0xa9, 0xec, 0xff, 0xff, 
	
	0x89, 0xf8, 
	
	0x49, 0xf7, 0xd4, 
	0x49, 0x29, 0xc4, 
	
	0x4c, 0x8b, 0x5c, 0x24, 0x08, 
	
	0x4d, 0x85, 0xe4, 
	0x0f, 0x88, 0x76, 0x14, 0x00, 0x00, 
	0x49, 0x8b, 0x0b, 
	
	0x4c, 0x01, 0xe1, 
	0x49, 0x89, 0x0b, 
	0x4d, 0x85, 0xff, 
	0x4c, 0x8b, 0x54, 0x24, 0x18, 
	0x0f, 0x8f, 0xd5, 0xe4, 0xff, 0xff, 
	0xe9, 0x51, 0x14, 0x00, 0x00, 
	
	0x48, 0x8b, 0x44, 0x24, 0x10, 
	0x4e, 0x8d, 0x3c, 0x00, 
	0x48, 0xc7, 0x04, 0x24, 0xff, 0xff, 0xff, 0xff, 
	0x45, 0x31, 0xd2, 
	0x48, 0x83, 0xfb, 0x20, 
	0x0f, 0x83, 0x92, 0xfc, 0xff, 0xff, 
	0xe9, 0x82, 0x01, 0x00, 0x00, 
	
	0x48, 0x8b, 0x4c, 0x24, 0x10, 
	0x4e, 0x8d, 0x3c, 0x01, 
	0x48, 0xc7, 0x04, 0x24, 0xff, 0xff, 0xff, 0xff, 
	0x45, 0x31, 0xdb, 
	0x49, 0x83, 0xfd, 0x20, 
	0x0f, 0x83, 0xca, 0xfc, 0xff, 0xff, 
	
	0x4c, 0x8b, 0x54, 0x24, 0x18, 
	0xe9, 0x09, 0x03, 0x00, 0x00, 
	
	0x89, 0xf0, 
	0xe9, 0x06, 0xff, 0xff, 0xff, 
	
	0x89, 0xf0, 
	0xe9, 0x02, 0x00, 0x00, 0x00, 
	
	0x89, 0xd0, 
	
	0x48, 0x8b, 0x4c, 0x24, 0x10, 
	0x4c, 0x01, 0xf9, 
	0x4c, 0x29, 0xe1, 
	0x48, 0x29, 0xc1, 
	0x49, 0xf7, 0xd5, 
	0x49, 0x01, 0xcd, 
	0x4d, 0x89, 0xec, 
	0x4c, 0x8b, 0x5c, 0x24, 0x08, 
	0x4c, 0x8b, 0x6c, 0x24, 0x38, 
	0xe9, 0x75, 0xfb, 0xff, 0xff, 
	
	0x48, 0x8b, 0x44, 0x24, 0x10, 
	0x4e, 0x8d, 0x3c, 0x00, 
	0x48, 0xc7, 0x04, 0x24, 0xff, 0xff, 0xff, 0xff, 
	0x45, 0x31, 0xd2, 
	0x48, 0x83, 0xfb, 0x20, 
	0x0f, 0x83, 0x06, 0xfd, 0xff, 0xff, 
	0xe9, 0xda, 0x03, 0x00, 0x00, 
	
	0x48, 0x8b, 0x44, 0x24, 0x10, 
	0x4e, 0x8d, 0x3c, 0x00, 
	0x48, 0xc7, 0x04, 0x24, 0xff, 0xff, 0xff, 0xff, 
	0x45, 0x31, 0xdb, 
	0x48, 0x83, 0xfb, 0x20, 
	0x0f, 0x83, 0x3e, 0xfd, 0xff, 0xff, 
	
	0x4c, 0x8b, 0x54, 0x24, 0x18, 
	0xe9, 0x61, 0x05, 0x00, 0x00, 
	
	0x49, 0xc7, 0xc3, 0xff, 0xff, 0xff, 0xff, 
	0x48, 0xc7, 0x04, 0x24, 0xff, 0xff, 0xff, 0xff, 
	0x4c, 0x8b, 0x64, 0x24, 0x30, 
	0x4c, 0x89, 0x6c, 0x24, 0x38, 
	0x49, 0x83, 0xfa, 0x10, 
	0x0f, 0x83, 0xb4, 0xf7, 0xff, 0xff, 
	0xe9, 0xe9, 0xf8, 0xff, 0xff, 
	
	0x48, 0x8b, 0x44, 0x24, 0x10, 
	0x4e, 0x8d, 0x3c, 0x00, 
	0x48, 0xc7, 0x04, 0x24, 0xff, 0xff, 0xff, 0xff, 
	0x45, 0x31, 0xd2, 
	0x48, 0x83, 0xfb, 0x20, 
	0x0f, 0x83, 0xad, 0xfd, 0xff, 0xff, 
	0xe9, 0x9e, 0x07, 0x00, 0x00, 
	
	0x48, 0x8b, 0x44, 0x24, 0x10, 
	0x4e, 0x8d, 0x3c, 0x00, 
	0x48, 0xc7, 0x04, 0x24, 0xff, 0xff, 0xff, 0xff, 
	0x45, 0x31, 0xdb, 
	0x48, 0x83, 0xfb, 0x20, 
	0x0f, 0x83, 0xe5, 0xfd, 0xff, 0xff, 
	0xe9, 0xfc, 0x08, 0x00, 0x00, 
	
	0x48, 0x83, 0x3c, 0x24, 0xff, 
	0x0f, 0x85, 0x13, 0x00, 0x00, 0x00, 
	0x4c, 0x89, 0xf8, 
	0x48, 0x2b, 0x44, 0x24, 0x10, 
	0x48, 0x0f, 0xbc, 0xca, 
	0x48, 0x01, 0xc1, 
	0x48, 0x89, 0x0c, 0x24, 
	
	0x44, 0x89, 0xd0, 
	0xf7, 0xd0, 
	0x21, 0xd0, 
	0x8d, 0x0c, 0x00, 
	0x41, 0x8d, 0x3c, 0x42, 
	0xf7, 0xd1, 
	0x21, 0xd1, 
	0x81, 0xe1, 0xaa, 0xaa, 0xaa, 0xaa, 
	0x45, 0x31, 0xd2, 
	0x01, 0xc1, 
	0x41, 0x0f, 0x92, 0xc2, 
	0x01, 0xc9, 
	0x81, 0xf1, 0x55, 0x55, 0x55, 0x55, 
	0x21, 0xf9, 
	0xf7, 0xd1, 
	0x21, 0xce, 
	0xc4, 0x41, 0x35, 0x76, 0xc9, 
	0xc5, 0xfe, 0x6f, 0x25, 0x2c, 0xde, 0xff, 0xff, 
	0x48, 0x85, 0xf6, 
	0x0f, 0x85, 0x45, 0xfb, 0xff, 0xff, 
	
	0x49, 0x83, 0xc7, 0x20, 
	0x48, 0x83, 0xc3, 0xe0, 
	
	0x4d, 0x85, 0xd2, 
	0x0f, 0x85, 0x38, 0x05, 0x00, 0x00, 
	0x48, 0x8b, 0x4c, 0x24, 0x10, 
	0x48, 0xf7, 0xd1, 
	0x48, 0x8b, 0x3c, 0x24, 
	0x4c, 0x8b, 0x54, 0x24, 0x18, 
	0x48, 0x85, 0xdb, 
	0x0f, 0x84, 0x96, 0x00, 0x00, 0x00, 
	
	0x48, 0x83, 0xc1, 0x01, 
	
	0x31, 0xf6, 
	
	0x41, 0x0f, 0xb6, 0x14, 0x37, 
	0x80, 0xfa, 0x22, 
	0x0f, 0x84, 0x7b, 0x00, 0x00, 0x00, 
	0x80, 0xfa, 0x5c, 
	0x0f, 0x84, 0x12, 0x00, 0x00, 0x00, 
	0x48, 0x83, 0xc6, 0x01, 
	0x48, 0x39, 0xf3, 
	0x0f, 0x85, 0xdc, 0xff, 0xff, 0xff, 
	0xe9, 0x71, 0x00, 0x00, 0x00, 
	
	0x48, 0x8d, 0x43, 0xff, 
	0x48, 0x39, 0xf0, 
	0x0f, 0x84, 0x9e, 0x09, 0x00, 0x00, 
	0x4a, 0x8d, 0x04, 0x39, 
	0x48, 0x01, 0xf0, 
	0x48, 0x83, 0xff, 0xff, 
	0x48, 0x8b, 0x14, 0x24, 
	0x48, 0x0f, 0x44, 0xd0, 
	0x48, 0x89, 0x14, 0x24, 
	0x48, 0x0f, 0x44, 0xf8, 
	0x49, 0x01, 0xf7, 
	0x49, 0x83, 0xc7, 0x02, 
	0x48, 0x89, 0xd8, 
	0x48, 0x29, 0xf0, 
	0x48, 0x83, 0xc0, 0xfe, 
	0x48, 0x83, 0xc3, 0xfe, 
	0x48, 0x39, 0xf3, 
	0x48, 0x89, 0xc3, 
	0x4c, 0x8b, 0x54, 0x24, 0x18, 
	0xc4, 0x41, 0x35, 0x76, 0xc9, 
	0xc5, 0xfe, 0x6f, 0x25, 0x74, 0xdd, 0xff, 0xff, 
	0x0f, 0x85, 0x7a, 0xff, 0xff, 0xff, 
	0xe9, 0x4b, 0x09, 0x00, 0x00, 
	
	0x49, 0x01, 0xf7, 
	0x49, 0x83, 0xc7, 0x01, 
	
	0x4c, 0x2b, 0x7c, 0x24, 0x10, 
	0xe9, 0x69, 0xef, 0xff, 0xff, 
	
	0x80, 0xfa, 0x22, 
	0x0f, 0x85, 0x31, 0x09, 0x00, 0x00, 
	0x49, 0x01, 0xdf, 
	0x4c, 0x8b, 0x54, 0x24, 0x18, 
	0xc4, 0x41, 0x35, 0x76, 0xc9, 
	0xc5, 0xfe, 0x6f, 0x25, 0x3a, 0xdd, 0xff, 0xff, 
	0xe9, 0xd3, 0xff, 0xff, 0xff, 
	
	0x48, 0x83, 0x3c, 0x24, 0xff, 
	0x0f, 0x85, 0x13, 0x00, 0x00, 0x00, 
	0x4c, 0x89, 0xf9, 
	0x48, 0x2b, 0x4c, 0x24, 0x10, 
	0x48, 0x0f, 0xbc, 0xf2, 
	0x48, 0x01, 0xce, 
	0x48, 0x89, 0x34, 0x24, 
	
	0x44, 0x89, 0xd9, 
	0xf7, 0xd1, 
	0x21, 0xd1, 
	0x8d, 0x34, 0x09, 
	0x41, 0x8d, 0x3c, 0x4b, 
	0xf7, 0xd6, 
	0x21, 0xd6, 
	0x81, 0xe6, 0xaa, 0xaa, 0xaa, 0xaa, 
	0x45, 0x31, 0xdb, 
	0x01, 0xce, 
	0x41, 0x0f, 0x92, 0xc3, 
	0x01, 0xf6, 
	0x81, 0xf6, 0x55, 0x55, 0x55, 0x55, 
	0x21, 0xfe, 
	0xf7, 0xd6, 
	0x41, 0x21, 0xf2, 
	0xc4, 0x41, 0x35, 0x76, 0xc9, 
	0xc5, 0xfe, 0x6f, 0x25, 0xda, 0xdc, 0xff, 0xff, 
	0x4d, 0x85, 0xd2, 
	0x0f, 0x85, 0x4e, 0xfa, 0xff, 0xff, 
	
	0xba, 0x40, 0x00, 0x00, 0x00, 
	
	0xc5, 0xbd, 0x64, 0xc8, 
	0xc4, 0xc1, 0x7d, 0x64, 0xc1, 
	0xc5, 0xf5, 0xdb, 0xc0, 
	0xc5, 0xfd, 0xd7, 0xf0, 
	0x0f, 0xbc, 0xfe, 
	0x4d, 0x85, 0xd2, 
	0x0f, 0x84, 0x2e, 0x00, 0x00, 0x00, 
	0x85, 0xf6, 
	0xb9, 0x40, 0x00, 0x00, 0x00, 
	0x0f, 0x44, 0xf9, 
	0x48, 0x39, 0xfa, 
	0x4c, 0x8b, 0x54, 0x24, 0x18, 
	0x0f, 0x87, 0xd9, 0x11, 0x00, 0x00, 
	0x4c, 0x2b, 0x7c, 0x24, 0x10, 
	0x49, 0x01, 0xd7, 
	0x49, 0x83, 0xc7, 0x01, 
	0x4c, 0x8b, 0x5c, 0x24, 0x08, 
	0xe9, 0xc9, 0x00, 0x00, 0x00, 
	
	0x85, 0xf6, 
	0x4c, 0x8b, 0x54, 0x24, 0x18, 
	0x0f, 0x85, 0xc8, 0x11, 0x00, 0x00, 
	0x49, 0x83, 0xc7, 0x20, 
	0x49, 0x83, 0xc5, 0xe0, 
	
	0x4d, 0x85, 0xdb, 
	0x0f, 0x85, 0xe3, 0x03, 0x00, 0x00, 
	0x48, 0x8b, 0x0c, 0x24, 
	0x4c, 0x8b, 0x5c, 0x24, 0x08, 
	0x4d, 0x85, 0xed, 
	0x0f, 0x84, 0x33, 0x08, 0x00, 0x00, 
	
	0x41, 0x0f, 0xb6, 0x17, 
	0x80, 0xfa, 0x22, 
	0x0f, 0x84, 0x83, 0x00, 0x00, 0x00, 
	0x80, 0xfa, 0x5c, 
	0x0f, 0x84, 0x26, 0x00, 0x00, 0x00, 
	0x80, 0xfa, 0x1f, 
	0x0f, 0x86, 0x92, 0x11, 0x00, 0x00, 
	0x48, 0xc7, 0xc2, 0xff, 0xff, 0xff, 0xff, 
	0xbe, 0x01, 0x00, 0x00, 0x00, 
	0x49, 0x01, 0xf7, 
	0x49, 0x01, 0xd5, 
	0x0f, 0x85, 0xc9, 0xff, 0xff, 0xff, 
	0xe9, 0xf7, 0x07, 0x00, 0x00, 
	
	0x49, 0x83, 0xfd, 0x01, 
	0x0f, 0x84, 0xa7, 0x07, 0x00, 0x00, 
	0x48, 0xc7, 0xc2, 0xfe, 0xff, 0xff, 0xff, 
	0xbe, 0x02, 0x00, 0x00, 0x00, 
	0x48, 0x83, 0xf9, 0xff, 
	0x0f, 0x85, 0x0c, 0x00, 0x00, 0x00, 
	0x4c, 0x89, 0xf9, 
	0x48, 0x2b, 0x4c, 0x24, 0x10, 
	0x48, 0x89, 0x0c, 0x24, 
	
	0x4c, 0x8b, 0x5c, 0x24, 0x08, 
	0x4c, 0x8b, 0x54, 0x24, 0x18, 
	0xc4, 0x41, 0x35, 0x76, 0xc9, 
	0xc5, 0xfe, 0x6f, 0x25, 0xd2, 0xdb, 0xff, 0xff, 
	0x49, 0x01, 0xf7, 
	0x49, 0x01, 0xd5, 
	0x0f, 0x85, 0x75, 0xff, 0xff, 0xff, 
	0xe9, 0xa3, 0x07, 0x00, 0x00, 
	
	0x4c, 0x2b, 0x7c, 0x24, 0x10, 
	0x49, 0x83, 0xc7, 0x01, 
	
	0x4d, 0x89, 0xcd, 
	0x49, 0x89, 0xc1, 
	0xe9, 0xbe, 0xed, 0xff, 0xff, 
	
	0x48, 0x83, 0x3c, 0x24, 0xff, 
	0x0f, 0x85, 0x13, 0x00, 0x00, 0x00, 
	0x4c, 0x89, 0xf8, 
	0x48, 0x2b, 0x44, 0x24, 0x10, 
	0x48, 0x0f, 0xbc, 0xca, 
	0x48, 0x01, 0xc1, 
	0x48, 0x89, 0x0c, 0x24, 
	
	0x44, 0x89, 0xd0, 
	0xf7, 0xd0, 
	0x21, 0xd0, 
	0x8d, 0x0c, 0x00, 
	0x41, 0x8d, 0x3c, 0x42, 
	0xf7, 0xd1, 
	0x21, 0xd1, 
	0x81, 0xe1, 0xaa, 0xaa, 0xaa, 0xaa, 
	0x45, 0x31, 0xd2, 
	0x01, 0xc1, 
	0x41, 0x0f, 0x92, 0xc2, 
	0x01, 0xc9, 
	0x81, 0xf1, 0x55, 0x55, 0x55, 0x55, 
	0x21, 0xf9, 
	0xf7, 0xd1, 
	0x21, 0xce, 
	0xc4, 0x41, 0x35, 0x76, 0xc9, 
	0xc5, 0xfe, 0x6f, 0x25, 0x53, 0xdb, 0xff, 0xff, 
	0x48, 0x85, 0xf6, 
	0x0f, 0x85, 0x61, 0xf9, 0xff, 0xff, 
	
	0x49, 0x83, 0xc7, 0x20, 
	0x48, 0x83, 0xc3, 0xe0, 
	
	0x4d, 0x85, 0xd2, 
	0x0f, 0x85, 0x11, 0x03, 0x00, 0x00, 
	0x48, 0x8b, 0x4c, 0x24, 0x10, 
	0x48, 0xf7, 0xd1, 
	0x48, 0x8b, 0x3c, 0x24, 
	0x4c, 0x8b, 0x54, 0x24, 0x18, 
	0x48, 0x85, 0xdb, 
	0x0f, 0x84, 0x96, 0x00, 0x00, 0x00, 
	
	0x48, 0x83, 0xc1, 0x01, 
	
	0x31, 0xf6, 
	
	0x41, 0x0f, 0xb6, 0x14, 0x37, 
	0x80, 0xfa, 0x22, 
	0x0f, 0x84, 0x7b, 0x00, 0x00, 0x00, 
	0x80, 0xfa, 0x5c, 
	0x0f, 0x84, 0x12, 0x00, 0x00, 0x00, 
	0x48, 0x83, 0xc6, 0x01, 
	0x48, 0x39, 0xf3, 
	0x0f, 0x85, 0xdc, 0xff, 0xff, 0xff, 
	0xe9, 0x71, 0x00, 0x00, 0x00, 
	
	0x48, 0x8d, 0x43, 0xff, 
	0x48, 0x39, 0xf0, 
	0x0f, 0x84, 0xc5, 0x06, 0x00, 0x00, 
	0x4a, 0x8d, 0x04, 0x39, 
	0x48, 0x01, 0xf0, 
	0x48, 0x83, 0xff, 0xff, 
	0x48, 0x8b, 0x14, 0x24, 
	0x48, 0x0f, 0x44, 0xd0, 
	0x48, 0x89, 0x14, 0x24, 
	0x48, 0x0f, 0x44, 0xf8, 
	0x49, 0x01, 0xf7, 
	0x49, 0x83, 0xc7, 0x02, 
	0x48, 0x89, 0xd8, 
	0x48, 0x29, 0xf0, 
	0x48, 0x83, 0xc0, 0xfe, 
	0x48, 0x83, 0xc3, 0xfe, 
	0x48, 0x39, 0xf3, 
	0x48, 0x89, 0xc3, 
	0x4c, 0x8b, 0x54, 0x24, 0x18, 
	0xc4, 0x41, 0x35, 0x76, 0xc9, 
	0xc5, 0xfe, 0x6f, 0x25, 0x9b, 0xda, 0xff, 0xff, 
	0x0f, 0x85, 0x7a, 0xff, 0xff, 0xff, 
	0xe9, 0x72, 0x06, 0x00, 0x00, 
	
	0x49, 0x01, 0xf7, 
	0x49, 0x83, 0xc7, 0x01, 
	
	0x4c, 0x2b, 0x7c, 0x24, 0x10, 
	0xe9, 0xd6, 0xed, 0xff, 0xff, 
	
	0x80, 0xfa, 0x22, 
	0x0f, 0x85, 0x58, 0x06, 0x00, 0x00, 
	0x49, 0x01, 0xdf, 
	0x4c, 0x8b, 0x54, 0x24, 0x18, 
	0xc4, 0x41, 0x35, 0x76, 0xc9, 
	0xc5, 0xfe, 0x6f, 0x25, 0x61, 0xda, 0xff, 0xff, 
	0xe9, 0xd3, 0xff, 0xff, 0xff, 
	
	0x48, 0x83, 0x3c, 0x24, 0xff, 
	0x0f, 0x85, 0x13, 0x00, 0x00, 0x00, 
	0x4c, 0x89, 0xf8, 
	0x48, 0x2b, 0x44, 0x24, 0x10, 
	0x48, 0x0f, 0xbc, 0xca, 
	0x48, 0x01, 0xc1, 
	0x48, 0x89, 0x0c, 0x24, 
	
	0x44, 0x89, 0xd8, 
	0xf7, 0xd0, 
	0x21, 0xd0, 
	0x8d, 0x0c, 0x00, 
	0x41, 0x8d, 0x34, 0x43, 
	0xf7, 0xd1, 
	0x21, 0xd1, 
	0x81, 0xe1, 0xaa, 0xaa, 0xaa, 0xaa, 
	0x45, 0x31, 0xdb, 
	0x01, 0xc1, 
	0x41, 0x0f, 0x92, 0xc3, 
	0x01, 0xc9, 
	0x81, 0xf1, 0x55, 0x55, 0x55, 0x55, 
	0x21, 0xf1, 
	0xf7, 0xd1, 
	0x41, 0x21, 0xca, 
	0xc4, 0x41, 0x35, 0x76, 0xc9, 
	0xc5, 0xfe, 0x6f, 0x25, 0x01, 0xda, 0xff, 0xff, 
	0x4d, 0x85, 0xd2, 
	0x0f, 0x85, 0x6a, 0xf8, 0xff, 0xff, 
	
	0xba, 0x40, 0x00, 0x00, 0x00, 
	
	0xc5, 0xbd, 0x64, 0xc8, 
	0xc4, 0xc1, 0x7d, 0x64, 0xc1, 
	0xc5, 0xf5, 0xdb, 0xc0, 
	0xc5, 0xfd, 0xd7, 0xf0, 
	0x0f, 0xbc, 0xfe, 
	0x4d, 0x85, 0xd2, 
	0x0f, 0x84, 0x2e, 0x00, 0x00, 0x00, 
	0x85, 0xf6, 
	0xb8, 0x40, 0x00, 0x00, 0x00, 
	0x0f, 0x44, 0xf8, 
	0x48, 0x39, 0xfa, 
	0x4c, 0x8b, 0x54, 0x24, 0x18, 
	0x0f, 0x87, 0x35, 0x0f, 0x00, 0x00, 
	0x4c, 0x2b, 0x7c, 0x24, 0x10, 
	0x49, 0x01, 0xd7, 
	0x49, 0x83, 0xc7, 0x01, 
	0x4c, 0x8b, 0x5c, 0x24, 0x08, 
	0xe9, 0xff, 0xec, 0xff, 0xff, 
	
	0x85, 0xf6, 
	0x4c, 0x8b, 0x54, 0x24, 0x18, 
	0x0f, 0x85, 0xef, 0x0e, 0x00, 0x00, 
	0x49, 0x83, 0xc7, 0x20, 
	0x48, 0x83, 0xc3, 0xe0, 
	
	0x4d, 0x85, 0xdb, 
	0x0f, 0x85, 0xbc, 0x01, 0x00, 0x00, 
	0x48, 0x8b, 0x0c, 0x24, 
	0x4c, 0x8b, 0x5c, 0x24, 0x08, 
	0x48, 0x85, 0xdb, 
	0x0f, 0x84, 0x5a, 0x05, 0x00, 0x00, 
	
	0x41, 0x0f, 0xb6, 0x17, 
	0x80, 0xfa, 0x22, 
	0x0f, 0x84, 0x83, 0x00, 0x00, 0x00, 
	0x80, 0xfa, 0x5c, 
	0x0f, 0x84, 0x26, 0x00, 0x00, 0x00, 
	0x80, 0xfa, 0x1f, 
	0x0f, 0x86, 0xb9, 0x0e, 0x00, 0x00, 
	0x48, 0xc7, 0xc2, 0xff, 0xff, 0xff, 0xff, 
	0xbe, 0x01, 0x00, 0x00, 0x00, 
	0x49, 0x01, 0xf7, 
	0x48, 0x01, 0xd3, 
	0x0f, 0x85, 0xc9, 0xff, 0xff, 0xff, 
	0xe9, 0x1e, 0x05, 0x00, 0x00, 
	
	0x48, 0x83, 0xfb, 0x01, 
	0x0f, 0x84, 0xce, 0x04, 0x00, 0x00, 
	0x48, 0xc7, 0xc2, 0xfe, 0xff, 0xff, 0xff, 
	0xbe, 0x02, 0x00, 0x00, 0x00, 
	0x48, 0x83, 0xf9, 0xff, 
	0x0f, 0x85, 0x0c, 0x00, 0x00, 0x00, 
	0x4c, 0x89, 0xf9, 
	0x48, 0x2b, 0x4c, 0x24, 0x10, 
	0x48, 0x89, 0x0c, 0x24, 
	
	0x4c, 0x8b, 0x5c, 0x24, 0x08, 
	0x4c, 0x8b, 0x54, 0x24, 0x18, 
	0xc4, 0x41, 0x35, 0x76, 0xc9, 
	0xc5, 0xfe, 0x6f, 0x25, 0xf9, 0xd8, 0xff, 0xff, 
	0x49, 0x01, 0xf7, 
	0x48, 0x01, 0xd3, 
	0x0f, 0x85, 0x75, 0xff, 0xff, 0xff, 
	0xe9, 0xca, 0x04, 0x00, 0x00, 
	
	0x4c, 0x2b, 0x7c, 0x24, 0x10, 
	0x49, 0x83, 0xc7, 0x01, 
	0xe9, 0x31, 0xec, 0xff, 0xff, 
	
	0x48, 0x85, 0xdb, 
	0x0f, 0x84, 0xb3, 0x04, 0x00, 0x00, 
	0x4c, 0x89, 0xca, 
	0x48, 0x8b, 0x4c, 0x24, 0x10, 
	0x48, 0xf7, 0xd1, 
	0x49, 0x8d, 0x04, 0x0f, 
	0x4c, 0x8b, 0x0c, 0x24, 
	0x49, 0x83, 0xf9, 0xff, 
	0x4c, 0x89, 0xcf, 
	0x4c, 0x0f, 0x44, 0xc8, 
	0x48, 0x0f, 0x44, 0xf8, 
	0x49, 0x83, 0xc7, 0x01, 
	0x48, 0x83, 0xc3, 0xff, 
	0x4c, 0x89, 0x0c, 0x24, 
	0x4c, 0x8b, 0x54, 0x24, 0x18, 
	0x49, 0x89, 0xd1, 
	0xc4, 0x41, 0x35, 0x76, 0xc9, 
	0xc5, 0xfe, 0x6f, 0x25, 0x8e, 0xd8, 0xff, 0xff, 
	0x48, 0x85, 0xdb, 
	0x0f, 0x85, 0x8d, 0xfa, 0xff, 0xff, 
	0xe9, 0x1e, 0xfb, 0xff, 0xff, 
	
	0x4d, 0x85, 0xed, 
	0x0f, 0x84, 0x13, 0x04, 0x00, 0x00, 
	0x48, 0x8b, 0x4c, 0x24, 0x10, 
	0x48, 0xf7, 0xd1, 
	0x4c, 0x01, 0xf9, 
	0x48, 0x8b, 0x34, 0x24, 
	0x48, 0x83, 0xfe, 0xff, 
	0x48, 0x89, 0xf2, 
	0x48, 0x0f, 0x44, 0xd1, 
	0x48, 0x0f, 0x45, 0xce, 
	0x49, 0x83, 0xc7, 0x01, 
	0x49, 0x83, 0xc5, 0xff, 
	0x48, 0x89, 0x14, 0x24, 
	0x4c, 0x8b, 0x5c, 0x24, 0x08, 
	0x4c, 0x8b, 0x54, 0x24, 0x18, 
	0xc4, 0x41, 0x35, 0x76, 0xc9, 
	0xc5, 0xfe, 0x6f, 0x25, 0x36, 0xd8, 0xff, 0xff, 
	0x4d, 0x85, 0xed, 
	0x0f, 0x85, 0xdc, 0xfb, 0xff, 0xff, 
	0xe9, 0x0a, 0x04, 0x00, 0x00, 
	
	0x48, 0x85, 0xdb, 
	0x0f, 0x84, 0x01, 0x04, 0x00, 0x00, 
	0x4c, 0x89, 0xca, 
	0x48, 0x8b, 0x4c, 0x24, 0x10, 
	0x48, 0xf7, 0xd1, 
	0x49, 0x8d, 0x04, 0x0f, 
	0x4c, 0x8b, 0x0c, 0x24, 
	0x49, 0x83, 0xf9, 0xff, 
	0x4c, 0x89, 0xcf, 
	0x4c, 0x0f, 0x44, 0xc8, 
	0x48, 0x0f, 0x44, 0xf8, 
	0x49, 0x83, 0xc7, 0x01, 
	0x48, 0x83, 0xc3, 0xff, 
	0x4c, 0x89, 0x0c, 0x24, 
	0x4c, 0x8b, 0x54, 0x24, 0x18, 
	0x49, 0x89, 0xd1, 
	0xc4, 0x41, 0x35, 0x76, 0xc9, 
	0xc5, 0xfe, 0x6f, 0x25, 0xdc, 0xd7, 0xff, 0xff, 
	0x48, 0x85, 0xdb, 
	0x0f, 0x85, 0xb4, 0xfc, 0xff, 0xff, 
	0xe9, 0x45, 0xfd, 0xff, 0xff, 
	
	0x48, 0x85, 0xdb, 
	0x0f, 0x84, 0x61, 0x03, 0x00, 0x00, 
	0x48, 0x8b, 0x4c, 0x24, 0x10, 
	0x48, 0xf7, 0xd1, 
	0x4c, 0x01, 0xf9, 
	0x48, 0x8b, 0x14, 0x24, 
	0x48, 0x83, 0xfa, 0xff, 
	0x48, 0x89, 0xd0, 
	0x48, 0x0f, 0x44, 0xc1, 
	0x48, 0x0f, 0x45, 0xca, 
	0x49, 0x83, 0xc7, 0x01, 
	0x48, 0x83, 0xc3, 0xff, 
	0x48, 0x89, 0x04, 0x24, 
	0x4c, 0x8b, 0x5c, 0x24, 0x08, 
	0x4c, 0x8b, 0x54, 0x24, 0x18, 
	0xc4, 0x41, 0x35, 0x76, 0xc9, 
	0xc5, 0xfe, 0x6f, 0x25, 0x84, 0xd7, 0xff, 0xff, 
	0x48, 0x85, 0xdb, 
	0x0f, 0x85, 0x03, 0xfe, 0xff, 0xff, 
	0xe9, 0x58, 0x03, 0x00, 0x00, 
	
	0x48, 0x83, 0x3c, 0x24, 0xff, 
	0x0f, 0x85, 0x13, 0x00, 0x00, 0x00, 
	0x4c, 0x89, 0xf8, 
	0x48, 0x2b, 0x44, 0x24, 0x10, 
	0x48, 0x0f, 0xbc, 0xca, 
	0x48, 0x01, 0xc1, 
	0x48, 0x89, 0x0c, 0x24, 
	
	0x44, 0x89, 0xd0, 
	0xf7, 0xd0, 
	0x21, 0xd0, 
	0x8d, 0x0c, 0x00, 
	0x41, 0x8d, 0x3c, 0x42, 
	0xf7, 0xd1, 
	0x21, 0xd1, 
	0x81, 0xe1, 0xaa, 0xaa, 0xaa, 0xaa, 
	0x45, 0x31, 0xd2, 
	0x01, 0xc1, 
	0x41, 0x0f, 0x92, 0xc2, 
	0x01, 0xc9, 
	0x81, 0xf1, 0x55, 0x55, 0x55, 0x55, 
	0x21, 0xf9, 
	0xf7, 0xd1, 
	0x21, 0xce, 
	0xc4, 0x41, 0x35, 0x76, 0xc9, 
	0xc5, 0xfe, 0x6f, 0x25, 0x1c, 0xd7, 0xff, 0xff, 
	0x48, 0x85, 0xf6, 
	0x0f, 0x85, 0x44, 0xf6, 0xff, 0xff, 
	
	0x49, 0x83, 0xc7, 0x20, 
	0x48, 0x83, 0xc3, 0xe0, 
	
	0x4d, 0x85, 0xd2, 
	0x0f, 0x85, 0x20, 0x02, 0x00, 0x00, 
	0x48, 0x8b, 0x4c, 0x24, 0x10, 
	0x48, 0xf7, 0xd1, 
	0x48, 0x8b, 0x3c, 0x24, 
	0x48, 0x85, 0xdb, 
	0x0f, 0x84, 0x84, 0x00, 0x00, 0x00, 
	
	0x48, 0x83, 0xc1, 0x01, 
	
	0x31, 0xf6, 
	
	0x41, 0x0f, 0xb6, 0x14, 0x37, 
	0x80, 0xfa, 0x22, 
	0x0f, 0x84, 0x69, 0x00, 0x00, 0x00, 
	0x80, 0xfa, 0x5c, 
	0x0f, 0x84, 0x12, 0x00, 0x00, 0x00, 
	0x48, 0x83, 0xc6, 0x01, 
	0x48, 0x39, 0xf3, 
	0x0f, 0x85, 0xdc, 0xff, 0xff, 0xff, 
	0xe9, 0x5f, 0x00, 0x00, 0x00, 
	
	0x48, 0x8d, 0x43, 0xff, 
	0x48, 0x39, 0xf0, 
	0x0f, 0x84, 0x93, 0x02, 0x00, 0x00, 
	0x4a, 0x8d, 0x04, 0x39, 
	0x48, 0x01, 0xf0, 
	0x48, 0x83, 0xff, 0xff, 
	0x48, 0x8b, 0x14, 0x24, 
	0x48, 0x0f, 0x44, 0xd0, 
	0x48, 0x89, 0x14, 0x24, 
	0x48, 0x0f, 0x44, 0xf8, 
	0x49, 0x01, 0xf7, 
	0x49, 0x83, 0xc7, 0x02, 
	0x48, 0x89, 0xd8, 
	0x48, 0x29, 0xf0, 
	0x48, 0x83, 0xc0, 0xfe, 
	0x48, 0x83, 0xc3, 0xfe, 
	0x48, 0x39, 0xf3, 
	0x48, 0x89, 0xc3, 
	0x0f, 0x85, 0x8c, 0xff, 0xff, 0xff, 
	0xe9, 0x52, 0x02, 0x00, 0x00, 
	
	0x49, 0x01, 0xf7, 
	0x49, 0x83, 0xc7, 0x01, 
	
	0x4c, 0x2b, 0x7c, 0x24, 0x10, 
	0xe9, 0x66, 0x01, 0x00, 0x00, 
	
	0x80, 0xfa, 0x22, 
	0x0f, 0x85, 0x38, 0x02, 0x00, 0x00, 
	0x49, 0x01, 0xdf, 
	0xe9, 0xe5, 0xff, 0xff, 0xff, 
	
	0x48, 0x83, 0x3c, 0x24, 0xff, 
	0x0f, 0x85, 0x13, 0x00, 0x00, 0x00, 
	0x4c, 0x89, 0xf8, 
	0x48, 0x2b, 0x44, 0x24, 0x10, 
	0x48, 0x0f, 0xbc, 0xca, 
	0x48, 0x01, 0xc1, 
	0x48, 0x89, 0x0c, 0x24, 
	
	0x44, 0x89, 0xd8, 
	0xf7, 0xd0, 
	0x21, 0xd0, 
	0x8d, 0x0c, 0x00, 
	0x41, 0x8d, 0x34, 0x43, 
	0xf7, 0xd1, 
	0x21, 0xd1, 
	0x81, 0xe1, 0xaa, 0xaa, 0xaa, 0xaa, 
	0x45, 0x31, 0xdb, 
	0x01, 0xc1, 
	0x41, 0x0f, 0x92, 0xc3, 
	0x01, 0xc9, 
	0x81, 0xf1, 0x55, 0x55, 0x55, 0x55, 
	0x21, 0xf1, 
	0xf7, 0xd1, 
	0x41, 0x21, 0xca, 
	0xc4, 0x41, 0x35, 0x76, 0xc9, 
	0xc5, 0xfe, 0x6f, 0x25, 0xf3, 0xd5, 0xff, 0xff, 
	0x4d, 0x85, 0xd2, 
	0x0f, 0x85, 0x76, 0xf5, 0xff, 0xff, 
	
	0xba, 0x40, 0x00, 0x00, 0x00, 
	
	0xc5, 0xbd, 0x64, 0xc8, 
	0xc4, 0xc1, 0x7d, 0x64, 0xc1, 
	0xc5, 0xf5, 0xdb, 0xc0, 
	0xc5, 0xfd, 0xd7, 0xf0, 
	0x0f, 0xbc, 0xfe, 
	0x4d, 0x85, 0xd2, 
	0x0f, 0x84, 0x2e, 0x00, 0x00, 0x00, 
	0x85, 0xf6, 
	0xb8, 0x40, 0x00, 0x00, 0x00, 
	0x0f, 0x44, 0xf8, 
	0x48, 0x39, 0xfa, 
	0x4c, 0x8b, 0x54, 0x24, 0x18, 
	0x0f, 0x87, 0x27, 0x0b, 0x00, 0x00, 
	0x4c, 0x2b, 0x7c, 0x24, 0x10, 
	0x49, 0x01, 0xd7, 
	0x49, 0x83, 0xc7, 0x01, 
	0x4c, 0x8b, 0x5c, 0x24, 0x08, 
	0xe9, 0xc0, 0xf0, 0xff, 0xff, 
	
	0x85, 0xf6, 
	0x0f, 0x85, 0xe6, 0x0a, 0x00, 0x00, 
	0x49, 0x83, 0xc7, 0x20, 
	0x48, 0x83, 0xc3, 0xe0, 
	
	0x4d, 0x85, 0xdb, 
	0x0f, 0x85, 0xe1, 0x00, 0x00, 0x00, 
	0x48, 0x8b, 0x0c, 0x24, 
	0x48, 0x85, 0xdb, 
	0x0f, 0x84, 0x10, 0x01, 0x00, 0x00, 
	
	0x41, 0x0f, 0xb6, 0x17, 
	0x80, 0xfa, 0x22, 
	0x0f, 0x84, 0x60, 0x00, 0x00, 0x00, 
	0x80, 0xfa, 0x5c, 
	0x0f, 0x84, 0x26, 0x00, 0x00, 0x00, 
	0x80, 0xfa, 0x1f, 
	0x0f, 0x86, 0x02, 0x0b, 0x00, 0x00, 
	0x48, 0xc7, 0xc2, 0xff, 0xff, 0xff, 0xff, 
	0xbe, 0x01, 0x00, 0x00, 0x00, 
	
	0x49, 0x01, 0xf7, 
	0x48, 0x01, 0xd3, 
	0x0f, 0x85, 0xc9, 0xff, 0xff, 0xff, 
	0xe9, 0xd4, 0x00, 0x00, 0x00, 
	
	0x48, 0x83, 0xfb, 0x01, 
	0x0f, 0x84, 0xca, 0x00, 0x00, 0x00, 
	0x48, 0xc7, 0xc2, 0xfe, 0xff, 0xff, 0xff, 
	0xbe, 0x02, 0x00, 0x00, 0x00, 
	0x48, 0x83, 0xf9, 0xff, 
	0x0f, 0x85, 0xcf, 0xff, 0xff, 0xff, 
	0x4c, 0x89, 0xf9, 
	0x48, 0x2b, 0x4c, 0x24, 0x10, 
	0x48, 0x89, 0x0c, 0x24, 
	0xe9, 0xbe, 0xff, 0xff, 0xff, 
	
	0x4c, 0x2b, 0x7c, 0x24, 0x10, 
	0x49, 0x83, 0xc7, 0x01, 
	0x4c, 0x8b, 0x5c, 0x24, 0x08, 
	
	0x4c, 0x8b, 0x54, 0x24, 0x18, 
	0xc4, 0x41, 0x35, 0x76, 0xc9, 
	0xc5, 0xfe, 0x6f, 0x25, 0xe7, 0xd4, 0xff, 0xff, 
	0xe9, 0x08, 0xf0, 0xff, 0xff, 
	
	0x48, 0x85, 0xdb, 
	0x0f, 0x84, 0xbb, 0x00, 0x00, 0x00, 
	0x48, 0x8b, 0x4c, 0x24, 0x10, 
	0x48, 0xf7, 0xd1, 
	0x49, 0x8d, 0x04, 0x0f, 
	0x48, 0x8b, 0x14, 0x24, 
	0x48, 0x83, 0xfa, 0xff, 
	0x48, 0x89, 0xd7, 
	0x48, 0x0f, 0x44, 0xd0, 
	0x48, 0x0f, 0x44, 0xf8, 
	0x49, 0x83, 0xc7, 0x01, 
	0x48, 0x83, 0xc3, 0xff, 
	0x48, 0x89, 0x14, 0x24, 
	0x48, 0x85, 0xdb, 
	0x0f, 0x85, 0xb8, 0xfd, 0xff, 0xff, 
	0xe9, 0x37, 0xfe, 0xff, 0xff, 
	
	0x48, 0x85, 0xdb, 
	0x0f, 0x84, 0x33, 0x00, 0x00, 0x00, 
	0x48, 0x8b, 0x4c, 0x24, 0x10, 
	0x48, 0xf7, 0xd1, 
	0x4c, 0x01, 0xf9, 
	0x48, 0x8b, 0x14, 0x24, 
	0x48, 0x83, 0xfa, 0xff, 
	0x48, 0x89, 0xd0, 
	0x48, 0x0f, 0x44, 0xc1, 
	0x48, 0x0f, 0x45, 0xca, 
	0x49, 0x83, 0xc7, 0x01, 
	0x48, 0x83, 0xc3, 0xff, 
	0x48, 0x89, 0x04, 0x24, 
	0x48, 0x85, 0xdb, 
	0x0f, 0x85, 0xf0, 0xfe, 0xff, 0xff, 
	
	0x4c, 0x8b, 0x5c, 0x24, 0x08, 
	0xe9, 0x3c, 0x00, 0x00, 0x00, 
	
	0x4d, 0x89, 0x33, 
	
	0x49, 0xc7, 0xc7, 0xff, 0xff, 0xff, 0xff, 
	0xe9, 0x43, 0x07, 0x00, 0x00, 
	
	0x48, 0x8d, 0x48, 0x04, 
	0x49, 0x3b, 0x4d, 0x08, 
	0x0f, 0x86, 0xaf, 0xd8, 0xff, 0xff, 
	0xe9, 0x30, 0x07, 0x00, 0x00, 
	
	0x49, 0xc7, 0xc7, 0xf9, 0xff, 0xff, 0xff, 
	0xe9, 0x24, 0x07, 0x00, 0x00, 
	
	0x49, 0x83, 0xff, 0xff, 
	0x48, 0x8b, 0x14, 0x24, 
	0x0f, 0x85, 0x0a, 0x00, 0x00, 0x00, 
	
	0x49, 0xc7, 0xc7, 0xff, 0xff, 0xff, 0xff, 
	0x4c, 0x89, 0xe2, 
	
	0x49, 0x89, 0x13, 
	0xe9, 0x04, 0x07, 0x00, 0x00, 
	
	0x49, 0x83, 0xc0, 0xff, 
	0x4d, 0x89, 0xc7, 
	0xe9, 0xf8, 0x06, 0x00, 0x00, 
	
	0x49, 0x89, 0x03, 
	0xe9, 0xe9, 0x06, 0x00, 0x00, 
	
	0x4c, 0x89, 0xe9, 
	0x4d, 0x89, 0xdd, 
	0x4c, 0x8b, 0x41, 0x08, 
	0x4d, 0x89, 0xc6, 
	0x49, 0x29, 0xd6, 
	0x49, 0x83, 0xfe, 0x20, 
	0x0f, 0x8c, 0x07, 0x09, 0x00, 0x00, 
	0x4d, 0x8d, 0x0c, 0x02, 
	0x49, 0x29, 0xc0, 
	0xbb, 0x1f, 0x00, 0x00, 0x00, 
	0x45, 0x31, 0xf6, 
	0xc5, 0xfe, 0x6f, 0x05, 0x67, 0xd2, 0xff, 0xff, 
	0xc5, 0xfe, 0x6f, 0x0d, 0x7f, 0xd2, 0xff, 0xff, 
	0x45, 0x31, 0xe4, 
	0x90, 0x90, 0x90, 0x90, 0x90, 0x90, 0x90, 0x90, 0x90, 0x90, 0x90, 0x90, 
	
	0xc4, 0x81, 0x7e, 0x6f, 0x54, 0x31, 0x01, 
	0xc5, 0xed, 0x74, 0xd8, 
	0xc5, 0x7d, 0xd7, 0xdb, 
	0xc5, 0xed, 0x74, 0xd1, 
	0xc5, 0xfd, 0xd7, 0xca, 
	0x85, 0xc9, 
	0x0f, 0x85, 0x11, 0x00, 0x00, 0x00, 
	0x4d, 0x85, 0xe4, 
	0x0f, 0x85, 0x08, 0x00, 0x00, 0x00, 
	0x45, 0x31, 0xe4, 
	0xe9, 0x31, 0x00, 0x00, 0x00, 
	
	0x44, 0x89, 0xe7, 
	0xf7, 0xd7, 
	0x21, 0xcf, 
	0x8d, 0x14, 0x3f, 
	0x44, 0x09, 0xe2, 
	0x89, 0xd6, 
	0xf7, 0xd6, 
	0x21, 0xce, 
	0x81, 0xe6, 0xaa, 0xaa, 0xaa, 0xaa, 
	0x45, 0x31, 0xe4, 
	0x01, 0xfe, 
	0x41, 0x0f, 0x92, 0xc4, 
	0x01, 0xf6, 
	0x81, 0xf6, 0x55, 0x55, 0x55, 0x55, 
	0x21, 0xd6, 
	0xf7, 0xd6, 
	0x41, 0x21, 0xf3, 
	
	0x4d, 0x85, 0xdb, 
	0x0f, 0x85, 0xfc, 0x05, 0x00, 0x00, 
	0x49, 0x83, 0xc6, 0x20, 
	0x49, 0x8d, 0x0c, 0x18, 
	0x48, 0x83, 0xc1, 0xe0, 
	0x48, 0x83, 0xc3, 0xe0, 
	0x48, 0x83, 0xf9, 0x3f, 
	0x0f, 0x8f, 0x7c, 0xff, 0xff, 0xff, 
	0x4d, 0x85, 0xe4, 
	0x0f, 0x85, 0xac, 0x08, 0x00, 0x00, 
	0x4b, 0x8d, 0x14, 0x0e, 
	0x48, 0x83, 0xc2, 0x01, 
	0x49, 0xf7, 0xd6, 
	0x4d, 0x01, 0xc6, 
	
	0x4d, 0x85, 0xf6, 
	0x0f, 0x8e, 0x04, 0x06, 0x00, 0x00, 
	0x49, 0xc7, 0xc7, 0xff, 0xff, 0xff, 0xff, 
	0xe9, 0x25, 0x06, 0x00, 0x00, 
	
	0x48, 0x8d, 0x48, 0x05, 
	0x49, 0x3b, 0x4d, 0x08, 
	0x0f, 0x86, 0x64, 0xd7, 0xff, 0xff, 
	0xe9, 0xe5, 0x05, 0x00, 0x00, 
	
	0x4c, 0x89, 0x5c, 0x24, 0x08, 
	0x4d, 0x8b, 0x75, 0x08, 
	0x49, 0x29, 0xd6, 
	0x49, 0x01, 0xd2, 
	0x45, 0x31, 0xdb, 
	0xc5, 0xfe, 0x6f, 0x05, 0x93, 0xd1, 0xff, 0xff, 
	0xc5, 0xfe, 0x6f, 0x0d, 0x6b, 0xd1, 0xff, 0xff, 
	0xc5, 0xe9, 0x76, 0xd2, 
	0xc5, 0xfe, 0x6f, 0x1d, 0x9f, 0xd1, 0xff, 0xff, 
	0xc5, 0xfe, 0x6f, 0x25, 0xb7, 0xd1, 0xff, 0xff, 
	0xc4, 0x41, 0x31, 0xef, 0xc9, 
	0x45, 0x31, 0xe4, 
	0x45, 0x31, 0xc9, 
	0x31, 0xd2, 
	0x49, 0x83, 0xfe, 0x40, 
	0x0f, 0x8c, 0x4c, 0x01, 0x00, 0x00, 
	
	0xc4, 0xc1, 0x7e, 0x6f, 0x3a, 
	0xc4, 0xc1, 0x7e, 0x6f, 0x72, 0x20, 
	0xc5, 0x45, 0x74, 0xc0, 
	0xc4, 0xc1, 0x7d, 0xd7, 0xf0, 
	0xc5, 0x4d, 0x74, 0xc0, 
	0xc4, 0xc1, 0x7d, 0xd7, 0xc8, 
	0x48, 0xc1, 0xe1, 0x20, 
	0x48, 0x09, 0xce, 
	0x48, 0x89, 0xf1, 
	0x4d, 0x89, 0xe8, 
	0x4c, 0x09, 0xe1, 
	0x0f, 0x85, 0x0f, 0x00, 0x00, 0x00, 
	0x48, 0xc7, 0xc6, 0xff, 0xff, 0xff, 0xff, 
	0x45, 0x31, 0xe4, 
	0xe9, 0x46, 0x00, 0x00, 0x00, 
	
	0x4c, 0x89, 0xe1, 
	0x48, 0xf7, 0xd1, 
	0x48, 0x21, 0xf1, 
	0x4c, 0x8d, 0x2c, 0x09, 
	0x4d, 0x09, 0xe5, 
	0x4c, 0x89, 0xeb, 
	0x48, 0xf7, 0xd3, 
	0x48, 0xbf, 0xaa, 0xaa, 0xaa, 0xaa, 0xaa, 0xaa, 0xaa, 0xaa, 
	0x48, 0x21, 0xfe, 
	0x48, 0x21, 0xde, 
	0x45, 0x31, 0xe4, 
	0x48, 0x01, 0xce, 
	0x41, 0x0f, 0x92, 0xc4, 
	0x48, 0x01, 0xf6, 
	0x48, 0xb9, 0x55, 0x55, 0x55, 0x55, 0x55, 0x55, 0x55, 0x55, 
	0x48, 0x31, 0xce, 
	0x4c, 0x21, 0xee, 
	0x48, 0xf7, 0xd6, 
	
	0xc5, 0x4d, 0x74, 0xc1, 
	0xc4, 0xc1, 0x7d, 0xd7, 0xc8, 
	0x48, 0xc1, 0xe1, 0x20, 
	0xc5, 0x45, 0x74, 0xc1, 
	0xc4, 0xc1, 0x7d, 0xd7, 0xf8, 
	0x48, 0x09, 0xcf, 
	0x48, 0x21, 0xf7, 
	0xc4, 0xe1, 0xf9, 0x6e, 0xef, 
	0xc4, 0xe3, 0x51, 0x44, 0xea, 0x00, 
	0xc4, 0xc1, 0xf9, 0x7e, 0xed, 
	0x4d, 0x31, 0xdd, 
	0xc5, 0xc5, 0x74, 0xeb, 
	0xc5, 0xfd, 0xd7, 0xfd, 
	0xc5, 0xcd, 0x74, 0xeb, 
	0xc5, 0xfd, 0xd7, 0xcd, 
	0x48, 0xc1, 0xe1, 0x20, 
	0x48, 0x09, 0xcf, 
	0x4c, 0x89, 0xe9, 
	0x48, 0xf7, 0xd1, 
	0x48, 0x21, 0xcf, 
	0xc5, 0xc5, 0x74, 0xec, 
	0xc5, 0xfd, 0xd7, 0xdd, 
	0xc5, 0xcd, 0x74, 0xec, 
	0xc5, 0xfd, 0xd7, 0xf5, 
	0x48, 0xc1, 0xe6, 0x20, 
	0x48, 0x09, 0xf3, 
	0x48, 0x21, 0xcb, 
	0x0f, 0x84, 0x31, 0x00, 0x00, 0x00, 
	0x90, 0x90, 0x90, 0x90, 0x90, 0x90, 0x90, 0x90, 0x90, 
	
	0x48, 0x8d, 0x4b, 0xff, 
	0x48, 0x89, 0xce, 
	0x48, 0x21, 0xfe, 
	0xf3, 0x48, 0x0f, 0xb8, 0xf6, 
	0x4c, 0x01, 0xce, 
	0x48, 0x39, 0xd6, 
	0x0f, 0x86, 0x00, 0x04, 0x00, 0x00, 
	0x48, 0x83, 0xc2, 0x01, 
	0x48, 0x21, 0xcb, 
	0x0f, 0x85, 0xd8, 0xff, 0xff, 0xff, 
	
	0x49, 0xc1, 0xfd, 0x3f, 
	0xf3, 0x48, 0x0f, 0xb8, 0xcf, 
	0x49, 0x01, 0xc9, 
	0x49, 0x83, 0xc2, 0x40, 
	0x49, 0x83, 0xc6, 0xc0, 
	0x4d, 0x89, 0xeb, 
	0x4d, 0x89, 0xc5, 
	0x49, 0x83, 0xfe, 0x40, 
	0x0f, 0x8d, 0xb4, 0xfe, 0xff, 0xff, 
	
	0x4d, 0x85, 0xf6, 
	0x0f, 0x8e, 0x7c, 0x06, 0x00, 0x00, 
	0xc5, 0x7e, 0x7f, 0x4c, 0x24, 0x60, 
	0xc5, 0x7e, 0x7f, 0x4c, 0x24, 0x40, 
	0x44, 0x89, 0xd1, 
	0x81, 0xe1, 0xff, 0x0f, 0x00, 0x00, 
	0x81, 0xf9, 0xc1, 0x0f, 0x00, 0x00, 
	0x0f, 0x82, 0x8a, 0xfe, 0xff, 0xff, 
	0x49, 0x83, 0xfe, 0x20, 
	0x0f, 0x82, 0x1d, 0x00, 0x00, 0x00, 
	0xc4, 0xc1, 0x7e, 0x6f, 0x2a, 
	0xc5, 0xfe, 0x7f, 0x6c, 0x24, 0x40, 
	0x49, 0x83, 0xc2, 0x20, 
	0x49, 0x8d, 0x7e, 0xe0, 
	0x48, 0x8d, 0x74, 0x24, 0x60, 
	0xe9, 0x08, 0x00, 0x00, 0x00, 
	
	0x48, 0x8d, 0x74, 0x24, 0x40, 
	0x4c, 0x89, 0xf7, 
	
	0x48, 0x83, 0xff, 0x10, 
	0x0f, 0x82, 0x5a, 0x00, 0x00, 0x00, 
	0xc4, 0xc1, 0x7a, 0x6f, 0x2a, 
	0xc5, 0xfa, 0x7f, 0x2e, 
	0x49, 0x83, 0xc2, 0x10, 
	0x48, 0x83, 0xc6, 0x10, 
	0x48, 0x83, 0xc7, 0xf0, 
	0x48, 0x83, 0xff, 0x08, 
	0x0f, 0x83, 0x45, 0x00, 0x00, 0x00, 
	
	0x48, 0x83, 0xff, 0x04, 
	0x0f, 0x8c, 0x57, 0x00, 0x00, 0x00, 
	
	0x41, 0x8b, 0x0a, 
	0x89, 0x0e, 
	0x49, 0x83, 0xc2, 0x04, 
	0x48, 0x83, 0xc6, 0x04, 
	0x48, 0x83, 0xc7, 0xfc, 
	0x48, 0x83, 0xff, 0x02, 
	0x0f, 0x83, 0x46, 0x00, 0x00, 0x00, 
	
	0x4c, 0x89, 0xd3, 
	0x4c, 0x8d, 0x54, 0x24, 0x40, 
	0x48, 0x85, 0xff, 
	0x0f, 0x85, 0x59, 0x00, 0x00, 0x00, 
	0xe9, 0xf7, 0xfd, 0xff, 0xff, 
	
	0x48, 0x83, 0xff, 0x08, 
	0x0f, 0x82, 0xbb, 0xff, 0xff, 0xff, 
	
	0x49, 0x8b, 0x0a, 
	0x48, 0x89, 0x0e, 
	0x49, 0x83, 0xc2, 0x08, 
	0x48, 0x83, 0xc6, 0x08, 
	0x48, 0x83, 0xc7, 0xf8, 
	0x48, 0x83, 0xff, 0x04, 
	0x0f, 0x8d, 0xa9, 0xff, 0xff, 0xff, 
	
	0x48, 0x83, 0xff, 0x02, 
	0x0f, 0x82, 0xba, 0xff, 0xff, 0xff, 
	
	0x41, 0x0f, 0xb7, 0x0a, 
	0x66, 0x89, 0x0e, 
	0x49, 0x83, 0xc2, 0x02, 
	0x48, 0x83, 0xc6, 0x02, 
	0x48, 0x83, 0xc7, 0xfe, 
	0x4c, 0x89, 0xd3, 
	0x4c, 0x8d, 0x54, 0x24, 0x40, 
	0x48, 0x85, 0xff, 
	0x0f, 0x84, 0xa3, 0xfd, 0xff, 0xff, 
	
	0x8a, 0x0b, 
	0x88, 0x0e, 
	0x4c, 0x8d, 0x54, 0x24, 0x40, 
	0xe9, 0x95, 0xfd, 0xff, 0xff, 
	
	0x4c, 0x89, 0x5c, 0x24, 0x08, 
	0x4d, 0x8b, 0x75, 0x08, 
	0x49, 0x29, 0xd6, 
	0x49, 0x01, 0xd2, 
	0x45, 0x31, 0xdb, 
	0xc5, 0xfe, 0x6f, 0x05, 0xdb, 0xce, 0xff, 0xff, 
	0xc5, 0xfe, 0x6f, 0x0d, 0xb3, 0xce, 0xff, 0xff, 
	0xc5, 0xe9, 0x76, 0xd2, 
	0xc5, 0xfe, 0x6f, 0x1d, 0x27, 0xcf, 0xff, 0xff, 
	0xc5, 0xfe, 0x6f, 0x25, 0x7f, 0xce, 0xff, 0xff, 
	0xc4, 0x41, 0x31, 0xef, 0xc9, 
	0x45, 0x31, 0xe4, 
	0x45, 0x31, 0xc9, 
	0x31, 0xd2, 
	0x49, 0x83, 0xfe, 0x40, 
	0x0f, 0x8c, 0x44, 0x01, 0x00, 0x00, 
	
	0xc4, 0xc1, 0x7e, 0x6f, 0x3a, 
	0xc4, 0xc1, 0x7e, 0x6f, 0x72, 0x20, 
	0xc5, 0x45, 0x74, 0xc0, 
	0xc4, 0xc1, 0x7d, 0xd7, 0xf0, 
	0xc5, 0x4d, 0x74, 0xc0, 
	0xc4, 0xc1, 0x7d, 0xd7, 0xc8, 
	0x48, 0xc1, 0xe1, 0x20, 
	0x48, 0x09, 0xce, 
	0x48, 0x89, 0xf1, 
	0x4d, 0x89, 0xe8, 
	0x4c, 0x09, 0xe1, 
	0x0f, 0x85, 0x0f, 0x00, 0x00, 0x00, 
	0x48, 0xc7, 0xc6, 0xff, 0xff, 0xff, 0xff, 
	0x45, 0x31, 0xe4, 
	0xe9, 0x46, 0x00, 0x00, 0x00, 
	
	0x4c, 0x89, 0xe1, 
	0x48, 0xf7, 0xd1, 
	0x48, 0x21, 0xf1, 
	0x4c, 0x8d, 0x2c, 0x09, 
	0x4d, 0x09, 0xe5, 
	0x4c, 0x89, 0xeb, 
	0x48, 0xf7, 0xd3, 
	0x48, 0xbf, 0xaa, 0xaa, 0xaa, 0xaa, 0xaa, 0xaa, 0xaa, 0xaa, 
	0x48, 0x21, 0xfe, 
	0x48, 0x21, 0xde, 
	0x45, 0x31, 0xe4, 
	0x48, 0x01, 0xce, 
	0x41, 0x0f, 0x92, 0xc4, 
	0x48, 0x01, 0xf6, 
	0x48, 0xb9, 0x55, 0x55, 0x55, 0x55, 0x55, 0x55, 0x55, 0x55, 
	0x48, 0x31, 0xce, 
	0x4c, 0x21, 0xee, 
	0x48, 0xf7, 0xd6, 
	
	0xc5, 0x4d, 0x74, 0xc1, 
	0xc4, 0xc1, 0x7d, 0xd7, 0xc8, 
	0x48, 0xc1, 0xe1, 0x20, 
	0xc5, 0x45, 0x74, 0xc1, 
	0xc4, 0xc1, 0x7d, 0xd7, 0xf8, 
	0x48, 0x09, 0xcf, 
	0x48, 0x21, 0xf7, 
	0xc4, 0xe1, 0xf9, 0x6e, 0xef, 
	0xc4, 0xe3, 0x51, 0x44, 0xea, 0x00, 
	0xc4, 0xc1, 0xf9, 0x7e, 0xed, 
	0x4d, 0x31, 0xdd, 
	0xc5, 0xc5, 0x74, 0xeb, 
	0xc5, 0xfd, 0xd7, 0xfd, 
	0xc5, 0xcd, 0x74, 0xeb, 
	0xc5, 0xfd, 0xd7, 0xcd, 
	0x48, 0xc1, 0xe1, 0x20, 
	0x48, 0x09, 0xcf, 
	0x4c, 0x89, 0xe9, 
	0x48, 0xf7, 0xd1, 
	0x48, 0x21, 0xcf, 
	0xc5, 0xc5, 0x74, 0xec, 
	0xc5, 0xfd, 0xd7, 0xdd, 
	0xc5, 0xcd, 0x74, 0xec, 
	0xc5, 0xfd, 0xd7, 0xf5, 
	0x48, 0xc1, 0xe6, 0x20, 
	0x48, 0x09, 0xf3, 
	0x48, 0x21, 0xcb, 
	0x0f, 0x84, 0x29, 0x00, 0x00, 0x00, 
	0x90, 
	
	0x48, 0x8d, 0x4b, 0xff, 
	0x48, 0x89, 0xce, 
	0x48, 0x21, 0xfe, 
	0xf3, 0x48, 0x0f, 0xb8, 0xf6, 
	0x4c, 0x01, 0xce, 
	0x48, 0x39, 0xd6, 
	0x0f, 0x86, 0x50, 0x01, 0x00, 0x00, 
	0x48, 0x83, 0xc2, 0x01, 
	0x48, 0x21, 0xcb, 
	0x0f, 0x85, 0xd8, 0xff, 0xff, 0xff, 
	
	0x49, 0xc1, 0xfd, 0x3f, 
	0xf3, 0x48, 0x0f, 0xb8, 0xcf, 
	0x49, 0x01, 0xc9, 
	0x49, 0x83, 0xc2, 0x40, 
	0x49, 0x83, 0xc6, 0xc0, 
	0x4d, 0x89, 0xeb, 
	0x4d, 0x89, 0xc5, 
	0x49, 0x83, 0xfe, 0x40, 
	0x0f, 0x8d, 0xbc, 0xfe, 0xff, 0xff, 
	
	0x4d, 0x85, 0xf6, 
	0x0f, 0x8e, 0xcc, 0x03, 0x00, 0x00, 
	0xc5, 0x7e, 0x7f, 0x4c, 0x24, 0x60, 
	0xc5, 0x7e, 0x7f, 0x4c, 0x24, 0x40, 
	0x44, 0x89, 0xd1, 
	0x81, 0xe1, 0xff, 0x0f, 0x00, 0x00, 
	0x81, 0xf9, 0xc1, 0x0f, 0x00, 0x00, 
	0x0f, 0x82, 0x92, 0xfe, 0xff, 0xff, 
	0x49, 0x83, 0xfe, 0x20, 
	0x0f, 0x82, 0x1d, 0x00, 0x00, 0x00, 
	0xc4, 0xc1, 0x7e, 0x6f, 0x2a, 
	0xc5, 0xfe, 0x7f, 0x6c, 0x24, 0x40, 
	0x49, 0x83, 0xc2, 0x20, 
	0x49, 0x8d, 0x7e, 0xe0, 
	0x48, 0x8d, 0x74, 0x24, 0x60, 
	0xe9, 0x08, 0x00, 0x00, 0x00, 
	
	0x48, 0x8d, 0x74, 0x24, 0x40, 
	0x4c, 0x89, 0xf7, 
	
	0x48, 0x83, 0xff, 0x10, 
	0x0f, 0x82, 0x5a, 0x00, 0x00, 0x00, 
	0xc4, 0xc1, 0x7a, 0x6f, 0x2a, 
	0xc5, 0xfa, 0x7f, 0x2e, 
	0x49, 0x83, 0xc2, 0x10, 
	0x48, 0x83, 0xc6, 0x10, 
	0x48, 0x83, 0xc7, 0xf0, 
	0x48, 0x83, 0xff, 0x08, 
	0x0f, 0x83, 0x45, 0x00, 0x00, 0x00, 
	
	0x48, 0x83, 0xff, 0x04, 
	0x0f, 0x8c, 0x57, 0x00, 0x00, 0x00, 
	
	0x41, 0x8b, 0x0a, 
	0x89, 0x0e, 
	0x49, 0x83, 0xc2, 0x04, 
	0x48, 0x83, 0xc6, 0x04, 
	0x48, 0x83, 0xc7, 0xfc, 
	0x48, 0x83, 0xff, 0x02, 
	0x0f, 0x83, 0x46, 0x00, 0x00, 0x00, 
	
	0x4c, 0x89, 0xd3, 
	0x4c, 0x8d, 0x54, 0x24, 0x40, 
	0x48, 0x85, 0xff, 
	0x0f, 0x85, 0x59, 0x00, 0x00, 0x00, 
	0xe9, 0xff, 0xfd, 0xff, 0xff, 
	
	0x48, 0x83, 0xff, 0x08, 
	0x0f, 0x82, 0xbb, 0xff, 0xff, 0xff, 
	
	0x49, 0x8b, 0x0a, 
	0x48, 0x89, 0x0e, 
	0x49, 0x83, 0xc2, 0x08, 
	0x48, 0x83, 0xc6, 0x08, 
	0x48, 0x83, 0xc7, 0xf8, 
	0x48, 0x83, 0xff, 0x04, 
	0x0f, 0x8d, 0xa9, 0xff, 0xff, 0xff, 
	
	0x48, 0x83, 0xff, 0x02, 
	0x0f, 0x82, 0xba, 0xff, 0xff, 0xff, 
	
	0x41, 0x0f, 0xb7, 0x0a, 
	0x66, 0x89, 0x0e, 
	0x49, 0x83, 0xc2, 0x02, 
	0x48, 0x83, 0xc6, 0x02, 
	0x48, 0x83, 0xc7, 0xfe, 
	0x4c, 0x89, 0xd3, 
	0x4c, 0x8d, 0x54, 0x24, 0x40, 
	0x48, 0x85, 0xff, 
	0x0f, 0x84, 0xab, 0xfd, 0xff, 0xff, 
	
	0x8a, 0x0b, 
	0x88, 0x0e, 
	0x4c, 0x8d, 0x54, 0x24, 0x40, 
	0xe9, 0x9d, 0xfd, 0xff, 0xff, 
	
	0x49, 0x8b, 0x48, 0x08, 
	0x48, 0x0f, 0xbc, 0xd3, 
	0x4c, 0x29, 0xf2, 
	0x48, 0x01, 0xd1, 
	0x48, 0x83, 0xc1, 0x01, 
	0x4c, 0x8b, 0x5c, 0x24, 0x08, 
	0x49, 0x89, 0x0b, 
	0x49, 0x8b, 0x50, 0x08, 
	0x48, 0x39, 0xd1, 
	0x48, 0x0f, 0x47, 0xca, 
	0x49, 0x89, 0x0b, 
	0x48, 0xc7, 0xc1, 0xff, 0xff, 0xff, 0xff, 
	0x48, 0x0f, 0x47, 0xc1, 
	0x49, 0x89, 0xc7, 
	0xe9, 0x42, 0x00, 0x00, 0x00, 
	
	0x41, 0x0f, 0xbc, 0xcb, 
	0x48, 0x01, 0xc1, 
	0x4c, 0x01, 0xf1, 
	0x48, 0x83, 0xc1, 0x02, 
	0x49, 0x89, 0x4d, 0x00, 
	0x49, 0x89, 0xc7, 
	0xe9, 0x28, 0x00, 0x00, 0x00, 
	
	0x48, 0xc7, 0xc1, 0xff, 0xff, 0xff, 0xff, 
	0xe9, 0x03, 0x00, 0x00, 0x00, 
	
	0x4c, 0x89, 0xc1, 
	
	0x48, 0x8b, 0x54, 0x24, 0x08, 
	0x48, 0x8b, 0x02, 
	0x48, 0x29, 0xc8, 
	0x48, 0x83, 0xc0, 0xfe, 
	0x48, 0x89, 0x02, 
	
	0x49, 0xc7, 0xc7, 0xfe, 0xff, 0xff, 0xff, 
	
	0x4c, 0x89, 0xf8, 
	0x48, 0x8d, 0x65, 0xd8, 
	0x5b, 
	0x41, 0x5c, 
	0x41, 0x5d, 
	0x41, 0x5e, 
	0x41, 0x5f, 
	0x5d, 
	0xc5, 0xf8, 0x77, 
	0xc3, 
	
	0x48, 0xc7, 0xc1, 0xfe, 0xff, 0xff, 0xff, 
	0xbf, 0x02, 0x00, 0x00, 0x00, 
	0x48, 0x01, 0xfa, 
	0x49, 0x01, 0xce, 
	0x0f, 0x8e, 0xd3, 0xff, 0xff, 0xff, 
	
	0x0f, 0xb6, 0x0a, 
	0x80, 0xf9, 0x5c, 
	0x0f, 0x84, 0xdc, 0xff, 0xff, 0xff, 
	0x80, 0xf9, 0x22, 
	0x0f, 0x84, 0x96, 0x01, 0x00, 0x00, 
	0x48, 0xc7, 0xc1, 0xff, 0xff, 0xff, 0xff, 
	0xbf, 0x01, 0x00, 0x00, 0x00, 
	0x48, 0x01, 0xfa, 
	0x49, 0x01, 0xce, 
	0x0f, 0x8f, 0xd3, 0xff, 0xff, 0xff, 
	0xe9, 0xa1, 0xff, 0xff, 0xff, 
	
	0x48, 0x8b, 0x14, 0x24, 
	0x48, 0x83, 0xfa, 0xff, 
	0x0f, 0x85, 0x07, 0x00, 0x00, 0x00, 
	0x48, 0x0f, 0xbc, 0xd6, 
	
	0x4c, 0x01, 0xfa, 
	
	0x49, 0xc7, 0xc7, 0xfe, 0xff, 0xff, 0xff, 
	0x4c, 0x8b, 0x5c, 0x24, 0x08, 
	0x49, 0x89, 0x13, 
	0xe9, 0x78, 0xff, 0xff, 0xff, 
	
	0x66, 0x0f, 0xbc, 0xc9, 
	0x0f, 0xb7, 0xc9, 
	0x48, 0x29, 0xf9, 
	0xe9, 0xe3, 0xd0, 0xff, 0xff, 
	
	0x48, 0xc7, 0xc1, 0xff, 0xff, 0xff, 0xff, 
	0xe9, 0x02, 0x01, 0x00, 0x00, 
	
	0x49, 0xc7, 0xc7, 0xfe, 0xff, 0xff, 0xff, 
	0x80, 0xfa, 0x61, 
	0x0f, 0x85, 0x4d, 0xff, 0xff, 0xff, 
	0x48, 0x8d, 0x41, 0x01, 
	0x49, 0x89, 0x03, 
	0x41, 0x80, 0x7c, 0x08, 0x01, 0x6c, 
	0x0f, 0x85, 0x3a, 0xff, 0xff, 0xff, 
	0x48, 0x8d, 0x41, 0x02, 
	0x49, 0x89, 0x03, 
	0x41, 0x80, 0x7c, 0x08, 0x02, 0x73, 
	0x0f, 0x85, 0x27, 0xff, 0xff, 0xff, 
	0x48, 0x8d, 0x41, 0x03, 
	0x49, 0x89, 0x03, 
	0x41, 0x80, 0x7c, 0x08, 0x03, 0x65, 
	0x0f, 0x85, 0x14, 0xff, 0xff, 0xff, 
	0x48, 0x83, 0xc1, 0x04, 
	0x49, 0x89, 0x0b, 
	0xe9, 0x08, 0xff, 0xff, 0xff, 
	
	0x4d, 0x89, 0x3b, 
	0x43, 0x80, 0x3c, 0x38, 0x6e, 
	0x0f, 0x85, 0xf3, 0xfe, 0xff, 0xff, 
	0x49, 0x89, 0x0b, 
	0x41, 0x80, 0x3c, 0x08, 0x75, 
	0x0f, 0x85, 0xe5, 0xfe, 0xff, 0xff, 
	0x48, 0x8d, 0x41, 0x01, 
	0x49, 0x89, 0x03, 
	0x41, 0x80, 0x7c, 0x08, 0x01, 0x6c, 
	0x0f, 0x85, 0xd2, 0xfe, 0xff, 0xff, 
	0x48, 0x8d, 0x41, 0x02, 
	0x49, 0x89, 0x03, 
	0x41, 0x80, 0x7c, 0x08, 0x02, 0x6c, 
	0x0f, 0x85, 0xbf, 0xfe, 0xff, 0xff, 
	0xe9, 0x42, 0x00, 0x00, 0x00, 
	
	0x4d, 0x89, 0x3b, 
	0x43, 0x80, 0x3c, 0x38, 0x74, 
	0x0f, 0x85, 0xac, 0xfe, 0xff, 0xff, 
	0x49, 0x89, 0x0b, 
	0x41, 0x80, 0x3c, 0x08, 0x72, 
	0x0f, 0x85, 0x9e, 0xfe, 0xff, 0xff, 
	0x48, 0x8d, 0x41, 0x01, 
	0x49, 0x89, 0x03, 
	0x41, 0x80, 0x7c, 0x08, 0x01, 0x75, 
	0x0f, 0x85, 0x8b, 0xfe, 0xff, 0xff, 
	0x48, 0x8d, 0x41, 0x02, 
	0x49, 0x89, 0x03, 
	0x41, 0x80, 0x7c, 0x08, 0x02, 0x65, 
	0x0f, 0x85, 0x78, 0xfe, 0xff, 0xff, 
	
	0x48, 0x83, 0xc1, 0x03, 
	0x49, 0x89, 0x0b, 
	0xe9, 0x6c, 0xfe, 0xff, 0xff, 
	
	0x48, 0x83, 0xc1, 0xff, 
	0x49, 0x89, 0xcf, 
	0xe9, 0x67, 0xfe, 0xff, 0xff, 
	
	0x49, 0x83, 0xc7, 0xff, 
	0xe9, 0x5e, 0xfe, 0xff, 0xff, 
	
	0x4c, 0x89, 0xe1, 
	
	0x48, 0xf7, 0xd1, 
	0x48, 0x8b, 0x44, 0x24, 0x08, 
	0x48, 0x01, 0x08, 
	0xe9, 0x44, 0xfe, 0xff, 0xff, 
	
	0x4c, 0x29, 0xd0, 
	0x48, 0x01, 0xf0, 
	0x49, 0xc7, 0xc7, 0xff, 0xff, 0xff, 0xff, 
	0x48, 0x39, 0xd0, 
	0x0f, 0x82, 0x5b, 0xce, 0xff, 0xff, 
	0xe9, 0x30, 0xfe, 0xff, 0xff, 
	
	0x4d, 0x89, 0xc4, 
	0xe9, 0x12, 0xf7, 0xff, 0xff, 
	
	0x4c, 0x29, 0xd2, 
	0x48, 0x83, 0xc2, 0x01, 
	0x49, 0x89, 0x55, 0x00, 
	0x49, 0x89, 0xc7, 
	0xe9, 0x15, 0xfe, 0xff, 0xff, 
	
	0x4c, 0x01, 0xfa, 
	0x49, 0xc7, 0xc7, 0xfe, 0xff, 0xff, 0xff, 
	0x49, 0x89, 0x13, 
	0xe9, 0x03, 0xfe, 0xff, 0xff, 
	
	0x4c, 0x01, 0xd0, 
	0x48, 0x85, 0xff, 
	0x0f, 0x85, 0xa7, 0xcd, 0xff, 0xff, 
	0xe9, 0xd9, 0xcd, 0xff, 0xff, 
	
	0x4c, 0x01, 0xd2, 
	0x48, 0x83, 0xfe, 0x10, 
	0x0f, 0x83, 0xbf, 0xce, 0xff, 0xff, 
	0xe9, 0x0e, 0xcf, 0xff, 0xff, 
	
	0x4c, 0x29, 0xd2, 
	0x48, 0x01, 0xfa, 
	
	0x49, 0x89, 0x13, 
	0x49, 0x89, 0xc7, 
	0xe9, 0xcf, 0xfd, 0xff, 0xff, 
	
	0x4c, 0x01, 0xd2, 
	0xe9, 0xba, 0xf7, 0xff, 0xff, 
	
	0x49, 0x8b, 0x45, 0x08, 
	0x48, 0x8b, 0x4c, 0x24, 0x08, 
	0x48, 0x89, 0x01, 
	0xe9, 0xb6, 0xfd, 0xff, 0xff, 
	
	0x89, 0xf9, 
	0x4c, 0x2b, 0x7c, 0x24, 0x10, 
	0x49, 0x01, 0xcf, 
	0x4c, 0x89, 0xfa, 
	0xe9, 0x18, 0xfe, 0xff, 0xff, 
	
	0x4c, 0x2b, 0x7c, 0x24, 0x10, 
	0x89, 0xfa, 
	0xe9, 0x09, 0xfe, 0xff, 0xff, 
	
	0x4c, 0x2b, 0x7c, 0x24, 0x10, 
	0x4c, 0x89, 0xfa, 
	0x49, 0xc7, 0xc7, 0xfe, 0xff, 0xff, 0xff, 
	0x49, 0x89, 0x13, 
	0xe9, 0x81, 0xfd, 0xff, 0xff, 
	
	0x89, 0xf8, 
	0x4c, 0x2b, 0x7c, 0x24, 0x10, 
	0x49, 0x01, 0xc7, 
	0x4c, 0x89, 0xfa, 
	0xe9, 0xe3, 0xfd, 0xff, 0xff, 
	
	0x49, 0x8d, 0x48, 0xff, 
	0x4c, 0x39, 0xf1, 
	0x0f, 0x84, 0x62, 0xfd, 0xff, 0xff, 
	0x4b, 0x8d, 0x14, 0x0e, 
	0x48, 0x83, 0xc2, 0x02, 
	0x4d, 0x29, 0xf0, 
	0x49, 0x83, 0xc0, 0xfe, 
	0x4d, 0x89, 0xc6, 
	0xe9, 0x3e, 0xf7, 0xff, 0xff, 
	
	0x4c, 0x2b, 0x7c, 0x24, 0x10, 
	0x4c, 0x89, 0xfa, 
	0xe9, 0xb2, 0xfd, 0xff, 0xff, 
	0x90, 0x90, 
	
	
	
	
	
	
	
	
	
	0x3c, 0xfd, 0xff, 0xff, 
	0x44, 0xf6, 0xff, 0xff, 
	0x44, 0xf6, 0xff, 0xff, 
	0x44, 0xf6, 0xff, 0xff, 
	0x44, 0xf6, 0xff, 0xff, 
	0x44, 0xf6, 0xff, 0xff, 
	0x44, 0xf6, 0xff, 0xff, 
	0x44, 0xf6, 0xff, 0xff, 
	0x44, 0xf6, 0xff, 0xff, 
	0x44, 0xf6, 0xff, 0xff, 
	0x44, 0xf6, 0xff, 0xff, 
	0x44, 0xf6, 0xff, 0xff, 
	0x44, 0xf6, 0xff, 0xff, 
	0x44, 0xf6, 0xff, 0xff, 
	0x44, 0xf6, 0xff, 0xff, 
	0x44, 0xf6, 0xff, 0xff, 
	0x44, 0xf6, 0xff, 0xff, 
	0x44, 0xf6, 0xff, 0xff, 
	0x44, 0xf6, 0xff, 0xff, 
	0x44, 0xf6, 0xff, 0xff, 
	0x44, 0xf6, 0xff, 0xff, 
	0x44, 0xf6, 0xff, 0xff, 
	0x44, 0xf6, 0xff, 0xff, 
	0x44, 0xf6, 0xff, 0xff, 
	0x44, 0xf6, 0xff, 0xff, 
	0x44, 0xf6, 0xff, 0xff, 
	0x44, 0xf6, 0xff, 0xff, 
	0x44, 0xf6, 0xff, 0xff, 
	0x44, 0xf6, 0xff, 0xff, 
	0x44, 0xf6, 0xff, 0xff, 
	0x44, 0xf6, 0xff, 0xff, 
	0x44, 0xf6, 0xff, 0xff, 
	0x44, 0xf6, 0xff, 0xff, 
	0x44, 0xf6, 0xff, 0xff, 
	0x4c, 0xf6, 0xff, 0xff, 
	0x44, 0xf6, 0xff, 0xff, 
	0x44, 0xf6, 0xff, 0xff, 
	0x44, 0xf6, 0xff, 0xff, 
	0x44, 0xf6, 0xff, 0xff, 
	0x44, 0xf6, 0xff, 0xff, 
	0x44, 0xf6, 0xff, 0xff, 
	0x44, 0xf6, 0xff, 0xff, 
	0x44, 0xf6, 0xff, 0xff, 
	0x44, 0xf6, 0xff, 0xff, 
	0x44, 0xf6, 0xff, 0xff, 
	0x8e, 0xcd, 0xff, 0xff, 
	0x44, 0xf6, 0xff, 0xff, 
	0x44, 0xf6, 0xff, 0xff, 
	0x8e, 0xcd, 0xff, 0xff, 
	0x8e, 0xcd, 0xff, 0xff, 
	0x8e, 0xcd, 0xff, 0xff, 
	0x8e, 0xcd, 0xff, 0xff, 
	0x8e, 0xcd, 0xff, 0xff, 
	0x8e, 0xcd, 0xff, 0xff, 
	0x8e, 0xcd, 0xff, 0xff, 
	0x8e, 0xcd, 0xff, 0xff, 
	0x8e, 0xcd, 0xff, 0xff, 
	0x8e, 0xcd, 0xff, 0xff, 
	0x44, 0xf6, 0xff, 0xff, 
	0x44, 0xf6, 0xff, 0xff, 
	0x44, 0xf6, 0xff, 0xff, 
	0x44, 0xf6, 0xff, 0xff, 
	0x44, 0xf6, 0xff, 0xff, 
	0x44, 0xf6, 0xff, 0xff, 
	0x44, 0xf6, 0xff, 0xff, 
	0x44, 0xf6, 0xff, 0xff, 
	0x44, 0xf6, 0xff, 0xff, 
	0x44, 0xf6, 0xff, 0xff, 
	0x44, 0xf6, 0xff, 0xff, 
	0x44, 0xf6, 0xff, 0xff, 
	0x44, 0xf6, 0xff, 0xff, 
	0x44, 0xf6, 0xff, 0xff, 
	0x44, 0xf6, 0xff, 0xff, 
	0x44, 0xf6, 0xff, 0xff, 
	0x44, 0xf6, 0xff, 0xff, 
	0x44, 0xf6, 0xff, 0xff, 
	0x44, 0xf6, 0xff, 0xff, 
	0x44, 0xf6, 0xff, 0xff, 
	0x44, 0xf6, 0xff, 0xff, 
	0x44, 0xf6, 0xff, 0xff, 
	0x44, 0xf6, 0xff, 0xff, 
	0x44, 0xf6, 0xff, 0xff, 
	0x44, 0xf6, 0xff, 0xff, 
	0x44, 0xf6, 0xff, 0xff, 
	0x44, 0xf6, 0xff, 0xff, 
	0x44, 0xf6, 0xff, 0xff, 
	0x44, 0xf6, 0xff, 0xff, 
	0x44, 0xf6, 0xff, 0xff, 
	0x44, 0xf6, 0xff, 0xff, 
	0x44, 0xf6, 0xff, 0xff, 
	0x44, 0xf6, 0xff, 0xff, 
	0x0f, 0xfa, 0xff, 0xff, 
	0x44, 0xf6, 0xff, 0xff, 
	0x44, 0xf6, 0xff, 0xff, 
	0x44, 0xf6, 0xff, 0xff, 
	0x44, 0xf6, 0xff, 0xff, 
	0x44, 0xf6, 0xff, 0xff, 
	0x44, 0xf6, 0xff, 0xff, 
	0x44, 0xf6, 0xff, 0xff, 
	0x44, 0xf6, 0xff, 0xff, 
	0x44, 0xf6, 0xff, 0xff, 
	0x44, 0xf6, 0xff, 0xff, 
	0x44, 0xf7, 0xff, 0xff, 
	0x44, 0xf6, 0xff, 0xff, 
	0x44, 0xf6, 0xff, 0xff, 
	0x44, 0xf6, 0xff, 0xff, 
	0x44, 0xf6, 0xff, 0xff, 
	0x44, 0xf6, 0xff, 0xff, 
	0x44, 0xf6, 0xff, 0xff, 
	0x44, 0xf6, 0xff, 0xff, 
	0xf9, 0xf5, 0xff, 0xff, 
	0x44, 0xf6, 0xff, 0xff, 
	0x44, 0xf6, 0xff, 0xff, 
	0x44, 0xf6, 0xff, 0xff, 
	0x44, 0xf6, 0xff, 0xff, 
	0x44, 0xf6, 0xff, 0xff, 
	0xf9, 0xf5, 0xff, 0xff, 
	0x44, 0xf6, 0xff, 0xff, 
	0x44, 0xf6, 0xff, 0xff, 
	0x44, 0xf6, 0xff, 0xff, 
	0x44, 0xf6, 0xff, 0xff, 
	0x44, 0xf6, 0xff, 0xff, 
	0x44, 0xf6, 0xff, 0xff, 
	0x57, 0xf7, 0xff, 0xff, 
	
	
	
	
	
	
	
	0x90, 0xcf, 0xff, 0xff, 
	0x40, 0xd1, 0xff, 0xff, 
	0xc7, 0xcf, 0xff, 0xff, 
	0x29, 0xd1, 0xff, 0xff, 
	0xa7, 0xcf, 0xff, 0xff, 
	0xc2, 0xd5, 0xff, 0xff, 
	
	
	
	
	
	
	
	
	
	
	
	0x34, 0xfb, 0xff, 0xff, 
	0x2d, 0xfb, 0xff, 0xff, 
	0x2d, 0xfb, 0xff, 0xff, 
	0x2d, 0xfb, 0xff, 0xff, 
	0x2d, 0xfb, 0xff, 0xff, 
	0x2d, 0xfb, 0xff, 0xff, 
	0x2d, 0xfb, 0xff, 0xff, 
	0x2d, 0xfb, 0xff, 0xff, 
	0x2d, 0xfb, 0xff, 0xff, 
	0x2d, 0xfb, 0xff, 0xff, 
	0x2d, 0xfb, 0xff, 0xff, 
	0x2d, 0xfb, 0xff, 0xff, 
	0x2d, 0xfb, 0xff, 0xff, 
	0x2d, 0xfb, 0xff, 0xff, 
	0x2d, 0xfb, 0xff, 0xff, 
	0x2d, 0xfb, 0xff, 0xff, 
	0x2d, 0xfb, 0xff, 0xff, 
	0x2d, 0xfb, 0xff, 0xff, 
	0x2d, 0xfb, 0xff, 0xff, 
	0x2d, 0xfb, 0xff, 0xff, 
	0x2d, 0xfb, 0xff, 0xff, 
	0x2d, 0xfb, 0xff, 0xff, 
	0x2d, 0xfb, 0xff, 0xff, 
	0x2d, 0xfb, 0xff, 0xff, 
	0x2d, 0xfb, 0xff, 0xff, 
	0x2d, 0xfb, 0xff, 0xff, 
	0x2d, 0xfb, 0xff, 0xff, 
	0x2d, 0xfb, 0xff, 0xff, 
	0x2d, 0xfb, 0xff, 0xff, 
	0x2d, 0xfb, 0xff, 0xff, 
	0x2d, 0xfb, 0xff, 0xff, 
	0x2d, 0xfb, 0xff, 0xff, 
	0x2d, 0xfb, 0xff, 0xff, 
	0x2d, 0xfb, 0xff, 0xff, 
	0xcd, 0xdb, 0xff, 0xff, 
	0x2d, 0xfb, 0xff, 0xff, 
	0x2d, 0xfb, 0xff, 0xff, 
	0x2d, 0xfb, 0xff, 0xff, 
	0x2d, 0xfb, 0xff, 0xff, 
	0x2d, 0xfb, 0xff, 0xff, 
	0x2d, 0xfb, 0xff, 0xff, 
	0x2d, 0xfb, 0xff, 0xff, 
	0x2d, 0xfb, 0xff, 0xff, 
	0x2d, 0xfb, 0xff, 0xff, 
	0x2d, 0xfb, 0xff, 0xff, 
	0x21, 0xdd, 0xff, 0xff, 
	0x2d, 0xfb, 0xff, 0xff, 
	0x2d, 0xfb, 0xff, 0xff, 
	0x71, 0xd1, 0xff, 0xff, 
	0x71, 0xd1, 0xff, 0xff, 
	0x71, 0xd1, 0xff, 0xff, 
	0x71, 0xd1, 0xff, 0xff, 
	0x71, 0xd1, 0xff, 0xff, 
	0x71, 0xd1, 0xff, 0xff, 
	0x71, 0xd1, 0xff, 0xff, 
	0x71, 0xd1, 0xff, 0xff, 
	0x71, 0xd1, 0xff, 0xff, 
	0x71, 0xd1, 0xff, 0xff, 
	0x2d, 0xfb, 0xff, 0xff, 
	0x2d, 0xfb, 0xff, 0xff, 
	0x2d, 0xfb, 0xff, 0xff, 
	0x2d, 0xfb, 0xff, 0xff, 
	0x2d, 0xfb, 0xff, 0xff, 
	0x2d, 0xfb, 0xff, 0xff, 
	0x2d, 0xfb, 0xff, 0xff, 
	0x2d, 0xfb, 0xff, 0xff, 
	0x2d, 0xfb, 0xff, 0xff, 
	0x2d, 0xfb, 0xff, 0xff, 
	0x2d, 0xfb, 0xff, 0xff, 
	0x2d, 0xfb, 0xff, 0xff, 
	0x2d, 0xfb, 0xff, 0xff, 
	0x2d, 0xfb, 0xff, 0xff, 
	0x2d, 0xfb, 0xff, 0xff, 
	0x2d, 0xfb, 0xff, 0xff, 
	0x2d, 0xfb, 0xff, 0xff, 
	0x2d, 0xfb, 0xff, 0xff, 
	0x2d, 0xfb, 0xff, 0xff, 
	0x2d, 0xfb, 0xff, 0xff, 
	0x2d, 0xfb, 0xff, 0xff, 
	0x2d, 0xfb, 0xff, 0xff, 
	0x2d, 0xfb, 0xff, 0xff, 
	0x2d, 0xfb, 0xff, 0xff, 
	0x2d, 0xfb, 0xff, 0xff, 
	0x2d, 0xfb, 0xff, 0xff, 
	0x2d, 0xfb, 0xff, 0xff, 
	0x2d, 0xfb, 0xff, 0xff, 
	0x2d, 0xfb, 0xff, 0xff, 
	0x2d, 0xfb, 0xff, 0xff, 
	0x2d, 0xfb, 0xff, 0xff, 
	0x2d, 0xfb, 0xff, 0xff, 
	0x2d, 0xfb, 0xff, 0xff, 
	0x5b, 0xdd, 0xff, 0xff, 
	0x2d, 0xfb, 0xff, 0xff, 
	0x2d, 0xfb, 0xff, 0xff, 
	0x2d, 0xfb, 0xff, 0xff, 
	0x2d, 0xfb, 0xff, 0xff, 
	0x2d, 0xfb, 0xff, 0xff, 
	0x2d, 0xfb, 0xff, 0xff, 
	0x2d, 0xfb, 0xff, 0xff, 
	0x2d, 0xfb, 0xff, 0xff, 
	0x2d, 0xfb, 0xff, 0xff, 
	0x2d, 0xfb, 0xff, 0xff, 
	0x80, 0xdd, 0xff, 0xff, 
	0x2d, 0xfb, 0xff, 0xff, 
	0x2d, 0xfb, 0xff, 0xff, 
	0x2d, 0xfb, 0xff, 0xff, 
	0x2d, 0xfb, 0xff, 0xff, 
	0x2d, 0xfb, 0xff, 0xff, 
	0x2d, 0xfb, 0xff, 0xff, 
	0x2d, 0xfb, 0xff, 0xff, 
	0xb9, 0xdd, 0xff, 0xff, 
	0x2d, 0xfb, 0xff, 0xff, 
	0x2d, 0xfb, 0xff, 0xff, 
	0x2d, 0xfb, 0xff, 0xff, 
	0x2d, 0xfb, 0xff, 0xff, 
	0x2d, 0xfb, 0xff, 0xff, 
	0x0a, 0xde, 0xff, 0xff, 
	0x2d, 0xfb, 0xff, 0xff, 
	0x2d, 0xfb, 0xff, 0xff, 
	0x2d, 0xfb, 0xff, 0xff, 
	0x2d, 0xfb, 0xff, 0xff, 
	0x2d, 0xfb, 0xff, 0xff, 
	0x2d, 0xfb, 0xff, 0xff, 
	0xe5, 0xdd, 0xff, 0xff, 
	
	
	
	
	
	0xe6, 0xe0, 0xff, 0xff, 
	0xae, 0xe1, 0xff, 0xff, 
	0xe6, 0xe0, 0xff, 0xff, 
	0x8a, 0xe0, 0xff, 0xff, 
	0xae, 0xe1, 0xff, 0xff, 
	0xae, 0xe1, 0xff, 0xff, 
	0xae, 0xe1, 0xff, 0xff, 
	0xae, 0xe1, 0xff, 0xff, 
	0xae, 0xe1, 0xff, 0xff, 
	0xae, 0xe1, 0xff, 0xff, 
	0xae, 0xe1, 0xff, 0xff, 
	0xae, 0xe1, 0xff, 0xff, 
	0xae, 0xe1, 0xff, 0xff, 
	0xae, 0xe1, 0xff, 0xff, 
	0xae, 0xe1, 0xff, 0xff, 
	0xae, 0xe1, 0xff, 0xff, 
	0xae, 0xe1, 0xff, 0xff, 
	0xae, 0xe1, 0xff, 0xff, 
	0xae, 0xe1, 0xff, 0xff, 
	0xae, 0xe1, 0xff, 0xff, 
	0xae, 0xe1, 0xff, 0xff, 
	0xae, 0xe1, 0xff, 0xff, 
	0xae, 0xe1, 0xff, 0xff, 
	0xae, 0xe1, 0xff, 0xff, 
	0xae, 0xe1, 0xff, 0xff, 
	0xae, 0xe1, 0xff, 0xff, 
	0x02, 0xe1, 0xff, 0xff, 
	
	
	
	
	
	0xcc, 0xd2, 0xff, 0xff, 
	0x31, 0xd8, 0xff, 0xff, 
	0xcc, 0xd2, 0xff, 0xff, 
	0x1a, 0xd3, 0xff, 0xff, 
	0x31, 0xd8, 0xff, 0xff, 
	0x31, 0xd8, 0xff, 0xff, 
	0x31, 0xd8, 0xff, 0xff, 
	0x31, 0xd8, 0xff, 0xff, 
	0x31, 0xd8, 0xff, 0xff, 
	0x31, 0xd8, 0xff, 0xff, 
	0x31, 0xd8, 0xff, 0xff, 
	0x31, 0xd8, 0xff, 0xff, 
	0x31, 0xd8, 0xff, 0xff, 
	0x31, 0xd8, 0xff, 0xff, 
	0x31, 0xd8, 0xff, 0xff, 
	0x31, 0xd8, 0xff, 0xff, 
	0x31, 0xd8, 0xff, 0xff, 
	0x31, 0xd8, 0xff, 0xff, 
	0x31, 0xd8, 0xff, 0xff, 
	0x31, 0xd8, 0xff, 0xff, 
	0x31, 0xd8, 0xff, 0xff, 
	0x31, 0xd8, 0xff, 0xff, 
	0x31, 0xd8, 0xff, 0xff, 
	0x31, 0xd8, 0xff, 0xff, 
	0x31, 0xd8, 0xff, 0xff, 
	0x31, 0xd8, 0xff, 0xff, 
	0x3b, 0xd3, 0xff, 0xff, 
	
	
	0x02, 0x00, 0x00, 0x00, 
}
 
